channel,start_time,stop_time,label,confidence
TERM,1,354,0,0.7208476233445691
TERM,355,501,0,0.7208476233445691
TERM,502,662,0,0.7208476233445691
TERM,663,680,0,0.7208476233445691
TERM,681,1077,0,0.7208476233445691
TERM,1078,1410,0,0.7208476233445691
TERM,1411,1470,0,0.7208476233445691
TERM,1471,1697,0,0.7208476233445691
TERM,1698,1999,0,0.7208476233445691
TERM,2000,2327,0,0.7208476233445691
TERM,2328,2461,0,0.7208476233445691
TERM,2462,2910,0,0.7208476233445691
TERM,2911,3270,0,0.7208476233445691
TERM,3271,3368,0,0.7208476233445691
TERM,3369,3533,0,0.7208476233445691
TERM,3534,3963,0,0.7208476233445691
TERM,3964,4225,0,0.7208476233445691
TERM,4226,4588,0,0.7208476233445691
TERM,4589,4741,0,0.7208476233445691
TERM,4742,4904,0,0.7208476233445691
TERM,4905,5231,0,0.7208476233445691
TERM,5232,5731,0,0.7208476233445691
TERM,5732,6043,0,0.7208476233445691
TERM,6044,6442,0,0.7208476233445691
TERM,6443,6711,0,0.7208476233445691
TERM,6712,6977,0,0.7208476233445691
TERM,6978,7136,0,0.7208476233445691
TERM,7137,7230,0,0.7208476233445691
TERM,7231,7559,0,0.7208476233445691
TERM,7560,8032,0,0.7208476233445691
TERM,8033,8140,0,0.7208476233445691
TERM,8141,8258,0,0.7208476233445691
TERM,8259,8520,0,0.7208476233445691
TERM,8521,9004,0,0.7208476233445691
TERM,9005,9220,0,0.7208476233445691
TERM,9221,9479,0,0.7208476233445691
TERM,9480,9644,0,0.7208476233445691
TERM,9645,10050,0,0.7208476233445691
TERM,10051,10138,0,0.7208476233445691
TERM,10139,10326,0,0.7208476233445691
TERM,10327,10730,0,0.7208476233445691
TERM,10731,10752,0,0.7208476233445691
TERM,10753,11227,0,0.7208476233445691
TERM,11228,11482,0,0.7208476233445691
TERM,11483,11815,0,0.7208476233445691
TERM,11816,12148,0,0.7208476233445691
TERM,12149,12260,0,0.7208476233445691
TERM,12261,12406,0,0.7208476233445691
TERM,12407,12717,0,0.7208476233445691
TERM,12718,12854,0,0.7208476233445691
TERM,12855,13309,0,0.7208476233445691
TERM,13310,13696,0,0.7208476233445691
TERM,13697,13981,0,0.7208476233445691
TERM,13982,14000,0,0.7208476233445691
TERM,14001,14477,0,0.7208476233445691
TERM,14478,14949,0,0.7208476233445691
TERM,14950,15372,0,0.7208476233445691
TERM,15373,15805,0,0.7208476233445691
TERM,15806,16094,0,0.7208476233445691
TERM,16095,16176,0,0.7208476233445691
TERM,16177,16257,0,0.7208476233445691
TERM,16258,16663,0,0.7208476233445691
TERM,16664,17037,0,0.7208476233445691
TERM,17038,17093,0,0.7208476233445691
