channel,start_time,stop_time,label,confidence
TERM,1,268,0,0.4786532921632601
TERM,269,401,0,0.4786532921632601
TERM,402,812,0,0.4786532921632601
TERM,813,1085,0,0.4786532921632601
TERM,1086,1462,0,0.4786532921632601
TERM,1463,1877,0,0.4786532921632601
TERM,1878,2144,0,0.4786532921632601
TERM,2145,2568,0,0.4786532921632601
TERM,2569,3039,0,0.4786532921632601
TERM,3040,3502,0,0.4786532921632601
TERM,3503,3653,0,0.4786532921632601
TERM,3654,3830,0,0.4786532921632601
TERM,3831,4092,0,0.4786532921632601
TERM,4093,4227,0,0.4786532921632601
TERM,4228,4587,0,0.4786532921632601
TERM,4588,4717,0,0.4786532921632601
TERM,4718,5004,0,0.4786532921632601
TERM,5005,5384,0,0.4786532921632601
TERM,5385,5532,0,0.4786532921632601
TERM,5533,5746,0,0.4786532921632601
TERM,5747,6184,0,0.4786532921632601
TERM,6185,6603,0,0.4786532921632601
TERM,6604,7023,0,0.4786532921632601
TERM,7024,7451,0,0.4786532921632601
TERM,7452,7546,0,0.4786532921632601
TERM,7547,8027,0,0.4786532921632601
TERM,8028,8520,0,0.4786532921632601
TERM,8521,8708,0,0.4786532921632601
TERM,8709,8928,0,0.4786532921632601
TERM,8929,9348,0,0.4786532921632601
TERM,9349,9783,0,0.4786532921632601
TERM,9784,9928,0,0.4786532921632601
TERM,9929,10289,0,0.4786532921632601
TERM,10290,10777,0,0.4786532921632601
TERM,10778,11240,0,0.4786532921632601
TERM,11241,11571,0,0.4786532921632601
TERM,11572,12052,0,0.4786532921632601
TERM,12053,12069,0,0.4786532921632601
TERM,12070,12555,0,0.4786532921632601
TERM,12556,12666,0,0.4786532921632601
TERM,12667,12893,0,0.4786532921632601
TERM,12894,13388,0,0.4786532921632601
TERM,13389,13738,0,0.4786532921632601
TERM,13739,14085,0,0.4786532921632601
TERM,14086,14448,0,0.4786532921632601
TERM,14449,14656,0,0.4786532921632601
TERM,14657,15055,0,0.4786532921632601
TERM,15056,15076,0,0.4786532921632601
TERM,15077,15513,0,0.4786532921632601
TERM,15514,15988,0,0.4786532921632601
TERM,15989,16175,0,0.4786532921632601
TERM,16176,16436,0,0.4786532921632601
TERM,16437,16668,0,0.4786532921632601
TERM,16669,16880,0,0.4786532921632601
TERM,16881,17081,0,0.4786532921632601
TERM,17082,17415,0,0.4786532921632601
TERM,17416,17650,0,0.4786532921632601
TERM,17651,17690,0,0.4786532921632601
TERM,17691,17713,0,0.4786532921632601
TERM,17714,17977,0,0.4786532921632601
TERM,17978,18246,0,0.4786532921632601
TERM,18247,18420,0,0.4786532921632601
TERM,18421,18444,0,0.4786532921632601
TERM,18445,18930,0,0.4786532921632601
TERM,18931,19380,0,0.4786532921632601
TERM,19381,19623,0,0.4786532921632601
