channel,start_time,stop_time,label,confidence
TERM,1,92,0,0.5268192647425829
TERM,93,488,0,0.5268192647425829
TERM,489,838,0,0.5268192647425829
TERM,839,1259,0,0.5268192647425829
TERM,1260,1351,0,0.5268192647425829
TERM,1352,1590,0,0.5268192647425829
TERM,1591,1691,0,0.5268192647425829
TERM,1692,2018,0,0.5268192647425829
TERM,2019,2318,0,0.5268192647425829
TERM,2319,2567,0,0.5268192647425829
TERM,2568,2678,0,0.5268192647425829
TERM,2679,2810,0,0.5268192647425829
TERM,2811,2999,0,0.5268192647425829
TERM,3000,3091,0,0.5268192647425829
TERM,3092,3382,0,0.5268192647425829
TERM,3383,3460,0,0.5268192647425829
TERM,3461,3528,0,0.5268192647425829
TERM,3529,3561,0,0.5268192647425829
TERM,3562,3726,0,0.5268192647425829
TERM,3727,3792,0,0.5268192647425829
TERM,3793,3845,0,0.5268192647425829
TERM,3846,4091,0,0.5268192647425829
TERM,4092,4277,0,0.5268192647425829
TERM,4278,4385,0,0.5268192647425829
TERM,4386,4770,0,0.5268192647425829
TERM,4771,4789,0,0.5268192647425829
TERM,4790,4843,0,0.5268192647425829
TERM,4844,5009,0,0.5268192647425829
TERM,5010,5302,0,0.5268192647425829
TERM,5303,5535,0,0.5268192647425829
TERM,5536,5910,0,0.5268192647425829
TERM,5911,6117,0,0.5268192647425829
TERM,6118,6555,0,0.5268192647425829
TERM,6556,6659,0,0.5268192647425829
TERM,6660,6699,0,0.5268192647425829
TERM,6700,6881,0,0.5268192647425829
TERM,6882,7096,0,0.5268192647425829
TERM,7097,7259,0,0.5268192647425829
TERM,7260,7726,0,0.5268192647425829
TERM,7727,8088,0,0.5268192647425829
TERM,8089,8329,0,0.5268192647425829
TERM,8330,8663,0,0.5268192647425829
TERM,8664,8791,0,0.5268192647425829
TERM,8792,9009,0,0.5268192647425829
TERM,9010,9329,0,0.5268192647425829
TERM,9330,9397,0,0.5268192647425829
TERM,9398,9528,0,0.5268192647425829
TERM,9529,9915,0,0.5268192647425829
TERM,9916,10076,0,0.5268192647425829
TERM,10077,10322,0,0.5268192647425829
TERM,10323,10621,0,0.5268192647425829
TERM,10622,10963,0,0.5268192647425829
TERM,10964,11129,0,0.5268192647425829
TERM,11130,11172,0,0.5268192647425829
TERM,11173,11445,0,0.5268192647425829
TERM,11446,11775,0,0.5268192647425829
TERM,11776,12105,0,0.5268192647425829
TERM,12106,12212,0,0.5268192647425829
TERM,12213,12336,0,0.5268192647425829
TERM,12337,12361,0,0.5268192647425829
TERM,12362,12685,0,0.5268192647425829
TERM,12686,13183,0,0.5268192647425829
TERM,13184,13199,0,0.5268192647425829
TERM,13200,13609,0,0.5268192647425829
TERM,13610,13853,0,0.5268192647425829
