channel,start_time,stop_time,label,confidence
TERM,1,38,0,0.6823483546979328
TERM,39,412,0,0.6823483546979328
TERM,413,698,0,0.6823483546979328
TERM,699,790,0,0.6823483546979328
TERM,791,1008,0,0.6823483546979328
TERM,1009,1298,0,0.6823483546979328
TERM,1299,1780,0,0.6823483546979328
TERM,1781,2076,0,0.6823483546979328
TERM,2077,2539,0,0.6823483546979328
TERM,2540,2621,0,0.6823483546979328
TERM,2622,3104,0,0.6823483546979328
TERM,3105,3188,0,0.6823483546979328
TERM,3189,3392,0,0.6823483546979328
TERM,3393,3669,0,0.6823483546979328
TERM,3670,3962,0,0.6823483546979328
TERM,3963,4084,0,0.6823483546979328
TERM,4085,4161,0,0.6823483546979328
TERM,4162,4509,0,0.6823483546979328
TERM,4510,4668,0,0.6823483546979328
TERM,4669,4986,0,0.6823483546979328
TERM,4987,5051,0,0.6823483546979328
TERM,5052,5311,0,0.6823483546979328
TERM,5312,5597,0,0.6823483546979328
TERM,5598,5851,0,0.6823483546979328
TERM,5852,5864,0,0.6823483546979328
TERM,5865,6222,0,0.6823483546979328
TERM,6223,6661,0,0.6823483546979328
TERM,6662,6904,0,0.6823483546979328
TERM,6905,7163,0,0.6823483546979328
TERM,7164,7269,0,0.6823483546979328
TERM,7270,7571,0,0.6823483546979328
TERM,7572,8050,0,0.6823483546979328
