channel,start_time,stop_time,label,confidence
TERM,1,482,0,0.674070761381933
TERM,483,504,0,0.674070761381933
TERM,505,630,0,0.674070761381933
TERM,631,1026,0,0.674070761381933
TERM,1027,1457,0,0.674070761381933
TERM,1458,1487,0,0.674070761381933
TERM,1488,1931,0,0.674070761381933
TERM,1932,2088,0,0.674070761381933
TERM,2089,2147,0,0.674070761381933
TERM,2148,2215,0,0.674070761381933
TERM,2216,2694,0,0.674070761381933
TERM,2695,2751,0,0.674070761381933
TERM,2752,2789,0,0.674070761381933
TERM,2790,2832,0,0.674070761381933
TERM,2833,3058,0,0.674070761381933
TERM,3059,3069,0,0.674070761381933
TERM,3070,3242,0,0.674070761381933
TERM,3243,3298,0,0.674070761381933
TERM,3299,3636,0,0.674070761381933
TERM,3637,3895,0,0.674070761381933
TERM,3896,4200,0,0.674070761381933
TERM,4201,4278,0,0.674070761381933
TERM,4279,4655,0,0.674070761381933
TERM,4656,4917,0,0.674070761381933
TERM,4918,5021,0,0.674070761381933
TERM,5022,5199,0,0.674070761381933
TERM,5200,5255,0,0.674070761381933
TERM,5256,5371,0,0.674070761381933
TERM,5372,5527,0,0.674070761381933
TERM,5528,5707,0,0.674070761381933
TERM,5708,6166,0,0.674070761381933
TERM,6167,6371,0,0.674070761381933
TERM,6372,6835,0,0.674070761381933
TERM,6836,7117,0,0.674070761381933
TERM,7118,7355,0,0.674070761381933
TERM,7356,7845,0,0.674070761381933
TERM,7846,8091,0,0.674070761381933
TERM,8092,8435,0,0.674070761381933
TERM,8436,8575,0,0.674070761381933
TERM,8576,8801,0,0.674070761381933
TERM,8802,9222,0,0.674070761381933
TERM,9223,9267,0,0.674070761381933
TERM,9268,9444,0,0.674070761381933
TERM,9445,9936,0,0.674070761381933
TERM,9937,10273,0,0.674070761381933
TERM,10274,10374,0,0.674070761381933
TERM,10375,10832,0,0.674070761381933
TERM,10833,11259,0,0.674070761381933
TERM,11260,11326,0,0.674070761381933
TERM,11327,11503,0,0.674070761381933
TERM,11504,11913,0,0.674070761381933
TERM,11914,11939,0,0.674070761381933
TERM,11940,12177,0,0.674070761381933
TERM,12178,12408,0,0.674070761381933
TERM,12409,12733,0,0.674070761381933
TERM,12734,12837,0,0.674070761381933
TERM,12838,13270,0,0.674070761381933
TERM,13271,13651,0,0.674070761381933
TERM,13652,13722,0,0.674070761381933
TERM,13723,13991,0,0.674070761381933
TERM,13992,14024,0,0.674070761381933
TERM,14025,14373,0,0.674070761381933
TERM,14374,14573,0,0.674070761381933
TERM,14574,15016,0,0.674070761381933
