channel,start_time,stop_time,label,confidence
TERM,1,276,0,0.5991942846156212
TERM,277,381,0,0.5991942846156212
TERM,382,501,0,0.5991942846156212
TERM,502,973,0,0.5991942846156212
TERM,974,1391,0,0.5991942846156212
TERM,1392,1631,0,0.5991942846156212
TERM,1632,1797,0,0.5991942846156212
TERM,1798,2283,0,0.5991942846156212
TERM,2284,2689,0,0.5991942846156212
TERM,2690,3150,0,0.5991942846156212
TERM,3151,3491,0,0.5991942846156212
TERM,3492,3803,0,0.5991942846156212
TERM,3804,4076,0,0.5991942846156212
TERM,4077,4125,0,0.5991942846156212
TERM,4126,4152,0,0.5991942846156212
TERM,4153,4566,0,0.5991942846156212
TERM,4567,4590,0,0.5991942846156212
TERM,4591,5034,0,0.5991942846156212
TERM,5035,5108,0,0.5991942846156212
TERM,5109,5601,0,0.5991942846156212
TERM,5602,6009,0,0.5991942846156212
TERM,6010,6453,0,0.5991942846156212
