channel,start_time,stop_time,label,confidence
TERM,1,67,0,0.5427557409303576
TERM,68,268,0,0.5427557409303576
TERM,269,693,0,0.5427557409303576
TERM,694,1042,0,0.5427557409303576
TERM,1043,1451,0,0.5427557409303576
TERM,1452,1835,0,0.5427557409303576
TERM,1836,2184,0,0.5427557409303576
TERM,2185,2302,0,0.5427557409303576
TERM,2303,2469,0,0.5427557409303576
TERM,2470,2582,0,0.5427557409303576
TERM,2583,2843,0,0.5427557409303576
TERM,2844,3098,0,0.5427557409303576
TERM,3099,3136,0,0.5427557409303576
TERM,3137,3159,0,0.5427557409303576
TERM,3160,3172,0,0.5427557409303576
TERM,3173,3254,0,0.5427557409303576
