channel,start_time,stop_time,label,confidence
TERM,1,29,0,0.5795193670540867
TERM,30,406,0,0.5795193670540867
TERM,407,823,0,0.5795193670540867
TERM,824,882,0,0.5795193670540867
TERM,883,1270,0,0.5795193670540867
TERM,1271,1756,0,0.5795193670540867
TERM,1757,1931,0,0.5795193670540867
TERM,1932,2095,0,0.5795193670540867
TERM,2096,2422,0,0.5795193670540867
TERM,2423,2913,0,0.5795193670540867
TERM,2914,3088,0,0.5795193670540867
TERM,3089,3530,0,0.5795193670540867
TERM,3531,3621,0,0.5795193670540867
TERM,3622,3839,0,0.5795193670540867
TERM,3840,4216,0,0.5795193670540867
TERM,4217,4363,0,0.5795193670540867
TERM,4364,4757,0,0.5795193670540867
TERM,4758,4780,0,0.5795193670540867
TERM,4781,5209,0,0.5795193670540867
TERM,5210,5685,0,0.5795193670540867
TERM,5686,6053,0,0.5795193670540867
TERM,6054,6225,0,0.5795193670540867
TERM,6226,6253,0,0.5795193670540867
TERM,6254,6456,0,0.5795193670540867
TERM,6457,6577,0,0.5795193670540867
TERM,6578,6963,0,0.5795193670540867
TERM,6964,7240,0,0.5795193670540867
TERM,7241,7343,0,0.5795193670540867
TERM,7344,7596,0,0.5795193670540867
TERM,7597,7919,0,0.5795193670540867
TERM,7920,8293,0,0.5795193670540867
TERM,8294,8457,0,0.5795193670540867
TERM,8458,8612,0,0.5795193670540867
TERM,8613,9081,0,0.5795193670540867
TERM,9082,9130,0,0.5795193670540867
TERM,9131,9397,0,0.5795193670540867
TERM,9398,9893,0,0.5795193670540867
TERM,9894,10244,0,0.5795193670540867
TERM,10245,10624,0,0.5795193670540867
TERM,10625,10905,0,0.5795193670540867
TERM,10906,11308,0,0.5795193670540867
TERM,11309,11435,0,0.5795193670540867
TERM,11436,11684,0,0.5795193670540867
TERM,11685,12011,0,0.5795193670540867
TERM,12012,12313,0,0.5795193670540867
TERM,12314,12461,0,0.5795193670540867
TERM,12462,12612,0,0.5795193670540867
TERM,12613,12922,0,0.5795193670540867
