channel,start_time,stop_time,label,confidence
TERM,1,98,0,0.2001674971963514
TERM,99,427,0,0.2001674971963514
TERM,428,538,0,0.2001674971963514
TERM,539,1027,0,0.2001674971963514
TERM,1028,1166,0,0.2001674971963514
TERM,1167,1634,0,0.2001674971963514
TERM,1635,2066,0,0.2001674971963514
TERM,2067,2269,0,0.2001674971963514
TERM,2270,2712,0,0.2001674971963514
TERM,2713,2722,0,0.2001674971963514
TERM,2723,2781,0,0.2001674971963514
