channel,start_time,stop_time,label,confidence
TERM,1,481,0,0.6010915203418663
TERM,482,935,0,0.6010915203418663
TERM,936,1357,0,0.6010915203418663
TERM,1358,1666,0,0.6010915203418663
TERM,1667,2078,0,0.6010915203418663
TERM,2079,2334,0,0.6010915203418663
TERM,2335,2357,0,0.6010915203418663
TERM,2358,2471,0,0.6010915203418663
TERM,2472,2679,0,0.6010915203418663
TERM,2680,2802,0,0.6010915203418663
TERM,2803,2954,0,0.6010915203418663
TERM,2955,3017,0,0.6010915203418663
TERM,3018,3092,0,0.6010915203418663
TERM,3093,3519,0,0.6010915203418663
TERM,3520,3975,0,0.6010915203418663
TERM,3976,4422,0,0.6010915203418663
TERM,4423,4609,0,0.6010915203418663
TERM,4610,4858,0,0.6010915203418663
TERM,4859,5128,0,0.6010915203418663
TERM,5129,5402,0,0.6010915203418663
TERM,5403,5675,0,0.6010915203418663
TERM,5676,5979,0,0.6010915203418663
TERM,5980,6366,0,0.6010915203418663
TERM,6367,6469,0,0.6010915203418663
TERM,6470,6904,0,0.6010915203418663
TERM,6905,7188,0,0.6010915203418663
TERM,7189,7500,0,0.6010915203418663
TERM,7501,7732,0,0.6010915203418663
TERM,7733,8188,0,0.6010915203418663
TERM,8189,8230,0,0.6010915203418663
TERM,8231,8409,0,0.6010915203418663
TERM,8410,8728,0,0.6010915203418663
TERM,8729,8962,0,0.6010915203418663
TERM,8963,9285,0,0.6010915203418663
TERM,9286,9431,0,0.6010915203418663
TERM,9432,9541,0,0.6010915203418663
TERM,9542,9589,0,0.6010915203418663
TERM,9590,9899,0,0.6010915203418663
TERM,9900,9969,0,0.6010915203418663
TERM,9970,10415,0,0.6010915203418663
TERM,10416,10532,0,0.6010915203418663
TERM,10533,10828,0,0.6010915203418663
TERM,10829,10873,0,0.6010915203418663
TERM,10874,11201,0,0.6010915203418663
TERM,11202,11470,0,0.6010915203418663
TERM,11471,11712,0,0.6010915203418663
TERM,11713,12004,0,0.6010915203418663
TERM,12005,12292,0,0.6010915203418663
