channel,start_time,stop_time,label,confidence
TERM,1,128,0,0.7289903591928719
TERM,129,379,0,0.7289903591928719
TERM,380,769,0,0.7289903591928719
TERM,770,928,0,0.7289903591928719
TERM,929,1340,0,0.7289903591928719
TERM,1341,1809,0,0.7289903591928719
TERM,1810,1829,0,0.7289903591928719
TERM,1830,2133,0,0.7289903591928719
TERM,2134,2166,0,0.7289903591928719
TERM,2167,2617,0,0.7289903591928719
TERM,2618,2987,0,0.7289903591928719
TERM,2988,3436,0,0.7289903591928719
TERM,3437,3454,0,0.7289903591928719
TERM,3455,3880,0,0.7289903591928719
TERM,3881,4217,0,0.7289903591928719
TERM,4218,4412,0,0.7289903591928719
TERM,4413,4894,0,0.7289903591928719
TERM,4895,5001,0,0.7289903591928719
TERM,5002,5288,0,0.7289903591928719
TERM,5289,5510,0,0.7289903591928719
TERM,5511,5627,0,0.7289903591928719
TERM,5628,5949,0,0.7289903591928719
TERM,5950,6417,0,0.7289903591928719
TERM,6418,6842,0,0.7289903591928719
TERM,6843,7286,0,0.7289903591928719
TERM,7287,7785,0,0.7289903591928719
TERM,7786,8075,0,0.7289903591928719
TERM,8076,8476,0,0.7289903591928719
TERM,8477,8675,0,0.7289903591928719
TERM,8676,8788,0,0.7289903591928719
TERM,8789,8843,0,0.7289903591928719
TERM,8844,9037,0,0.7289903591928719
TERM,9038,9179,0,0.7289903591928719
TERM,9180,9649,0,0.7289903591928719
TERM,9650,9692,0,0.7289903591928719
TERM,9693,10148,0,0.7289903591928719
TERM,10149,10367,0,0.7289903591928719
TERM,10368,10416,0,0.7289903591928719
TERM,10417,10474,0,0.7289903591928719
TERM,10475,10692,0,0.7289903591928719
TERM,10693,11154,0,0.7289903591928719
TERM,11155,11578,0,0.7289903591928719
