channel,start_time,stop_time,label,confidence
TERM,1,155,0,0.635907074379833
TERM,156,417,0,0.635907074379833
TERM,418,700,0,0.635907074379833
TERM,701,1142,0,0.635907074379833
TERM,1143,1638,0,0.635907074379833
TERM,1639,1797,0,0.635907074379833
TERM,1798,1957,0,0.635907074379833
TERM,1958,2390,0,0.635907074379833
TERM,2391,2655,0,0.635907074379833
TERM,2656,2985,0,0.635907074379833
TERM,2986,3018,0,0.635907074379833
TERM,3019,3331,0,0.635907074379833
