channel,start_time,stop_time,label,confidence
TERM,1,415,0,0.8237742594391837
TERM,416,596,0,0.8237742594391837
TERM,597,685,0,0.8237742594391837
TERM,686,881,0,0.8237742594391837
TERM,882,1255,0,0.8237742594391837
TERM,1256,1736,0,0.8237742594391837
TERM,1737,2198,0,0.8237742594391837
TERM,2199,2342,0,0.8237742594391837
TERM,2343,2614,0,0.8237742594391837
TERM,2615,2858,0,0.8237742594391837
TERM,2859,3178,0,0.8237742594391837
TERM,3179,3535,0,0.8237742594391837
TERM,3536,3646,0,0.8237742594391837
TERM,3647,3671,0,0.8237742594391837
TERM,3672,3695,0,0.8237742594391837
TERM,3696,4177,0,0.8237742594391837
TERM,4178,4383,0,0.8237742594391837
TERM,4384,4640,0,0.8237742594391837
TERM,4641,5092,0,0.8237742594391837
TERM,5093,5251,0,0.8237742594391837
TERM,5252,5333,0,0.8237742594391837
TERM,5334,5771,0,0.8237742594391837
TERM,5772,6212,0,0.8237742594391837
TERM,6213,6437,0,0.8237742594391837
TERM,6438,6576,0,0.8237742594391837
TERM,6577,6837,0,0.8237742594391837
TERM,6838,6896,0,0.8237742594391837
TERM,6897,6958,0,0.8237742594391837
TERM,6959,7167,0,0.8237742594391837
TERM,7168,7567,0,0.8237742594391837
TERM,7568,7996,0,0.8237742594391837
TERM,7997,8330,0,0.8237742594391837
TERM,8331,8431,0,0.8237742594391837
TERM,8432,8895,0,0.8237742594391837
TERM,8896,9299,0,0.8237742594391837
TERM,9300,9337,0,0.8237742594391837
TERM,9338,9766,0,0.8237742594391837
TERM,9767,10195,0,0.8237742594391837
TERM,10196,10453,0,0.8237742594391837
TERM,10454,10541,0,0.8237742594391837
TERM,10542,10585,0,0.8237742594391837
TERM,10586,10673,0,0.8237742594391837
