channel,start_time,stop_time,label,confidence
TERM,1,361,0,0.6015935983875478
TERM,362,806,0,0.6015935983875478
TERM,807,1113,0,0.6015935983875478
TERM,1114,1127,0,0.6015935983875478
TERM,1128,1256,0,0.6015935983875478
TERM,1257,1620,0,0.6015935983875478
TERM,1621,2021,0,0.6015935983875478
TERM,2022,2068,0,0.6015935983875478
TERM,2069,2165,0,0.6015935983875478
TERM,2166,2382,0,0.6015935983875478
TERM,2383,2421,0,0.6015935983875478
TERM,2422,2662,0,0.6015935983875478
TERM,2663,2924,0,0.6015935983875478
TERM,2925,3311,0,0.6015935983875478
TERM,3312,3333,0,0.6015935983875478
TERM,3334,3763,0,0.6015935983875478
TERM,3764,3839,0,0.6015935983875478
TERM,3840,4126,0,0.6015935983875478
TERM,4127,4561,0,0.6015935983875478
TERM,4562,4901,0,0.6015935983875478
TERM,4902,4935,0,0.6015935983875478
TERM,4936,5393,0,0.6015935983875478
TERM,5394,5513,0,0.6015935983875478
TERM,5514,5924,0,0.6015935983875478
TERM,5925,6171,0,0.6015935983875478
TERM,6172,6665,0,0.6015935983875478
TERM,6666,6922,0,0.6015935983875478
TERM,6923,7237,0,0.6015935983875478
TERM,7238,7354,0,0.6015935983875478
TERM,7355,7826,0,0.6015935983875478
TERM,7827,8086,0,0.6015935983875478
TERM,8087,8176,0,0.6015935983875478
TERM,8177,8316,0,0.6015935983875478
TERM,8317,8496,0,0.6015935983875478
TERM,8497,8650,0,0.6015935983875478
TERM,8651,9081,0,0.6015935983875478
TERM,9082,9164,0,0.6015935983875478
TERM,9165,9391,0,0.6015935983875478
TERM,9392,9521,0,0.6015935983875478
TERM,9522,9832,0,0.6015935983875478
TERM,9833,9987,0,0.6015935983875478
TERM,9988,10338,0,0.6015935983875478
TERM,10339,10658,0,0.6015935983875478
TERM,10659,11003,0,0.6015935983875478
TERM,11004,11342,0,0.6015935983875478
TERM,11343,11619,0,0.6015935983875478
TERM,11620,11808,0,0.6015935983875478
TERM,11809,12056,0,0.6015935983875478
TERM,12057,12296,0,0.6015935983875478
TERM,12297,12306,0,0.6015935983875478
TERM,12307,12630,0,0.6015935983875478
TERM,12631,13003,0,0.6015935983875478
TERM,13004,13224,0,0.6015935983875478
TERM,13225,13564,0,0.6015935983875478
TERM,13565,13578,0,0.6015935983875478
TERM,13579,14034,0,0.6015935983875478
TERM,14035,14334,0,0.6015935983875478
TERM,14335,14513,0,0.6015935983875478
TERM,14514,14634,0,0.6015935983875478
TERM,14635,14832,0,0.6015935983875478
TERM,14833,14907,0,0.6015935983875478
TERM,14908,14945,0,0.6015935983875478
TERM,14946,15391,0,0.6015935983875478
TERM,15392,15510,0,0.6015935983875478
TERM,15511,15977,0,0.6015935983875478
TERM,15978,16213,0,0.6015935983875478
