channel,start_time,stop_time,label,confidence
TERM,1,134,0,0.4691524453014611
TERM,135,167,0,0.4691524453014611
TERM,168,605,0,0.4691524453014611
TERM,606,797,0,0.4691524453014611
TERM,798,823,0,0.4691524453014611
TERM,824,1100,0,0.4691524453014611
TERM,1101,1149,0,0.4691524453014611
TERM,1150,1640,0,0.4691524453014611
TERM,1641,1931,0,0.4691524453014611
TERM,1932,2364,0,0.4691524453014611
TERM,2365,2777,0,0.4691524453014611
TERM,2778,2799,0,0.4691524453014611
TERM,2800,2941,0,0.4691524453014611
TERM,2942,3211,0,0.4691524453014611
TERM,3212,3328,0,0.4691524453014611
TERM,3329,3406,0,0.4691524453014611
TERM,3407,3611,0,0.4691524453014611
TERM,3612,4108,0,0.4691524453014611
TERM,4109,4134,0,0.4691524453014611
TERM,4135,4446,0,0.4691524453014611
TERM,4447,4807,0,0.4691524453014611
TERM,4808,5229,0,0.4691524453014611
TERM,5230,5466,0,0.4691524453014611
TERM,5467,5918,0,0.4691524453014611
TERM,5919,6302,0,0.4691524453014611
TERM,6303,6545,0,0.4691524453014611
TERM,6546,6700,0,0.4691524453014611
TERM,6701,6747,0,0.4691524453014611
TERM,6748,6782,0,0.4691524453014611
TERM,6783,6822,0,0.4691524453014611
TERM,6823,7294,0,0.4691524453014611
TERM,7295,7340,0,0.4691524453014611
TERM,7341,7463,0,0.4691524453014611
TERM,7464,7907,0,0.4691524453014611
TERM,7908,8167,0,0.4691524453014611
TERM,8168,8217,0,0.4691524453014611
TERM,8218,8242,0,0.4691524453014611
TERM,8243,8428,0,0.4691524453014611
TERM,8429,8592,0,0.4691524453014611
TERM,8593,8605,0,0.4691524453014611
TERM,8606,8662,0,0.4691524453014611
TERM,8663,9116,0,0.4691524453014611
TERM,9117,9345,0,0.4691524453014611
TERM,9346,9701,0,0.4691524453014611
