channel,start_time,stop_time,label,confidence
TERM,1,293,0,0.666642386778147
TERM,294,326,0,0.666642386778147
TERM,327,481,0,0.666642386778147
TERM,482,876,0,0.666642386778147
TERM,877,1301,0,0.666642386778147
TERM,1302,1579,0,0.666642386778147
TERM,1580,1945,0,0.666642386778147
TERM,1946,2118,0,0.666642386778147
TERM,2119,2381,0,0.666642386778147
TERM,2382,2796,0,0.666642386778147
TERM,2797,2900,0,0.666642386778147
TERM,2901,3311,0,0.666642386778147
TERM,3312,3559,0,0.666642386778147
