channel,start_time,stop_time,label,confidence
TERM,1,475,0,0.878705020524742
TERM,476,668,0,0.878705020524742
TERM,669,908,0,0.878705020524742
TERM,909,922,0,0.878705020524742
TERM,923,1363,0,0.878705020524742
TERM,1364,1460,0,0.878705020524742
TERM,1461,1549,0,0.878705020524742
TERM,1550,1729,0,0.878705020524742
TERM,1730,1986,0,0.878705020524742
TERM,1987,2247,0,0.878705020524742
TERM,2248,2551,0,0.878705020524742
