channel,start_time,stop_time,label,confidence
TERM,1,386,0,0.5535977672194077
TERM,387,592,0,0.5535977672194077
TERM,593,706,0,0.5535977672194077
TERM,707,731,0,0.5535977672194077
TERM,732,829,0,0.5535977672194077
TERM,830,919,0,0.5535977672194077
TERM,920,1038,0,0.5535977672194077
TERM,1039,1472,0,0.5535977672194077
TERM,1473,1579,0,0.5535977672194077
TERM,1580,1683,0,0.5535977672194077
TERM,1684,2161,0,0.5535977672194077
TERM,2162,2539,0,0.5535977672194077
TERM,2540,2763,0,0.5535977672194077
TERM,2764,3093,0,0.5535977672194077
TERM,3094,3482,0,0.5535977672194077
TERM,3483,3685,0,0.5535977672194077
TERM,3686,4162,0,0.5535977672194077
TERM,4163,4630,0,0.5535977672194077
TERM,4631,4994,0,0.5535977672194077
TERM,4995,5186,0,0.5535977672194077
TERM,5187,5558,0,0.5535977672194077
TERM,5559,5884,0,0.5535977672194077
TERM,5885,6127,0,0.5535977672194077
TERM,6128,6502,0,0.5535977672194077
