channel,start_time,stop_time,label,confidence
TERM,1,321,0,0.6236043772581888
TERM,322,387,0,0.6236043772581888
TERM,388,813,0,0.6236043772581888
TERM,814,1012,0,0.6236043772581888
TERM,1013,1049,0,0.6236043772581888
TERM,1050,1444,0,0.6236043772581888
TERM,1445,1844,0,0.6236043772581888
TERM,1845,1957,0,0.6236043772581888
TERM,1958,2064,0,0.6236043772581888
TERM,2065,2507,0,0.6236043772581888
TERM,2508,2872,0,0.6236043772581888
TERM,2873,3195,0,0.6236043772581888
TERM,3196,3209,0,0.6236043772581888
TERM,3210,3291,0,0.6236043772581888
TERM,3292,3723,0,0.6236043772581888
TERM,3724,4217,0,0.6236043772581888
TERM,4218,4526,0,0.6236043772581888
TERM,4527,4867,0,0.6236043772581888
TERM,4868,5187,0,0.6236043772581888
TERM,5188,5237,0,0.6236043772581888
TERM,5238,5431,0,0.6236043772581888
TERM,5432,5698,0,0.6236043772581888
TERM,5699,5738,0,0.6236043772581888
TERM,5739,5853,0,0.6236043772581888
TERM,5854,6323,0,0.6236043772581888
TERM,6324,6786,0,0.6236043772581888
TERM,6787,6918,0,0.6236043772581888
TERM,6919,6993,0,0.6236043772581888
TERM,6994,7240,0,0.6236043772581888
TERM,7241,7283,0,0.6236043772581888
TERM,7284,7459,0,0.6236043772581888
TERM,7460,7627,0,0.6236043772581888
TERM,7628,7782,0,0.6236043772581888
TERM,7783,8215,0,0.6236043772581888
TERM,8216,8594,0,0.6236043772581888
TERM,8595,8606,0,0.6236043772581888
TERM,8607,8922,0,0.6236043772581888
TERM,8923,9394,0,0.6236043772581888
TERM,9395,9877,0,0.6236043772581888
TERM,9878,10157,0,0.6236043772581888
TERM,10158,10581,0,0.6236043772581888
TERM,10582,10872,0,0.6236043772581888
TERM,10873,11339,0,0.6236043772581888
TERM,11340,11579,0,0.6236043772581888
TERM,11580,11734,0,0.6236043772581888
TERM,11735,12148,0,0.6236043772581888
TERM,12149,12507,0,0.6236043772581888
TERM,12508,12834,0,0.6236043772581888
TERM,12835,13242,0,0.6236043772581888
TERM,13243,13662,0,0.6236043772581888
TERM,13663,13769,0,0.6236043772581888
TERM,13770,13815,0,0.6236043772581888
TERM,13816,14151,0,0.6236043772581888
TERM,14152,14487,0,0.6236043772581888
TERM,14488,14925,0,0.6236043772581888
TERM,14926,15158,0,0.6236043772581888
TERM,15159,15587,0,0.6236043772581888
TERM,15588,15907,0,0.6236043772581888
TERM,15908,16294,0,0.6236043772581888
TERM,16295,16417,0,0.6236043772581888
TERM,16418,16515,0,0.6236043772581888
TERM,16516,16915,0,0.6236043772581888
TERM,16916,17023,0,0.6236043772581888
TERM,17024,17278,0,0.6236043772581888
TERM,17279,17544,0,0.6236043772581888
TERM,17545,17707,0,0.6236043772581888
