channel,start_time,stop_time,label,confidence
TERM,1,372,0,0.5926763487063564
TERM,373,540,0,0.5926763487063564
TERM,541,679,0,0.5926763487063564
TERM,680,926,0,0.5926763487063564
TERM,927,1082,0,0.5926763487063564
TERM,1083,1193,0,0.5926763487063564
TERM,1194,1276,0,0.5926763487063564
TERM,1277,1530,0,0.5926763487063564
TERM,1531,1613,0,0.5926763487063564
TERM,1614,1930,0,0.5926763487063564
TERM,1931,2116,0,0.5926763487063564
TERM,2117,2608,0,0.5926763487063564
TERM,2609,2927,0,0.5926763487063564
TERM,2928,3134,0,0.5926763487063564
TERM,3135,3549,0,0.5926763487063564
TERM,3550,3696,0,0.5926763487063564
TERM,3697,4048,0,0.5926763487063564
TERM,4049,4245,0,0.5926763487063564
TERM,4246,4707,0,0.5926763487063564
TERM,4708,4867,0,0.5926763487063564
TERM,4868,4951,0,0.5926763487063564
TERM,4952,5362,0,0.5926763487063564
TERM,5363,5840,0,0.5926763487063564
TERM,5841,6322,0,0.5926763487063564
TERM,6323,6525,0,0.5926763487063564
TERM,6526,6745,0,0.5926763487063564
