channel,start_time,stop_time,label,confidence
TERM,1,216,0,0.6311846110581563
TERM,217,451,0,0.6311846110581563
TERM,452,917,0,0.6311846110581563
TERM,918,1195,0,0.6311846110581563
TERM,1196,1314,0,0.6311846110581563
TERM,1315,1373,0,0.6311846110581563
TERM,1374,1801,0,0.6311846110581563
TERM,1802,2109,0,0.6311846110581563
TERM,2110,2582,0,0.6311846110581563
TERM,2583,2781,0,0.6311846110581563
TERM,2782,2937,0,0.6311846110581563
TERM,2938,3235,0,0.6311846110581563
TERM,3236,3634,0,0.6311846110581563
TERM,3635,3903,0,0.6311846110581563
TERM,3904,4047,0,0.6311846110581563
TERM,4048,4119,0,0.6311846110581563
TERM,4120,4453,0,0.6311846110581563
TERM,4454,4711,0,0.6311846110581563
TERM,4712,5036,0,0.6311846110581563
TERM,5037,5267,0,0.6311846110581563
TERM,5268,5299,0,0.6311846110581563
TERM,5300,5660,0,0.6311846110581563
TERM,5661,6155,0,0.6311846110581563
TERM,6156,6517,0,0.6311846110581563
TERM,6518,6588,0,0.6311846110581563
TERM,6589,6710,0,0.6311846110581563
TERM,6711,6751,0,0.6311846110581563
TERM,6752,7185,0,0.6311846110581563
TERM,7186,7366,0,0.6311846110581563
TERM,7367,7590,0,0.6311846110581563
TERM,7591,7868,0,0.6311846110581563
TERM,7869,8224,0,0.6311846110581563
TERM,8225,8299,0,0.6311846110581563
TERM,8300,8616,0,0.6311846110581563
TERM,8617,8753,0,0.6311846110581563
TERM,8754,9235,0,0.6311846110581563
TERM,9236,9521,0,0.6311846110581563
TERM,9522,9596,0,0.6311846110581563
TERM,9597,9884,0,0.6311846110581563
TERM,9885,10168,0,0.6311846110581563
TERM,10169,10640,0,0.6311846110581563
TERM,10641,10696,0,0.6311846110581563
TERM,10697,11138,0,0.6311846110581563
TERM,11139,11171,0,0.6311846110581563
TERM,11172,11214,0,0.6311846110581563
TERM,11215,11355,0,0.6311846110581563
TERM,11356,11751,0,0.6311846110581563
TERM,11752,12166,0,0.6311846110581563
TERM,12167,12413,0,0.6311846110581563
TERM,12414,12912,0,0.6311846110581563
TERM,12913,13097,0,0.6311846110581563
TERM,13098,13335,0,0.6311846110581563
TERM,13336,13510,0,0.6311846110581563
TERM,13511,13759,0,0.6311846110581563
TERM,13760,13876,0,0.6311846110581563
TERM,13877,13898,0,0.6311846110581563
TERM,13899,13947,0,0.6311846110581563
TERM,13948,13964,0,0.6311846110581563
TERM,13965,14168,0,0.6311846110581563
TERM,14169,14371,0,0.6311846110581563
