channel,start_time,stop_time,label,confidence
TERM,1,392,0,0.5699470681918971
TERM,393,736,0,0.5699470681918971
TERM,737,1149,0,0.5699470681918971
TERM,1150,1223,0,0.5699470681918971
TERM,1224,1637,0,0.5699470681918971
TERM,1638,2026,0,0.5699470681918971
TERM,2027,2240,0,0.5699470681918971
TERM,2241,2402,0,0.5699470681918971
TERM,2403,2785,0,0.5699470681918971
TERM,2786,2847,0,0.5699470681918971
TERM,2848,3092,0,0.5699470681918971
TERM,3093,3177,0,0.5699470681918971
TERM,3178,3548,0,0.5699470681918971
TERM,3549,3834,0,0.5699470681918971
TERM,3835,3961,0,0.5699470681918971
TERM,3962,4419,0,0.5699470681918971
TERM,4420,4642,0,0.5699470681918971
TERM,4643,4743,0,0.5699470681918971
TERM,4744,4870,0,0.5699470681918971
TERM,4871,5147,0,0.5699470681918971
TERM,5148,5562,0,0.5699470681918971
TERM,5563,5662,0,0.5699470681918971
TERM,5663,5885,0,0.5699470681918971
TERM,5886,6289,0,0.5699470681918971
TERM,6290,6671,0,0.5699470681918971
TERM,6672,7047,0,0.5699470681918971
TERM,7048,7196,0,0.5699470681918971
TERM,7197,7442,0,0.5699470681918971
TERM,7443,7737,0,0.5699470681918971
TERM,7738,7799,0,0.5699470681918971
TERM,7800,7870,0,0.5699470681918971
TERM,7871,8223,0,0.5699470681918971
TERM,8224,8258,0,0.5699470681918971
TERM,8259,8390,0,0.5699470681918971
TERM,8391,8691,0,0.5699470681918971
TERM,8692,9137,0,0.5699470681918971
TERM,9138,9474,0,0.5699470681918971
TERM,9475,9745,0,0.5699470681918971
TERM,9746,10216,0,0.5699470681918971
TERM,10217,10470,0,0.5699470681918971
TERM,10471,10513,0,0.5699470681918971
TERM,10514,10668,0,0.5699470681918971
TERM,10669,10863,0,0.5699470681918971
TERM,10864,11257,0,0.5699470681918971
