channel,start_time,stop_time,label,confidence
TERM,1,421,0,0.615232449754995
TERM,422,636,0,0.615232449754995
TERM,637,671,0,0.615232449754995
TERM,672,774,0,0.615232449754995
TERM,775,1204,0,0.615232449754995
TERM,1205,1451,0,0.615232449754995
TERM,1452,1613,0,0.615232449754995
TERM,1614,1890,0,0.615232449754995
TERM,1891,2299,0,0.615232449754995
TERM,2300,2467,0,0.615232449754995
TERM,2468,2695,0,0.615232449754995
TERM,2696,2742,0,0.615232449754995
TERM,2743,2928,0,0.615232449754995
TERM,2929,2954,0,0.615232449754995
TERM,2955,3137,0,0.615232449754995
TERM,3138,3558,0,0.615232449754995
TERM,3559,3890,0,0.615232449754995
TERM,3891,3918,0,0.615232449754995
TERM,3919,4112,0,0.615232449754995
TERM,4113,4560,0,0.615232449754995
TERM,4561,4684,0,0.615232449754995
TERM,4685,4997,0,0.615232449754995
TERM,4998,5111,0,0.615232449754995
TERM,5112,5560,0,0.615232449754995
TERM,5561,5776,0,0.615232449754995
TERM,5777,6168,0,0.615232449754995
TERM,6169,6299,0,0.615232449754995
TERM,6300,6565,0,0.615232449754995
TERM,6566,6858,0,0.615232449754995
TERM,6859,7256,0,0.615232449754995
TERM,7257,7477,0,0.615232449754995
TERM,7478,7775,0,0.615232449754995
TERM,7776,8227,0,0.615232449754995
TERM,8228,8519,0,0.615232449754995
TERM,8520,8717,0,0.615232449754995
TERM,8718,8890,0,0.615232449754995
TERM,8891,9163,0,0.615232449754995
TERM,9164,9484,0,0.615232449754995
TERM,9485,9734,0,0.615232449754995
TERM,9735,9898,0,0.615232449754995
TERM,9899,10320,0,0.615232449754995
TERM,10321,10386,0,0.615232449754995
TERM,10387,10416,0,0.615232449754995
TERM,10417,10697,0,0.615232449754995
TERM,10698,11036,0,0.615232449754995
TERM,11037,11277,0,0.615232449754995
TERM,11278,11350,0,0.615232449754995
TERM,11351,11410,0,0.615232449754995
