channel,start_time,stop_time,label,confidence
TERM,1,496,0,0.7342574016857029
TERM,497,774,0,0.7342574016857029
TERM,775,984,0,0.7342574016857029
TERM,985,1428,0,0.7342574016857029
TERM,1429,1667,0,0.7342574016857029
TERM,1668,1797,0,0.7342574016857029
TERM,1798,2103,0,0.7342574016857029
TERM,2104,2179,0,0.7342574016857029
TERM,2180,2411,0,0.7342574016857029
TERM,2412,2579,0,0.7342574016857029
TERM,2580,3031,0,0.7342574016857029
TERM,3032,3279,0,0.7342574016857029
TERM,3280,3467,0,0.7342574016857029
TERM,3468,3501,0,0.7342574016857029
