channel,start_time,stop_time,label,confidence
TERM,1,55,0,0.6689557758538309
TERM,56,473,0,0.6689557758538309
TERM,474,818,0,0.6689557758538309
TERM,819,935,0,0.6689557758538309
TERM,936,1144,0,0.6689557758538309
TERM,1145,1346,0,0.6689557758538309
TERM,1347,1595,0,0.6689557758538309
TERM,1596,1729,0,0.6689557758538309
TERM,1730,1954,0,0.6689557758538309
TERM,1955,2397,0,0.6689557758538309
TERM,2398,2645,0,0.6689557758538309
TERM,2646,2978,0,0.6689557758538309
TERM,2979,3420,0,0.6689557758538309
TERM,3421,3435,0,0.6689557758538309
TERM,3436,3621,0,0.6689557758538309
TERM,3622,3650,0,0.6689557758538309
TERM,3651,3792,0,0.6689557758538309
TERM,3793,3863,0,0.6689557758538309
TERM,3864,3958,0,0.6689557758538309
TERM,3959,4199,0,0.6689557758538309
TERM,4200,4419,0,0.6689557758538309
TERM,4420,4620,0,0.6689557758538309
TERM,4621,4993,0,0.6689557758538309
TERM,4994,5405,0,0.6689557758538309
TERM,5406,5558,0,0.6689557758538309
TERM,5559,5986,0,0.6689557758538309
TERM,5987,6204,0,0.6689557758538309
TERM,6205,6344,0,0.6689557758538309
TERM,6345,6536,0,0.6689557758538309
TERM,6537,6885,0,0.6689557758538309
TERM,6886,7218,0,0.6689557758538309
TERM,7219,7365,0,0.6689557758538309
TERM,7366,7742,0,0.6689557758538309
TERM,7743,7779,0,0.6689557758538309
TERM,7780,8041,0,0.6689557758538309
TERM,8042,8334,0,0.6689557758538309
TERM,8335,8453,0,0.6689557758538309
TERM,8454,8775,0,0.6689557758538309
TERM,8776,9223,0,0.6689557758538309
TERM,9224,9497,0,0.6689557758538309
TERM,9498,9930,0,0.6689557758538309
TERM,9931,9962,0,0.6689557758538309
TERM,9963,10179,0,0.6689557758538309
TERM,10180,10449,0,0.6689557758538309
TERM,10450,10613,0,0.6689557758538309
TERM,10614,11028,0,0.6689557758538309
TERM,11029,11165,0,0.6689557758538309
TERM,11166,11485,0,0.6689557758538309
TERM,11486,11906,0,0.6689557758538309
TERM,11907,12360,0,0.6689557758538309
TERM,12361,12488,0,0.6689557758538309
TERM,12489,12702,0,0.6689557758538309
