channel,start_time,stop_time,label,confidence
TERM,1,400,0,0.6900324333837995
TERM,401,699,0,0.6900324333837995
TERM,700,743,0,0.6900324333837995
TERM,744,855,0,0.6900324333837995
TERM,856,870,0,0.6900324333837995
TERM,871,1181,0,0.6900324333837995
TERM,1182,1653,0,0.6900324333837995
TERM,1654,1920,0,0.6900324333837995
TERM,1921,2248,0,0.6900324333837995
TERM,2249,2673,0,0.6900324333837995
TERM,2674,2848,0,0.6900324333837995
TERM,2849,2861,0,0.6900324333837995
TERM,2862,2997,0,0.6900324333837995
TERM,2998,3100,0,0.6900324333837995
TERM,3101,3548,0,0.6900324333837995
TERM,3549,4000,0,0.6900324333837995
TERM,4001,4386,0,0.6900324333837995
TERM,4387,4843,0,0.6900324333837995
TERM,4844,4924,0,0.6900324333837995
TERM,4925,5257,0,0.6900324333837995
TERM,5258,5710,0,0.6900324333837995
TERM,5711,6203,0,0.6900324333837995
TERM,6204,6251,0,0.6900324333837995
TERM,6252,6406,0,0.6900324333837995
