channel,start_time,stop_time,label,confidence
TERM,1,309,0,0.6316302631455966
TERM,310,674,0,0.6316302631455966
TERM,675,773,0,0.6316302631455966
TERM,774,1196,0,0.6316302631455966
TERM,1197,1422,0,0.6316302631455966
TERM,1423,1768,0,0.6316302631455966
TERM,1769,2218,0,0.6316302631455966
TERM,2219,2544,0,0.6316302631455966
TERM,2545,2687,0,0.6316302631455966
TERM,2688,3141,0,0.6316302631455966
TERM,3142,3544,0,0.6316302631455966
TERM,3545,3643,0,0.6316302631455966
TERM,3644,3739,0,0.6316302631455966
TERM,3740,4194,0,0.6316302631455966
TERM,4195,4470,0,0.6316302631455966
TERM,4471,4702,0,0.6316302631455966
TERM,4703,5091,0,0.6316302631455966
TERM,5092,5296,0,0.6316302631455966
TERM,5297,5445,0,0.6316302631455966
TERM,5446,5686,0,0.6316302631455966
TERM,5687,6122,0,0.6316302631455966
TERM,6123,6564,0,0.6316302631455966
TERM,6565,6782,0,0.6316302631455966
TERM,6783,6985,0,0.6316302631455966
TERM,6986,7338,0,0.6316302631455966
TERM,7339,7662,0,0.6316302631455966
TERM,7663,7735,0,0.6316302631455966
TERM,7736,7958,0,0.6316302631455966
TERM,7959,8434,0,0.6316302631455966
TERM,8435,8554,0,0.6316302631455966
TERM,8555,8820,0,0.6316302631455966
TERM,8821,9108,0,0.6316302631455966
TERM,9109,9421,0,0.6316302631455966
TERM,9422,9857,0,0.6316302631455966
TERM,9858,10255,0,0.6316302631455966
TERM,10256,10302,0,0.6316302631455966
TERM,10303,10680,0,0.6316302631455966
TERM,10681,11033,0,0.6316302631455966
TERM,11034,11384,0,0.6316302631455966
TERM,11385,11544,0,0.6316302631455966
TERM,11545,11931,0,0.6316302631455966
TERM,11932,12324,0,0.6316302631455966
TERM,12325,12421,0,0.6316302631455966
TERM,12422,12918,0,0.6316302631455966
TERM,12919,13210,0,0.6316302631455966
TERM,13211,13512,0,0.6316302631455966
TERM,13513,13766,0,0.6316302631455966
TERM,13767,14201,0,0.6316302631455966
TERM,14202,14565,0,0.6316302631455966
TERM,14566,14840,0,0.6316302631455966
TERM,14841,15203,0,0.6316302631455966
TERM,15204,15678,0,0.6316302631455966
TERM,15679,16085,0,0.6316302631455966
TERM,16086,16179,0,0.6316302631455966
TERM,16180,16677,0,0.6316302631455966
TERM,16678,16802,0,0.6316302631455966
TERM,16803,16992,0,0.6316302631455966
TERM,16993,17060,0,0.6316302631455966
TERM,17061,17128,0,0.6316302631455966
TERM,17129,17268,0,0.6316302631455966
