channel,start_time,stop_time,label,confidence
TERM,1,381,0,0.6245500732207381
TERM,382,444,0,0.6245500732207381
TERM,445,586,0,0.6245500732207381
TERM,587,866,0,0.6245500732207381
TERM,867,1237,0,0.6245500732207381
TERM,1238,1581,0,0.6245500732207381
TERM,1582,1770,0,0.6245500732207381
TERM,1771,1910,0,0.6245500732207381
TERM,1911,2277,0,0.6245500732207381
TERM,2278,2733,0,0.6245500732207381
TERM,2734,3146,0,0.6245500732207381
TERM,3147,3405,0,0.6245500732207381
TERM,3406,3762,0,0.6245500732207381
TERM,3763,3903,0,0.6245500732207381
TERM,3904,4288,0,0.6245500732207381
