channel,start_time,stop_time,label,confidence
TERM,1,23,0,0.4890631228278713
TERM,24,406,0,0.4890631228278713
TERM,407,821,0,0.4890631228278713
TERM,822,851,0,0.4890631228278713
TERM,852,1336,0,0.4890631228278713
TERM,1337,1574,0,0.4890631228278713
TERM,1575,1973,0,0.4890631228278713
TERM,1974,2381,0,0.4890631228278713
TERM,2382,2637,0,0.4890631228278713
TERM,2638,2666,0,0.4890631228278713
TERM,2667,2823,0,0.4890631228278713
TERM,2824,3257,0,0.4890631228278713
TERM,3258,3746,0,0.4890631228278713
TERM,3747,3993,0,0.4890631228278713
TERM,3994,4415,0,0.4890631228278713
TERM,4416,4767,0,0.4890631228278713
TERM,4768,4975,0,0.4890631228278713
TERM,4976,5096,0,0.4890631228278713
TERM,5097,5248,0,0.4890631228278713
TERM,5249,5485,0,0.4890631228278713
TERM,5486,5666,0,0.4890631228278713
TERM,5667,5711,0,0.4890631228278713
TERM,5712,5724,0,0.4890631228278713
TERM,5725,5782,0,0.4890631228278713
TERM,5783,5970,0,0.4890631228278713
TERM,5971,6447,0,0.4890631228278713
