channel,start_time,stop_time,label,confidence
TERM,1,119,0,0.5890599361726107
TERM,120,584,0,0.5890599361726107
TERM,585,648,0,0.5890599361726107
TERM,649,1015,0,0.5890599361726107
TERM,1016,1466,0,0.5890599361726107
TERM,1467,1719,0,0.5890599361726107
TERM,1720,1731,0,0.5890599361726107
TERM,1732,2221,0,0.5890599361726107
TERM,2222,2436,0,0.5890599361726107
TERM,2437,2664,0,0.5890599361726107
TERM,2665,3061,0,0.5890599361726107
TERM,3062,3553,0,0.5890599361726107
TERM,3554,3676,0,0.5890599361726107
TERM,3677,3995,0,0.5890599361726107
TERM,3996,4387,0,0.5890599361726107
TERM,4388,4587,0,0.5890599361726107
TERM,4588,4649,0,0.5890599361726107
TERM,4650,4860,0,0.5890599361726107
TERM,4861,4966,0,0.5890599361726107
TERM,4967,5430,0,0.5890599361726107
TERM,5431,5718,0,0.5890599361726107
TERM,5719,6012,0,0.5890599361726107
TERM,6013,6445,0,0.5890599361726107
TERM,6446,6496,0,0.5890599361726107
TERM,6497,6573,0,0.5890599361726107
TERM,6574,6894,0,0.5890599361726107
TERM,6895,7220,0,0.5890599361726107
TERM,7221,7409,0,0.5890599361726107
TERM,7410,7831,0,0.5890599361726107
TERM,7832,8157,0,0.5890599361726107
TERM,8158,8380,0,0.5890599361726107
TERM,8381,8648,0,0.5890599361726107
TERM,8649,8967,0,0.5890599361726107
TERM,8968,9359,0,0.5890599361726107
TERM,9360,9755,0,0.5890599361726107
TERM,9756,10046,0,0.5890599361726107
TERM,10047,10449,0,0.5890599361726107
TERM,10450,10885,0,0.5890599361726107
TERM,10886,11201,0,0.5890599361726107
TERM,11202,11452,0,0.5890599361726107
TERM,11453,11635,0,0.5890599361726107
TERM,11636,11670,0,0.5890599361726107
TERM,11671,12109,0,0.5890599361726107
TERM,12110,12133,0,0.5890599361726107
TERM,12134,12284,0,0.5890599361726107
TERM,12285,12770,0,0.5890599361726107
TERM,12771,12925,0,0.5890599361726107
TERM,12926,13180,0,0.5890599361726107
TERM,13181,13467,0,0.5890599361726107
TERM,13468,13893,0,0.5890599361726107
TERM,13894,13969,0,0.5890599361726107
TERM,13970,14342,0,0.5890599361726107
TERM,14343,14648,0,0.5890599361726107
TERM,14649,15071,0,0.5890599361726107
TERM,15072,15485,0,0.5890599361726107
TERM,15486,15573,0,0.5890599361726107
