channel,start_time,stop_time,label,confidence
TERM,1,143,0,0.6287032274218513
TERM,144,158,0,0.6287032274218513
TERM,159,489,0,0.6287032274218513
TERM,490,512,0,0.6287032274218513
TERM,513,601,0,0.6287032274218513
TERM,602,870,0,0.6287032274218513
TERM,871,955,0,0.6287032274218513
TERM,956,1288,0,0.6287032274218513
TERM,1289,1312,0,0.6287032274218513
TERM,1313,1739,0,0.6287032274218513
TERM,1740,1819,0,0.6287032274218513
TERM,1820,1934,0,0.6287032274218513
TERM,1935,2338,0,0.6287032274218513
TERM,2339,2509,0,0.6287032274218513
TERM,2510,2584,0,0.6287032274218513
TERM,2585,2864,0,0.6287032274218513
TERM,2865,3113,0,0.6287032274218513
TERM,3114,3196,0,0.6287032274218513
TERM,3197,3424,0,0.6287032274218513
TERM,3425,3861,0,0.6287032274218513
TERM,3862,3969,0,0.6287032274218513
TERM,3970,4262,0,0.6287032274218513
TERM,4263,4670,0,0.6287032274218513
TERM,4671,5153,0,0.6287032274218513
TERM,5154,5440,0,0.6287032274218513
TERM,5441,5564,0,0.6287032274218513
TERM,5565,5744,0,0.6287032274218513
TERM,5745,6202,0,0.6287032274218513
TERM,6203,6530,0,0.6287032274218513
TERM,6531,6958,0,0.6287032274218513
TERM,6959,7302,0,0.6287032274218513
TERM,7303,7698,0,0.6287032274218513
TERM,7699,7767,0,0.6287032274218513
TERM,7768,7832,0,0.6287032274218513
TERM,7833,8184,0,0.6287032274218513
TERM,8185,8420,0,0.6287032274218513
TERM,8421,8674,0,0.6287032274218513
TERM,8675,9029,0,0.6287032274218513
TERM,9030,9115,0,0.6287032274218513
TERM,9116,9445,0,0.6287032274218513
TERM,9446,9758,0,0.6287032274218513
TERM,9759,9964,0,0.6287032274218513
