channel,start_time,stop_time,label,confidence
TERM,1,82,0,0.7684657567854116
TERM,83,576,0,0.7684657567854116
TERM,577,961,0,0.7684657567854116
TERM,962,1296,0,0.7684657567854116
TERM,1297,1535,0,0.7684657567854116
TERM,1536,1922,0,0.7684657567854116
TERM,1923,2404,0,0.7684657567854116
TERM,2405,2870,0,0.7684657567854116
TERM,2871,3011,0,0.7684657567854116
TERM,3012,3097,0,0.7684657567854116
TERM,3098,3498,0,0.7684657567854116
TERM,3499,3906,0,0.7684657567854116
TERM,3907,4041,0,0.7684657567854116
TERM,4042,4058,0,0.7684657567854116
TERM,4059,4201,0,0.7684657567854116
TERM,4202,4365,0,0.7684657567854116
TERM,4366,4539,0,0.7684657567854116
TERM,4540,4730,0,0.7684657567854116
TERM,4731,5010,0,0.7684657567854116
TERM,5011,5450,0,0.7684657567854116
TERM,5451,5837,0,0.7684657567854116
TERM,5838,6054,0,0.7684657567854116
TERM,6055,6547,0,0.7684657567854116
TERM,6548,6967,0,0.7684657567854116
TERM,6968,7001,0,0.7684657567854116
TERM,7002,7064,0,0.7684657567854116
TERM,7065,7479,0,0.7684657567854116
TERM,7480,7631,0,0.7684657567854116
TERM,7632,7948,0,0.7684657567854116
TERM,7949,8307,0,0.7684657567854116
TERM,8308,8498,0,0.7684657567854116
TERM,8499,8607,0,0.7684657567854116
TERM,8608,8855,0,0.7684657567854116
TERM,8856,9164,0,0.7684657567854116
TERM,9165,9336,0,0.7684657567854116
TERM,9337,9644,0,0.7684657567854116
TERM,9645,9697,0,0.7684657567854116
TERM,9698,9843,0,0.7684657567854116
TERM,9844,10331,0,0.7684657567854116
TERM,10332,10535,0,0.7684657567854116
TERM,10536,10953,0,0.7684657567854116
TERM,10954,11102,0,0.7684657567854116
TERM,11103,11484,0,0.7684657567854116
TERM,11485,11662,0,0.7684657567854116
TERM,11663,12046,0,0.7684657567854116
TERM,12047,12475,0,0.7684657567854116
TERM,12476,12730,0,0.7684657567854116
TERM,12731,12980,0,0.7684657567854116
TERM,12981,13388,0,0.7684657567854116
TERM,13389,13740,0,0.7684657567854116
TERM,13741,14117,0,0.7684657567854116
TERM,14118,14429,0,0.7684657567854116
TERM,14430,14586,0,0.7684657567854116
TERM,14587,14866,0,0.7684657567854116
TERM,14867,15138,0,0.7684657567854116
TERM,15139,15151,0,0.7684657567854116
TERM,15152,15372,0,0.7684657567854116
TERM,15373,15427,0,0.7684657567854116
TERM,15428,15516,0,0.7684657567854116
TERM,15517,15693,0,0.7684657567854116
TERM,15694,16180,0,0.7684657567854116
TERM,16181,16328,0,0.7684657567854116
TERM,16329,16693,0,0.7684657567854116
TERM,16694,16742,0,0.7684657567854116
