channel,start_time,stop_time,label,confidence
TERM,1,228,0,0.5010786545178809
TERM,229,564,0,0.5010786545178809
TERM,565,679,0,0.5010786545178809
TERM,680,951,0,0.5010786545178809
TERM,952,1437,0,0.5010786545178809
TERM,1438,1590,0,0.5010786545178809
TERM,1591,1901,0,0.5010786545178809
TERM,1902,2234,0,0.5010786545178809
TERM,2235,2563,0,0.5010786545178809
TERM,2564,2778,0,0.5010786545178809
TERM,2779,3253,0,0.5010786545178809
TERM,3254,3721,0,0.5010786545178809
