channel,start_time,stop_time,label,confidence
TERM,1,462,0,0.3216972774790079
TERM,463,858,0,0.3216972774790079
TERM,859,1142,0,0.3216972774790079
TERM,1143,1235,0,0.3216972774790079
TERM,1236,1312,0,0.3216972774790079
TERM,1313,1503,0,0.3216972774790079
TERM,1504,1575,0,0.3216972774790079
TERM,1576,1779,0,0.3216972774790079
TERM,1780,1852,0,0.3216972774790079
TERM,1853,2148,0,0.3216972774790079
TERM,2149,2517,0,0.3216972774790079
TERM,2518,2982,0,0.3216972774790079
