channel,start_time,stop_time,label,confidence
TERM,1,260,0,0.621577603856827
TERM,261,579,0,0.621577603856827
TERM,580,915,0,0.621577603856827
TERM,916,1195,0,0.621577603856827
TERM,1196,1264,0,0.621577603856827
TERM,1265,1553,0,0.621577603856827
TERM,1554,1932,0,0.621577603856827
TERM,1933,2294,0,0.621577603856827
TERM,2295,2749,0,0.621577603856827
TERM,2750,2966,0,0.621577603856827
TERM,2967,3221,0,0.621577603856827
TERM,3222,3599,0,0.621577603856827
TERM,3600,3631,0,0.621577603856827
TERM,3632,3914,0,0.621577603856827
TERM,3915,4349,0,0.621577603856827
TERM,4350,4467,0,0.621577603856827
TERM,4468,4603,0,0.621577603856827
TERM,4604,4693,0,0.621577603856827
TERM,4694,4902,0,0.621577603856827
TERM,4903,5293,0,0.621577603856827
TERM,5294,5675,0,0.621577603856827
TERM,5676,5756,0,0.621577603856827
TERM,5757,5973,0,0.621577603856827
TERM,5974,6229,0,0.621577603856827
TERM,6230,6339,0,0.621577603856827
TERM,6340,6748,0,0.621577603856827
TERM,6749,7152,0,0.621577603856827
TERM,7153,7652,0,0.621577603856827
TERM,7653,7771,0,0.621577603856827
TERM,7772,8049,0,0.621577603856827
TERM,8050,8527,0,0.621577603856827
TERM,8528,8677,0,0.621577603856827
TERM,8678,8933,0,0.621577603856827
TERM,8934,8993,0,0.621577603856827
TERM,8994,9123,0,0.621577603856827
TERM,9124,9360,0,0.621577603856827
TERM,9361,9610,0,0.621577603856827
TERM,9611,9668,0,0.621577603856827
TERM,9669,9770,0,0.621577603856827
TERM,9771,10209,0,0.621577603856827
TERM,10210,10683,0,0.621577603856827
TERM,10684,10949,0,0.621577603856827
TERM,10950,11195,0,0.621577603856827
TERM,11196,11483,0,0.621577603856827
TERM,11484,11609,0,0.621577603856827
TERM,11610,11995,0,0.621577603856827
TERM,11996,12271,0,0.621577603856827
TERM,12272,12523,0,0.621577603856827
TERM,12524,12712,0,0.621577603856827
TERM,12713,12843,0,0.621577603856827
TERM,12844,13179,0,0.621577603856827
TERM,13180,13369,0,0.621577603856827
TERM,13370,13600,0,0.621577603856827
TERM,13601,14008,0,0.621577603856827
TERM,14009,14379,0,0.621577603856827
TERM,14380,14781,0,0.621577603856827
TERM,14782,15034,0,0.621577603856827
TERM,15035,15392,0,0.621577603856827
TERM,15393,15478,0,0.621577603856827
TERM,15479,15920,0,0.621577603856827
TERM,15921,16028,0,0.621577603856827
TERM,16029,16379,0,0.621577603856827
TERM,16380,16754,0,0.621577603856827
TERM,16755,17017,0,0.621577603856827
