channel,start_time,stop_time,label,confidence
TERM,1,343,0,0.6724679851736723
TERM,344,589,0,0.6724679851736723
TERM,590,683,0,0.6724679851736723
TERM,684,823,0,0.6724679851736723
TERM,824,1070,0,0.6724679851736723
TERM,1071,1277,0,0.6724679851736723
TERM,1278,1750,0,0.6724679851736723
TERM,1751,2106,0,0.6724679851736723
TERM,2107,2218,0,0.6724679851736723
TERM,2219,2572,0,0.6724679851736723
TERM,2573,3071,0,0.6724679851736723
TERM,3072,3457,0,0.6724679851736723
