channel,start_time,stop_time,label,confidence
TERM,1,67,0,0.6669416031259621
TERM,68,149,0,0.6669416031259621
TERM,150,522,0,0.6669416031259621
TERM,523,939,0,0.6669416031259621
TERM,940,1081,0,0.6669416031259621
TERM,1082,1266,0,0.6669416031259621
TERM,1267,1601,0,0.6669416031259621
TERM,1602,1987,0,0.6669416031259621
TERM,1988,2011,0,0.6669416031259621
TERM,2012,2485,0,0.6669416031259621
TERM,2486,2947,0,0.6669416031259621
TERM,2948,3122,0,0.6669416031259621
TERM,3123,3571,0,0.6669416031259621
TERM,3572,3662,0,0.6669416031259621
TERM,3663,3868,0,0.6669416031259621
TERM,3869,4359,0,0.6669416031259621
TERM,4360,4585,0,0.6669416031259621
TERM,4586,4670,0,0.6669416031259621
TERM,4671,4960,0,0.6669416031259621
TERM,4961,5051,0,0.6669416031259621
TERM,5052,5477,0,0.6669416031259621
TERM,5478,5613,0,0.6669416031259621
TERM,5614,6055,0,0.6669416031259621
TERM,6056,6510,0,0.6669416031259621
TERM,6511,6668,0,0.6669416031259621
TERM,6669,7121,0,0.6669416031259621
TERM,7122,7422,0,0.6669416031259621
TERM,7423,7481,0,0.6669416031259621
TERM,7482,7786,0,0.6669416031259621
TERM,7787,7888,0,0.6669416031259621
TERM,7889,7904,0,0.6669416031259621
TERM,7905,8337,0,0.6669416031259621
TERM,8338,8463,0,0.6669416031259621
TERM,8464,8650,0,0.6669416031259621
TERM,8651,8939,0,0.6669416031259621
TERM,8940,9065,0,0.6669416031259621
TERM,9066,9114,0,0.6669416031259621
TERM,9115,9597,0,0.6669416031259621
TERM,9598,9984,0,0.6669416031259621
TERM,9985,10129,0,0.6669416031259621
TERM,10130,10411,0,0.6669416031259621
TERM,10412,10621,0,0.6669416031259621
TERM,10622,10809,0,0.6669416031259621
TERM,10810,10916,0,0.6669416031259621
TERM,10917,11367,0,0.6669416031259621
TERM,11368,11580,0,0.6669416031259621
TERM,11581,11921,0,0.6669416031259621
TERM,11922,12343,0,0.6669416031259621
TERM,12344,12631,0,0.6669416031259621
TERM,12632,13115,0,0.6669416031259621
TERM,13116,13521,0,0.6669416031259621
TERM,13522,13556,0,0.6669416031259621
TERM,13557,13791,0,0.6669416031259621
TERM,13792,14248,0,0.6669416031259621
TERM,14249,14462,0,0.6669416031259621
TERM,14463,14911,0,0.6669416031259621
TERM,14912,15009,0,0.6669416031259621
TERM,15010,15105,0,0.6669416031259621
TERM,15106,15203,0,0.6669416031259621
TERM,15204,15496,0,0.6669416031259621
TERM,15497,15890,0,0.6669416031259621
TERM,15891,16365,0,0.6669416031259621
TERM,16366,16753,0,0.6669416031259621
TERM,16754,16999,0,0.6669416031259621
