channel,start_time,stop_time,label,confidence
TERM,1,222,0,0.4234566967277994
TERM,223,467,0,0.4234566967277994
TERM,468,755,0,0.4234566967277994
TERM,756,928,0,0.4234566967277994
TERM,929,1220,0,0.4234566967277994
TERM,1221,1704,0,0.4234566967277994
TERM,1705,1986,0,0.4234566967277994
TERM,1987,2462,0,0.4234566967277994
TERM,2463,2687,0,0.4234566967277994
TERM,2688,3110,0,0.4234566967277994
TERM,3111,3478,0,0.4234566967277994
TERM,3479,3740,0,0.4234566967277994
TERM,3741,4013,0,0.4234566967277994
TERM,4014,4475,0,0.4234566967277994
