channel,start_time,stop_time,label,confidence
TERM,1,102,0,0.5647457055319961
TERM,103,139,0,0.5647457055319961
TERM,140,248,0,0.5647457055319961
TERM,249,603,0,0.5647457055319961
TERM,604,744,0,0.5647457055319961
TERM,745,1010,0,0.5647457055319961
TERM,1011,1295,0,0.5647457055319961
TERM,1296,1662,0,0.5647457055319961
TERM,1663,1824,0,0.5647457055319961
TERM,1825,1848,0,0.5647457055319961
TERM,1849,2222,0,0.5647457055319961
TERM,2223,2549,0,0.5647457055319961
TERM,2550,2815,0,0.5647457055319961
TERM,2816,3232,0,0.5647457055319961
TERM,3233,3282,0,0.5647457055319961
TERM,3283,3345,0,0.5647457055319961
TERM,3346,3731,0,0.5647457055319961
TERM,3732,4103,0,0.5647457055319961
TERM,4104,4350,0,0.5647457055319961
TERM,4351,4429,0,0.5647457055319961
TERM,4430,4671,0,0.5647457055319961
TERM,4672,4797,0,0.5647457055319961
TERM,4798,4947,0,0.5647457055319961
TERM,4948,4992,0,0.5647457055319961
TERM,4993,5247,0,0.5647457055319961
TERM,5248,5365,0,0.5647457055319961
TERM,5366,5447,0,0.5647457055319961
TERM,5448,5623,0,0.5647457055319961
TERM,5624,5826,0,0.5647457055319961
TERM,5827,6050,0,0.5647457055319961
TERM,6051,6133,0,0.5647457055319961
TERM,6134,6613,0,0.5647457055319961
TERM,6614,6874,0,0.5647457055319961
TERM,6875,6935,0,0.5647457055319961
TERM,6936,7097,0,0.5647457055319961
TERM,7098,7327,0,0.5647457055319961
TERM,7328,7688,0,0.5647457055319961
TERM,7689,7928,0,0.5647457055319961
TERM,7929,8062,0,0.5647457055319961
TERM,8063,8559,0,0.5647457055319961
TERM,8560,8726,0,0.5647457055319961
TERM,8727,8975,0,0.5647457055319961
TERM,8976,9253,0,0.5647457055319961
TERM,9254,9435,0,0.5647457055319961
TERM,9436,9500,0,0.5647457055319961
TERM,9501,9942,0,0.5647457055319961
TERM,9943,9968,0,0.5647457055319961
TERM,9969,10415,0,0.5647457055319961
