channel,start_time,stop_time,label,confidence
TERM,1,459,0,0.6840629642611347
TERM,460,531,0,0.6840629642611347
TERM,532,723,0,0.6840629642611347
TERM,724,921,0,0.6840629642611347
TERM,922,1407,0,0.6840629642611347
TERM,1408,1428,0,0.6840629642611347
TERM,1429,1637,0,0.6840629642611347
TERM,1638,1884,0,0.6840629642611347
TERM,1885,2331,0,0.6840629642611347
TERM,2332,2395,0,0.6840629642611347
TERM,2396,2576,0,0.6840629642611347
TERM,2577,2959,0,0.6840629642611347
TERM,2960,3127,0,0.6840629642611347
