channel,start_time,stop_time,label,confidence
TERM,1,68,0,0.4548387017093549
TERM,69,138,0,0.4548387017093549
TERM,139,516,0,0.4548387017093549
TERM,517,900,0,0.4548387017093549
TERM,901,1296,0,0.4548387017093549
TERM,1297,1665,0,0.4548387017093549
TERM,1666,1727,0,0.4548387017093549
TERM,1728,1876,0,0.4548387017093549
TERM,1877,2327,0,0.4548387017093549
TERM,2328,2431,0,0.4548387017093549
TERM,2432,2858,0,0.4548387017093549
