channel,start_time,stop_time,label,confidence
TERM,1,407,0,0.649675621172555
TERM,408,462,0,0.649675621172555
TERM,463,500,0,0.649675621172555
TERM,501,933,0,0.649675621172555
TERM,934,1297,0,0.649675621172555
TERM,1298,1641,0,0.649675621172555
TERM,1642,2019,0,0.649675621172555
TERM,2020,2329,0,0.649675621172555
TERM,2330,2661,0,0.649675621172555
TERM,2662,2910,0,0.649675621172555
TERM,2911,2937,0,0.649675621172555
TERM,2938,2967,0,0.649675621172555
TERM,2968,3134,0,0.649675621172555
TERM,3135,3213,0,0.649675621172555
TERM,3214,3425,0,0.649675621172555
TERM,3426,3788,0,0.649675621172555
TERM,3789,4018,0,0.649675621172555
TERM,4019,4348,0,0.649675621172555
TERM,4349,4370,0,0.649675621172555
TERM,4371,4382,0,0.649675621172555
TERM,4383,4560,0,0.649675621172555
TERM,4561,4756,0,0.649675621172555
TERM,4757,5173,0,0.649675621172555
TERM,5174,5606,0,0.649675621172555
TERM,5607,5943,0,0.649675621172555
TERM,5944,6167,0,0.649675621172555
TERM,6168,6641,0,0.649675621172555
TERM,6642,6832,0,0.649675621172555
TERM,6833,7010,0,0.649675621172555
TERM,7011,7053,0,0.649675621172555
TERM,7054,7522,0,0.649675621172555
TERM,7523,7940,0,0.649675621172555
TERM,7941,8001,0,0.649675621172555
TERM,8002,8371,0,0.649675621172555
TERM,8372,8387,0,0.649675621172555
TERM,8388,8504,0,0.649675621172555
TERM,8505,8626,0,0.649675621172555
TERM,8627,8827,0,0.649675621172555
TERM,8828,9193,0,0.649675621172555
TERM,9194,9434,0,0.649675621172555
TERM,9435,9621,0,0.649675621172555
TERM,9622,10036,0,0.649675621172555
TERM,10037,10359,0,0.649675621172555
TERM,10360,10494,0,0.649675621172555
TERM,10495,10647,0,0.649675621172555
TERM,10648,10851,0,0.649675621172555
TERM,10852,10886,0,0.649675621172555
TERM,10887,11275,0,0.649675621172555
TERM,11276,11581,0,0.649675621172555
TERM,11582,12060,0,0.649675621172555
TERM,12061,12115,0,0.649675621172555
TERM,12116,12443,0,0.649675621172555
TERM,12444,12731,0,0.649675621172555
TERM,12732,13163,0,0.649675621172555
TERM,13164,13397,0,0.649675621172555
TERM,13398,13619,0,0.649675621172555
TERM,13620,13719,0,0.649675621172555
TERM,13720,14134,0,0.649675621172555
TERM,14135,14446,0,0.649675621172555
TERM,14447,14933,0,0.649675621172555
