channel,start_time,stop_time,label,confidence
TERM,1,156,0,0.7395677381131516
TERM,157,243,0,0.7395677381131516
TERM,244,416,0,0.7395677381131516
TERM,417,617,0,0.7395677381131516
TERM,618,667,0,0.7395677381131516
TERM,668,825,0,0.7395677381131516
TERM,826,1242,0,0.7395677381131516
TERM,1243,1449,0,0.7395677381131516
TERM,1450,1586,0,0.7395677381131516
TERM,1587,1956,0,0.7395677381131516
TERM,1957,2236,0,0.7395677381131516
TERM,2237,2488,0,0.7395677381131516
