channel,start_time,stop_time,label,confidence
TERM,1,90,0,0.6279765374251203
TERM,91,552,0,0.6279765374251203
TERM,553,720,0,0.6279765374251203
TERM,721,1180,0,0.6279765374251203
TERM,1181,1245,0,0.6279765374251203
TERM,1246,1408,0,0.6279765374251203
TERM,1409,1448,0,0.6279765374251203
TERM,1449,1625,0,0.6279765374251203
TERM,1626,1783,0,0.6279765374251203
TERM,1784,2013,0,0.6279765374251203
TERM,2014,2125,0,0.6279765374251203
TERM,2126,2560,0,0.6279765374251203
TERM,2561,2674,0,0.6279765374251203
TERM,2675,2814,0,0.6279765374251203
TERM,2815,3001,0,0.6279765374251203
TERM,3002,3389,0,0.6279765374251203
TERM,3390,3688,0,0.6279765374251203
TERM,3689,4152,0,0.6279765374251203
TERM,4153,4601,0,0.6279765374251203
TERM,4602,4888,0,0.6279765374251203
TERM,4889,5132,0,0.6279765374251203
TERM,5133,5178,0,0.6279765374251203
TERM,5179,5319,0,0.6279765374251203
TERM,5320,5549,0,0.6279765374251203
TERM,5550,5796,0,0.6279765374251203
TERM,5797,6025,0,0.6279765374251203
TERM,6026,6378,0,0.6279765374251203
TERM,6379,6593,0,0.6279765374251203
TERM,6594,7060,0,0.6279765374251203
TERM,7061,7461,0,0.6279765374251203
TERM,7462,7864,0,0.6279765374251203
TERM,7865,7961,0,0.6279765374251203
TERM,7962,8328,0,0.6279765374251203
TERM,8329,8338,0,0.6279765374251203
TERM,8339,8370,0,0.6279765374251203
TERM,8371,8589,0,0.6279765374251203
