channel,start_time,stop_time,label,confidence
TERM,1,291,0,0.6136597069008205
TERM,292,428,0,0.6136597069008205
TERM,429,741,0,0.6136597069008205
TERM,742,1235,0,0.6136597069008205
TERM,1236,1499,0,0.6136597069008205
TERM,1500,1742,0,0.6136597069008205
TERM,1743,2201,0,0.6136597069008205
TERM,2202,2442,0,0.6136597069008205
TERM,2443,2607,0,0.6136597069008205
TERM,2608,2869,0,0.6136597069008205
TERM,2870,3263,0,0.6136597069008205
TERM,3264,3605,0,0.6136597069008205
TERM,3606,3820,0,0.6136597069008205
TERM,3821,4153,0,0.6136597069008205
TERM,4154,4387,0,0.6136597069008205
TERM,4388,4473,0,0.6136597069008205
TERM,4474,4630,0,0.6136597069008205
TERM,4631,4896,0,0.6136597069008205
TERM,4897,5371,0,0.6136597069008205
TERM,5372,5555,0,0.6136597069008205
TERM,5556,5661,0,0.6136597069008205
TERM,5662,6142,0,0.6136597069008205
TERM,6143,6178,0,0.6136597069008205
TERM,6179,6277,0,0.6136597069008205
TERM,6278,6581,0,0.6136597069008205
TERM,6582,6859,0,0.6136597069008205
TERM,6860,7227,0,0.6136597069008205
TERM,7228,7447,0,0.6136597069008205
TERM,7448,7830,0,0.6136597069008205
TERM,7831,8173,0,0.6136597069008205
TERM,8174,8263,0,0.6136597069008205
TERM,8264,8288,0,0.6136597069008205
TERM,8289,8699,0,0.6136597069008205
