channel,start_time,stop_time,label,confidence
TERM,1,275,0,0.4557365142634596
TERM,276,486,0,0.4557365142634596
TERM,487,805,0,0.4557365142634596
TERM,806,1011,0,0.4557365142634596
TERM,1012,1364,0,0.4557365142634596
TERM,1365,1574,0,0.4557365142634596
TERM,1575,1636,0,0.4557365142634596
TERM,1637,1982,0,0.4557365142634596
TERM,1983,2277,0,0.4557365142634596
TERM,2278,2685,0,0.4557365142634596
TERM,2686,2860,0,0.4557365142634596
TERM,2861,2946,0,0.4557365142634596
TERM,2947,3250,0,0.4557365142634596
TERM,3251,3422,0,0.4557365142634596
TERM,3423,3705,0,0.4557365142634596
TERM,3706,3765,0,0.4557365142634596
TERM,3766,4229,0,0.4557365142634596
TERM,4230,4274,0,0.4557365142634596
TERM,4275,4323,0,0.4557365142634596
TERM,4324,4717,0,0.4557365142634596
TERM,4718,5132,0,0.4557365142634596
TERM,5133,5202,0,0.4557365142634596
TERM,5203,5422,0,0.4557365142634596
TERM,5423,5581,0,0.4557365142634596
TERM,5582,5630,0,0.4557365142634596
TERM,5631,6116,0,0.4557365142634596
TERM,6117,6376,0,0.4557365142634596
TERM,6377,6406,0,0.4557365142634596
TERM,6407,6470,0,0.4557365142634596
TERM,6471,6753,0,0.4557365142634596
TERM,6754,7124,0,0.4557365142634596
TERM,7125,7450,0,0.4557365142634596
TERM,7451,7787,0,0.4557365142634596
TERM,7788,8227,0,0.4557365142634596
TERM,8228,8419,0,0.4557365142634596
TERM,8420,8880,0,0.4557365142634596
TERM,8881,9037,0,0.4557365142634596
TERM,9038,9167,0,0.4557365142634596
TERM,9168,9588,0,0.4557365142634596
TERM,9589,9794,0,0.4557365142634596
TERM,9795,10119,0,0.4557365142634596
TERM,10120,10614,0,0.4557365142634596
TERM,10615,10664,0,0.4557365142634596
TERM,10665,10756,0,0.4557365142634596
TERM,10757,10901,0,0.4557365142634596
TERM,10902,11098,0,0.4557365142634596
TERM,11099,11121,0,0.4557365142634596
TERM,11122,11595,0,0.4557365142634596
