channel,start_time,stop_time,label,confidence
TERM,1,458,0,0.5228259336664818
TERM,459,942,0,0.5228259336664818
TERM,943,1356,0,0.5228259336664818
TERM,1357,1416,0,0.5228259336664818
TERM,1417,1658,0,0.5228259336664818
TERM,1659,1941,0,0.5228259336664818
TERM,1942,2073,0,0.5228259336664818
TERM,2074,2094,0,0.5228259336664818
TERM,2095,2533,0,0.5228259336664818
TERM,2534,2984,0,0.5228259336664818
TERM,2985,3218,0,0.5228259336664818
TERM,3219,3631,0,0.5228259336664818
TERM,3632,3654,0,0.5228259336664818
TERM,3655,4107,0,0.5228259336664818
TERM,4108,4450,0,0.5228259336664818
TERM,4451,4822,0,0.5228259336664818
TERM,4823,5263,0,0.5228259336664818
TERM,5264,5735,0,0.5228259336664818
TERM,5736,5771,0,0.5228259336664818
TERM,5772,6117,0,0.5228259336664818
TERM,6118,6568,0,0.5228259336664818
TERM,6569,6980,0,0.5228259336664818
TERM,6981,7055,0,0.5228259336664818
TERM,7056,7301,0,0.5228259336664818
TERM,7302,7502,0,0.5228259336664818
TERM,7503,7950,0,0.5228259336664818
TERM,7951,7968,0,0.5228259336664818
TERM,7969,8014,0,0.5228259336664818
TERM,8015,8508,0,0.5228259336664818
TERM,8509,8734,0,0.5228259336664818
TERM,8735,9026,0,0.5228259336664818
TERM,9027,9417,0,0.5228259336664818
TERM,9418,9562,0,0.5228259336664818
TERM,9563,9897,0,0.5228259336664818
TERM,9898,9943,0,0.5228259336664818
TERM,9944,10100,0,0.5228259336664818
TERM,10101,10125,0,0.5228259336664818
TERM,10126,10540,0,0.5228259336664818
TERM,10541,10799,0,0.5228259336664818
TERM,10800,10937,0,0.5228259336664818
TERM,10938,11033,0,0.5228259336664818
TERM,11034,11405,0,0.5228259336664818
TERM,11406,11730,0,0.5228259336664818
TERM,11731,11819,0,0.5228259336664818
TERM,11820,12206,0,0.5228259336664818
TERM,12207,12690,0,0.5228259336664818
TERM,12691,12760,0,0.5228259336664818
TERM,12761,13055,0,0.5228259336664818
TERM,13056,13320,0,0.5228259336664818
TERM,13321,13773,0,0.5228259336664818
TERM,13774,14014,0,0.5228259336664818
TERM,14015,14153,0,0.5228259336664818
TERM,14154,14222,0,0.5228259336664818
TERM,14223,14589,0,0.5228259336664818
TERM,14590,14906,0,0.5228259336664818
TERM,14907,15139,0,0.5228259336664818
TERM,15140,15246,0,0.5228259336664818
TERM,15247,15342,0,0.5228259336664818
TERM,15343,15531,0,0.5228259336664818
TERM,15532,15621,0,0.5228259336664818
