channel,start_time,stop_time,label,confidence
TERM,1,17,0,0.4459407698310033
TERM,18,290,0,0.4459407698310033
TERM,291,442,0,0.4459407698310033
TERM,443,930,0,0.4459407698310033
TERM,931,1092,0,0.4459407698310033
TERM,1093,1211,0,0.4459407698310033
TERM,1212,1482,0,0.4459407698310033
TERM,1483,1620,0,0.4459407698310033
TERM,1621,1703,0,0.4459407698310033
TERM,1704,2120,0,0.4459407698310033
TERM,2121,2403,0,0.4459407698310033
TERM,2404,2623,0,0.4459407698310033
TERM,2624,2948,0,0.4459407698310033
TERM,2949,3063,0,0.4459407698310033
TERM,3064,3295,0,0.4459407698310033
TERM,3296,3343,0,0.4459407698310033
TERM,3344,3422,0,0.4459407698310033
TERM,3423,3709,0,0.4459407698310033
TERM,3710,3872,0,0.4459407698310033
TERM,3873,4212,0,0.4459407698310033
TERM,4213,4631,0,0.4459407698310033
TERM,4632,4696,0,0.4459407698310033
TERM,4697,5033,0,0.4459407698310033
TERM,5034,5144,0,0.4459407698310033
TERM,5145,5296,0,0.4459407698310033
TERM,5297,5404,0,0.4459407698310033
TERM,5405,5887,0,0.4459407698310033
TERM,5888,6004,0,0.4459407698310033
TERM,6005,6472,0,0.4459407698310033
TERM,6473,6862,0,0.4459407698310033
TERM,6863,7353,0,0.4459407698310033
TERM,7354,7840,0,0.4459407698310033
TERM,7841,8281,0,0.4459407698310033
TERM,8282,8737,0,0.4459407698310033
TERM,8738,8838,0,0.4459407698310033
TERM,8839,8987,0,0.4459407698310033
TERM,8988,9253,0,0.4459407698310033
TERM,9254,9266,0,0.4459407698310033
TERM,9267,9725,0,0.4459407698310033
TERM,9726,9872,0,0.4459407698310033
TERM,9873,10346,0,0.4459407698310033
TERM,10347,10497,0,0.4459407698310033
TERM,10498,10569,0,0.4459407698310033
TERM,10570,10974,0,0.4459407698310033
TERM,10975,11289,0,0.4459407698310033
TERM,11290,11730,0,0.4459407698310033
TERM,11731,12170,0,0.4459407698310033
TERM,12171,12279,0,0.4459407698310033
TERM,12280,12669,0,0.4459407698310033
TERM,12670,12971,0,0.4459407698310033
TERM,12972,13387,0,0.4459407698310033
TERM,13388,13667,0,0.4459407698310033
TERM,13668,13878,0,0.4459407698310033
TERM,13879,14069,0,0.4459407698310033
TERM,14070,14303,0,0.4459407698310033
TERM,14304,14353,0,0.4459407698310033
TERM,14354,14609,0,0.4459407698310033
TERM,14610,15074,0,0.4459407698310033
TERM,15075,15261,0,0.4459407698310033
TERM,15262,15737,0,0.4459407698310033
TERM,15738,15777,0,0.4459407698310033
TERM,15778,16215,0,0.4459407698310033
TERM,16216,16245,0,0.4459407698310033
TERM,16246,16564,0,0.4459407698310033
TERM,16565,16611,0,0.4459407698310033
TERM,16612,17020,0,0.4459407698310033
