channel,start_time,stop_time,label,confidence
TERM,1,423,0,0.8054762930511429
TERM,424,560,0,0.8054762930511429
TERM,561,818,0,0.8054762930511429
TERM,819,1290,0,0.8054762930511429
TERM,1291,1783,0,0.8054762930511429
TERM,1784,1984,0,0.8054762930511429
TERM,1985,2041,0,0.8054762930511429
TERM,2042,2453,0,0.8054762930511429
TERM,2454,2746,0,0.8054762930511429
TERM,2747,2936,0,0.8054762930511429
TERM,2937,2995,0,0.8054762930511429
TERM,2996,3434,0,0.8054762930511429
TERM,3435,3611,0,0.8054762930511429
TERM,3612,3940,0,0.8054762930511429
TERM,3941,4286,0,0.8054762930511429
TERM,4287,4739,0,0.8054762930511429
TERM,4740,4890,0,0.8054762930511429
TERM,4891,4961,0,0.8054762930511429
TERM,4962,5372,0,0.8054762930511429
TERM,5373,5613,0,0.8054762930511429
TERM,5614,5968,0,0.8054762930511429
TERM,5969,6307,0,0.8054762930511429
TERM,6308,6684,0,0.8054762930511429
TERM,6685,6810,0,0.8054762930511429
TERM,6811,7308,0,0.8054762930511429
TERM,7309,7332,0,0.8054762930511429
TERM,7333,7751,0,0.8054762930511429
TERM,7752,8183,0,0.8054762930511429
TERM,8184,8408,0,0.8054762930511429
TERM,8409,8799,0,0.8054762930511429
