channel,start_time,stop_time,label,confidence
TERM,1,478,0,0.6464084669721692
TERM,479,569,0,0.6464084669721692
TERM,570,757,0,0.6464084669721692
TERM,758,817,0,0.6464084669721692
TERM,818,969,0,0.6464084669721692
TERM,970,1443,0,0.6464084669721692
TERM,1444,1883,0,0.6464084669721692
TERM,1884,2309,0,0.6464084669721692
TERM,2310,2496,0,0.6464084669721692
TERM,2497,2844,0,0.6464084669721692
TERM,2845,3018,0,0.6464084669721692
TERM,3019,3423,0,0.6464084669721692
TERM,3424,3550,0,0.6464084669721692
TERM,3551,3808,0,0.6464084669721692
TERM,3809,4288,0,0.6464084669721692
TERM,4289,4736,0,0.6464084669721692
TERM,4737,4914,0,0.6464084669721692
TERM,4915,4950,0,0.6464084669721692
TERM,4951,4972,0,0.6464084669721692
TERM,4973,5427,0,0.6464084669721692
TERM,5428,5682,0,0.6464084669721692
TERM,5683,5704,0,0.6464084669721692
TERM,5705,5841,0,0.6464084669721692
TERM,5842,5977,0,0.6464084669721692
TERM,5978,6211,0,0.6464084669721692
TERM,6212,6409,0,0.6464084669721692
TERM,6410,6596,0,0.6464084669721692
TERM,6597,7076,0,0.6464084669721692
TERM,7077,7565,0,0.6464084669721692
TERM,7566,7826,0,0.6464084669721692
TERM,7827,7987,0,0.6464084669721692
TERM,7988,8230,0,0.6464084669721692
TERM,8231,8691,0,0.6464084669721692
TERM,8692,9118,0,0.6464084669721692
TERM,9119,9465,0,0.6464084669721692
TERM,9466,9915,0,0.6464084669721692
TERM,9916,10175,0,0.6464084669721692
TERM,10176,10411,0,0.6464084669721692
TERM,10412,10787,0,0.6464084669721692
TERM,10788,11284,0,0.6464084669721692
TERM,11285,11413,0,0.6464084669721692
TERM,11414,11811,0,0.6464084669721692
TERM,11812,12165,0,0.6464084669721692
TERM,12166,12575,0,0.6464084669721692
TERM,12576,12833,0,0.6464084669721692
TERM,12834,13105,0,0.6464084669721692
TERM,13106,13198,0,0.6464084669721692
TERM,13199,13385,0,0.6464084669721692
