channel,start_time,stop_time,label,confidence
TERM,1,391,0,0.554419871726945
TERM,392,608,0,0.554419871726945
TERM,609,768,0,0.554419871726945
TERM,769,786,0,0.554419871726945
TERM,787,1183,0,0.554419871726945
TERM,1184,1206,0,0.554419871726945
TERM,1207,1461,0,0.554419871726945
TERM,1462,1594,0,0.554419871726945
TERM,1595,1783,0,0.554419871726945
TERM,1784,2124,0,0.554419871726945
TERM,2125,2330,0,0.554419871726945
TERM,2331,2602,0,0.554419871726945
TERM,2603,2844,0,0.554419871726945
TERM,2845,2938,0,0.554419871726945
TERM,2939,3038,0,0.554419871726945
TERM,3039,3287,0,0.554419871726945
TERM,3288,3321,0,0.554419871726945
TERM,3322,3564,0,0.554419871726945
TERM,3565,3908,0,0.554419871726945
TERM,3909,4158,0,0.554419871726945
TERM,4159,4547,0,0.554419871726945
TERM,4548,4771,0,0.554419871726945
TERM,4772,5064,0,0.554419871726945
TERM,5065,5484,0,0.554419871726945
TERM,5485,5806,0,0.554419871726945
TERM,5807,6292,0,0.554419871726945
TERM,6293,6711,0,0.554419871726945
TERM,6712,7012,0,0.554419871726945
TERM,7013,7396,0,0.554419871726945
TERM,7397,7433,0,0.554419871726945
TERM,7434,7549,0,0.554419871726945
TERM,7550,7779,0,0.554419871726945
TERM,7780,8247,0,0.554419871726945
TERM,8248,8340,0,0.554419871726945
TERM,8341,8516,0,0.554419871726945
TERM,8517,8739,0,0.554419871726945
TERM,8740,8794,0,0.554419871726945
TERM,8795,8904,0,0.554419871726945
TERM,8905,8974,0,0.554419871726945
TERM,8975,9028,0,0.554419871726945
TERM,9029,9494,0,0.554419871726945
TERM,9495,9895,0,0.554419871726945
TERM,9896,10072,0,0.554419871726945
TERM,10073,10386,0,0.554419871726945
TERM,10387,10823,0,0.554419871726945
TERM,10824,10881,0,0.554419871726945
TERM,10882,10978,0,0.554419871726945
TERM,10979,11301,0,0.554419871726945
TERM,11302,11741,0,0.554419871726945
TERM,11742,12201,0,0.554419871726945
TERM,12202,12443,0,0.554419871726945
TERM,12444,12732,0,0.554419871726945
