channel,start_time,stop_time,label,confidence
TERM,1,150,0,0.5910448116247988
TERM,151,429,0,0.5910448116247988
TERM,430,778,0,0.5910448116247988
TERM,779,930,0,0.5910448116247988
TERM,931,1150,0,0.5910448116247988
TERM,1151,1432,0,0.5910448116247988
TERM,1433,1580,0,0.5910448116247988
TERM,1581,1691,0,0.5910448116247988
TERM,1692,1879,0,0.5910448116247988
TERM,1880,2015,0,0.5910448116247988
TERM,2016,2231,0,0.5910448116247988
TERM,2232,2407,0,0.5910448116247988
TERM,2408,2421,0,0.5910448116247988
TERM,2422,2431,0,0.5910448116247988
TERM,2432,2801,0,0.5910448116247988
TERM,2802,2943,0,0.5910448116247988
TERM,2944,3350,0,0.5910448116247988
TERM,3351,3554,0,0.5910448116247988
TERM,3555,3729,0,0.5910448116247988
TERM,3730,3906,0,0.5910448116247988
TERM,3907,3927,0,0.5910448116247988
TERM,3928,4373,0,0.5910448116247988
TERM,4374,4492,0,0.5910448116247988
TERM,4493,4554,0,0.5910448116247988
TERM,4555,4737,0,0.5910448116247988
TERM,4738,4819,0,0.5910448116247988
TERM,4820,5104,0,0.5910448116247988
TERM,5105,5479,0,0.5910448116247988
TERM,5480,5730,0,0.5910448116247988
TERM,5731,6072,0,0.5910448116247988
TERM,6073,6511,0,0.5910448116247988
TERM,6512,6587,0,0.5910448116247988
TERM,6588,6824,0,0.5910448116247988
