channel,start_time,stop_time,label,confidence
TERM,1,345,0,0.6854765268969446
TERM,346,512,0,0.6854765268969446
TERM,513,926,0,0.6854765268969446
TERM,927,1414,0,0.6854765268969446
TERM,1415,1873,0,0.6854765268969446
TERM,1874,2203,0,0.6854765268969446
TERM,2204,2464,0,0.6854765268969446
TERM,2465,2493,0,0.6854765268969446
TERM,2494,2974,0,0.6854765268969446
TERM,2975,3338,0,0.6854765268969446
TERM,3339,3828,0,0.6854765268969446
TERM,3829,4326,0,0.6854765268969446
TERM,4327,4565,0,0.6854765268969446
TERM,4566,5012,0,0.6854765268969446
TERM,5013,5140,0,0.6854765268969446
TERM,5141,5300,0,0.6854765268969446
TERM,5301,5368,0,0.6854765268969446
TERM,5369,5821,0,0.6854765268969446
TERM,5822,5861,0,0.6854765268969446
TERM,5862,6159,0,0.6854765268969446
TERM,6160,6298,0,0.6854765268969446
TERM,6299,6549,0,0.6854765268969446
TERM,6550,6739,0,0.6854765268969446
TERM,6740,7231,0,0.6854765268969446
TERM,7232,7321,0,0.6854765268969446
TERM,7322,7520,0,0.6854765268969446
TERM,7521,7808,0,0.6854765268969446
TERM,7809,8210,0,0.6854765268969446
TERM,8211,8696,0,0.6854765268969446
TERM,8697,9174,0,0.6854765268969446
TERM,9175,9301,0,0.6854765268969446
TERM,9302,9501,0,0.6854765268969446
TERM,9502,9746,0,0.6854765268969446
TERM,9747,10219,0,0.6854765268969446
TERM,10220,10390,0,0.6854765268969446
TERM,10391,10852,0,0.6854765268969446
TERM,10853,10927,0,0.6854765268969446
TERM,10928,11252,0,0.6854765268969446
TERM,11253,11690,0,0.6854765268969446
TERM,11691,11718,0,0.6854765268969446
TERM,11719,11990,0,0.6854765268969446
TERM,11991,12193,0,0.6854765268969446
TERM,12194,12229,0,0.6854765268969446
TERM,12230,12708,0,0.6854765268969446
TERM,12709,12873,0,0.6854765268969446
TERM,12874,13303,0,0.6854765268969446
TERM,13304,13346,0,0.6854765268969446
TERM,13347,13551,0,0.6854765268969446
TERM,13552,13972,0,0.6854765268969446
TERM,13973,14049,0,0.6854765268969446
TERM,14050,14437,0,0.6854765268969446
TERM,14438,14571,0,0.6854765268969446
TERM,14572,14747,0,0.6854765268969446
TERM,14748,14779,0,0.6854765268969446
TERM,14780,14987,0,0.6854765268969446
TERM,14988,15215,0,0.6854765268969446
TERM,15216,15694,0,0.6854765268969446
TERM,15695,16026,0,0.6854765268969446
TERM,16027,16135,0,0.6854765268969446
TERM,16136,16328,0,0.6854765268969446
TERM,16329,16412,0,0.6854765268969446
TERM,16413,16740,0,0.6854765268969446
TERM,16741,17043,0,0.6854765268969446
TERM,17044,17090,0,0.6854765268969446
