channel,start_time,stop_time,label,confidence
TERM,1,140,0,0.6367313940580523
TERM,141,382,0,0.6367313940580523
TERM,383,690,0,0.6367313940580523
TERM,691,1055,0,0.6367313940580523
TERM,1056,1406,0,0.6367313940580523
TERM,1407,1679,0,0.6367313940580523
TERM,1680,1853,0,0.6367313940580523
TERM,1854,2193,0,0.6367313940580523
TERM,2194,2375,0,0.6367313940580523
TERM,2376,2665,0,0.6367313940580523
TERM,2666,2716,0,0.6367313940580523
TERM,2717,3025,0,0.6367313940580523
TERM,3026,3525,0,0.6367313940580523
TERM,3526,3896,0,0.6367313940580523
TERM,3897,3925,0,0.6367313940580523
TERM,3926,4372,0,0.6367313940580523
TERM,4373,4518,0,0.6367313940580523
TERM,4519,4776,0,0.6367313940580523
TERM,4777,4804,0,0.6367313940580523
TERM,4805,4968,0,0.6367313940580523
TERM,4969,5223,0,0.6367313940580523
TERM,5224,5525,0,0.6367313940580523
TERM,5526,5610,0,0.6367313940580523
TERM,5611,5893,0,0.6367313940580523
TERM,5894,6149,0,0.6367313940580523
TERM,6150,6219,0,0.6367313940580523
TERM,6220,6707,0,0.6367313940580523
TERM,6708,7148,0,0.6367313940580523
TERM,7149,7237,0,0.6367313940580523
TERM,7238,7554,0,0.6367313940580523
TERM,7555,7632,0,0.6367313940580523
TERM,7633,8036,0,0.6367313940580523
TERM,8037,8189,0,0.6367313940580523
TERM,8190,8309,0,0.6367313940580523
TERM,8310,8740,0,0.6367313940580523
TERM,8741,8925,0,0.6367313940580523
TERM,8926,9347,0,0.6367313940580523
TERM,9348,9540,0,0.6367313940580523
TERM,9541,9655,0,0.6367313940580523
TERM,9656,9754,0,0.6367313940580523
TERM,9755,9791,0,0.6367313940580523
TERM,9792,10108,0,0.6367313940580523
TERM,10109,10302,0,0.6367313940580523
TERM,10303,10624,0,0.6367313940580523
TERM,10625,11117,0,0.6367313940580523
TERM,11118,11315,0,0.6367313940580523
TERM,11316,11510,0,0.6367313940580523
TERM,11511,11908,0,0.6367313940580523
TERM,11909,11945,0,0.6367313940580523
TERM,11946,12260,0,0.6367313940580523
TERM,12261,12513,0,0.6367313940580523
TERM,12514,12958,0,0.6367313940580523
TERM,12959,13321,0,0.6367313940580523
TERM,13322,13376,0,0.6367313940580523
TERM,13377,13714,0,0.6367313940580523
TERM,13715,14157,0,0.6367313940580523
TERM,14158,14197,0,0.6367313940580523
TERM,14198,14452,0,0.6367313940580523
TERM,14453,14727,0,0.6367313940580523
TERM,14728,14827,0,0.6367313940580523
