channel,start_time,stop_time,label,confidence
TERM,1,307,0,0.5046394637613012
TERM,308,554,0,0.5046394637613012
TERM,555,576,0,0.5046394637613012
TERM,577,905,0,0.5046394637613012
TERM,906,1037,0,0.5046394637613012
TERM,1038,1432,0,0.5046394637613012
TERM,1433,1595,0,0.5046394637613012
TERM,1596,2027,0,0.5046394637613012
TERM,2028,2114,0,0.5046394637613012
TERM,2115,2177,0,0.5046394637613012
TERM,2178,2449,0,0.5046394637613012
TERM,2450,2713,0,0.5046394637613012
TERM,2714,2763,0,0.5046394637613012
TERM,2764,3179,0,0.5046394637613012
TERM,3180,3429,0,0.5046394637613012
TERM,3430,3756,0,0.5046394637613012
TERM,3757,3909,0,0.5046394637613012
TERM,3910,4268,0,0.5046394637613012
TERM,4269,4618,0,0.5046394637613012
TERM,4619,5080,0,0.5046394637613012
TERM,5081,5402,0,0.5046394637613012
TERM,5403,5827,0,0.5046394637613012
TERM,5828,6250,0,0.5046394637613012
TERM,6251,6368,0,0.5046394637613012
TERM,6369,6845,0,0.5046394637613012
TERM,6846,7325,0,0.5046394637613012
TERM,7326,7655,0,0.5046394637613012
TERM,7656,7874,0,0.5046394637613012
TERM,7875,8139,0,0.5046394637613012
TERM,8140,8368,0,0.5046394637613012
TERM,8369,8654,0,0.5046394637613012
TERM,8655,9020,0,0.5046394637613012
TERM,9021,9519,0,0.5046394637613012
TERM,9520,9894,0,0.5046394637613012
TERM,9895,10229,0,0.5046394637613012
TERM,10230,10724,0,0.5046394637613012
TERM,10725,11061,0,0.5046394637613012
TERM,11062,11542,0,0.5046394637613012
TERM,11543,11641,0,0.5046394637613012
TERM,11642,11956,0,0.5046394637613012
TERM,11957,12328,0,0.5046394637613012
TERM,12329,12799,0,0.5046394637613012
TERM,12800,13071,0,0.5046394637613012
TERM,13072,13333,0,0.5046394637613012
TERM,13334,13603,0,0.5046394637613012
TERM,13604,13871,0,0.5046394637613012
TERM,13872,14107,0,0.5046394637613012
TERM,14108,14596,0,0.5046394637613012
TERM,14597,14903,0,0.5046394637613012
TERM,14904,15292,0,0.5046394637613012
TERM,15293,15485,0,0.5046394637613012
TERM,15486,15981,0,0.5046394637613012
