channel,start_time,stop_time,label,confidence
TERM,1,146,0,0.5284735549844111
TERM,147,301,0,0.5284735549844111
TERM,302,434,0,0.5284735549844111
TERM,435,594,0,0.5284735549844111
TERM,595,610,0,0.5284735549844111
TERM,611,775,0,0.5284735549844111
TERM,776,944,0,0.5284735549844111
TERM,945,1404,0,0.5284735549844111
TERM,1405,1817,0,0.5284735549844111
TERM,1818,1899,0,0.5284735549844111
TERM,1900,2066,0,0.5284735549844111
TERM,2067,2437,0,0.5284735549844111
TERM,2438,2621,0,0.5284735549844111
TERM,2622,2887,0,0.5284735549844111
TERM,2888,3269,0,0.5284735549844111
TERM,3270,3559,0,0.5284735549844111
TERM,3560,3874,0,0.5284735549844111
TERM,3875,3898,0,0.5284735549844111
TERM,3899,4317,0,0.5284735549844111
TERM,4318,4529,0,0.5284735549844111
TERM,4530,4740,0,0.5284735549844111
TERM,4741,5019,0,0.5284735549844111
TERM,5020,5219,0,0.5284735549844111
TERM,5220,5261,0,0.5284735549844111
