channel,start_time,stop_time,label,confidence
TERM,1,185,0,0.5023797873074223
TERM,186,551,0,0.5023797873074223
TERM,552,570,0,0.5023797873074223
TERM,571,710,0,0.5023797873074223
TERM,711,1208,0,0.5023797873074223
TERM,1209,1414,0,0.5023797873074223
TERM,1415,1516,0,0.5023797873074223
TERM,1517,1929,0,0.5023797873074223
TERM,1930,2093,0,0.5023797873074223
TERM,2094,2275,0,0.5023797873074223
TERM,2276,2759,0,0.5023797873074223
TERM,2760,2871,0,0.5023797873074223
TERM,2872,2982,0,0.5023797873074223
TERM,2983,3133,0,0.5023797873074223
TERM,3134,3227,0,0.5023797873074223
TERM,3228,3358,0,0.5023797873074223
TERM,3359,3551,0,0.5023797873074223
TERM,3552,3746,0,0.5023797873074223
TERM,3747,3866,0,0.5023797873074223
TERM,3867,4229,0,0.5023797873074223
TERM,4230,4538,0,0.5023797873074223
TERM,4539,4950,0,0.5023797873074223
TERM,4951,5293,0,0.5023797873074223
TERM,5294,5372,0,0.5023797873074223
TERM,5373,5653,0,0.5023797873074223
TERM,5654,5702,0,0.5023797873074223
TERM,5703,5861,0,0.5023797873074223
TERM,5862,6347,0,0.5023797873074223
TERM,6348,6575,0,0.5023797873074223
TERM,6576,7001,0,0.5023797873074223
TERM,7002,7317,0,0.5023797873074223
TERM,7318,7791,0,0.5023797873074223
TERM,7792,8243,0,0.5023797873074223
TERM,8244,8518,0,0.5023797873074223
TERM,8519,8974,0,0.5023797873074223
TERM,8975,9117,0,0.5023797873074223
TERM,9118,9550,0,0.5023797873074223
TERM,9551,9931,0,0.5023797873074223
TERM,9932,10344,0,0.5023797873074223
TERM,10345,10611,0,0.5023797873074223
TERM,10612,10627,0,0.5023797873074223
TERM,10628,11072,0,0.5023797873074223
TERM,11073,11278,0,0.5023797873074223
TERM,11279,11680,0,0.5023797873074223
TERM,11681,12156,0,0.5023797873074223
TERM,12157,12212,0,0.5023797873074223
TERM,12213,12542,0,0.5023797873074223
TERM,12543,12685,0,0.5023797873074223
TERM,12686,12822,0,0.5023797873074223
TERM,12823,13254,0,0.5023797873074223
TERM,13255,13590,0,0.5023797873074223
TERM,13591,13747,0,0.5023797873074223
