channel,start_time,stop_time,label,confidence
TERM,1,38,0,0.5380297130128122
TERM,39,314,0,0.5380297130128122
TERM,315,640,0,0.5380297130128122
TERM,641,661,0,0.5380297130128122
TERM,662,800,0,0.5380297130128122
TERM,801,988,0,0.5380297130128122
TERM,989,1401,0,0.5380297130128122
TERM,1402,1702,0,0.5380297130128122
TERM,1703,2010,0,0.5380297130128122
TERM,2011,2270,0,0.5380297130128122
TERM,2271,2612,0,0.5380297130128122
TERM,2613,3039,0,0.5380297130128122
TERM,3040,3145,0,0.5380297130128122
TERM,3146,3214,0,0.5380297130128122
TERM,3215,3433,0,0.5380297130128122
TERM,3434,3836,0,0.5380297130128122
TERM,3837,4078,0,0.5380297130128122
TERM,4079,4284,0,0.5380297130128122
TERM,4285,4776,0,0.5380297130128122
TERM,4777,5115,0,0.5380297130128122
TERM,5116,5212,0,0.5380297130128122
TERM,5213,5395,0,0.5380297130128122
TERM,5396,5423,0,0.5380297130128122
TERM,5424,5862,0,0.5380297130128122
TERM,5863,6198,0,0.5380297130128122
TERM,6199,6488,0,0.5380297130128122
TERM,6489,6658,0,0.5380297130128122
TERM,6659,7031,0,0.5380297130128122
TERM,7032,7436,0,0.5380297130128122
TERM,7437,7710,0,0.5380297130128122
TERM,7711,8131,0,0.5380297130128122
TERM,8132,8213,0,0.5380297130128122
TERM,8214,8275,0,0.5380297130128122
TERM,8276,8476,0,0.5380297130128122
TERM,8477,8802,0,0.5380297130128122
TERM,8803,9147,0,0.5380297130128122
TERM,9148,9191,0,0.5380297130128122
TERM,9192,9586,0,0.5380297130128122
TERM,9587,9801,0,0.5380297130128122
TERM,9802,10265,0,0.5380297130128122
TERM,10266,10575,0,0.5380297130128122
TERM,10576,10737,0,0.5380297130128122
TERM,10738,10928,0,0.5380297130128122
TERM,10929,10948,0,0.5380297130128122
TERM,10949,11046,0,0.5380297130128122
TERM,11047,11307,0,0.5380297130128122
TERM,11308,11766,0,0.5380297130128122
TERM,11767,12017,0,0.5380297130128122
TERM,12018,12188,0,0.5380297130128122
TERM,12189,12320,0,0.5380297130128122
TERM,12321,12732,0,0.5380297130128122
TERM,12733,12838,0,0.5380297130128122
