channel,start_time,stop_time,label,confidence
TERM,1,257,0,0.5814112583061465
TERM,258,402,0,0.5814112583061465
TERM,403,502,0,0.5814112583061465
TERM,503,748,0,0.5814112583061465
TERM,749,769,0,0.5814112583061465
TERM,770,1156,0,0.5814112583061465
TERM,1157,1215,0,0.5814112583061465
TERM,1216,1498,0,0.5814112583061465
TERM,1499,1836,0,0.5814112583061465
TERM,1837,2304,0,0.5814112583061465
TERM,2305,2322,0,0.5814112583061465
TERM,2323,2710,0,0.5814112583061465
TERM,2711,2888,0,0.5814112583061465
TERM,2889,3001,0,0.5814112583061465
TERM,3002,3352,0,0.5814112583061465
TERM,3353,3615,0,0.5814112583061465
TERM,3616,4081,0,0.5814112583061465
TERM,4082,4292,0,0.5814112583061465
TERM,4293,4784,0,0.5814112583061465
TERM,4785,4992,0,0.5814112583061465
TERM,4993,5181,0,0.5814112583061465
TERM,5182,5653,0,0.5814112583061465
TERM,5654,6123,0,0.5814112583061465
TERM,6124,6388,0,0.5814112583061465
TERM,6389,6617,0,0.5814112583061465
TERM,6618,6910,0,0.5814112583061465
TERM,6911,7020,0,0.5814112583061465
TERM,7021,7295,0,0.5814112583061465
TERM,7296,7495,0,0.5814112583061465
TERM,7496,7980,0,0.5814112583061465
TERM,7981,8306,0,0.5814112583061465
TERM,8307,8724,0,0.5814112583061465
TERM,8725,9143,0,0.5814112583061465
TERM,9144,9175,0,0.5814112583061465
TERM,9176,9675,0,0.5814112583061465
TERM,9676,10027,0,0.5814112583061465
TERM,10028,10044,0,0.5814112583061465
TERM,10045,10179,0,0.5814112583061465
TERM,10180,10308,0,0.5814112583061465
TERM,10309,10550,0,0.5814112583061465
TERM,10551,11002,0,0.5814112583061465
TERM,11003,11227,0,0.5814112583061465
TERM,11228,11425,0,0.5814112583061465
TERM,11426,11457,0,0.5814112583061465
TERM,11458,11827,0,0.5814112583061465
TERM,11828,12122,0,0.5814112583061465
TERM,12123,12344,0,0.5814112583061465
TERM,12345,12519,0,0.5814112583061465
TERM,12520,12871,0,0.5814112583061465
TERM,12872,12888,0,0.5814112583061465
TERM,12889,13074,0,0.5814112583061465
TERM,13075,13433,0,0.5814112583061465
