channel,start_time,stop_time,label,confidence
TERM,1,161,0,0.3189784784149959
TERM,162,180,0,0.3189784784149959
TERM,181,193,0,0.3189784784149959
TERM,194,351,0,0.3189784784149959
TERM,352,783,0,0.3189784784149959
TERM,784,1250,0,0.3189784784149959
TERM,1251,1559,0,0.3189784784149959
TERM,1560,1607,0,0.3189784784149959
TERM,1608,1644,0,0.3189784784149959
TERM,1645,1702,0,0.3189784784149959
TERM,1703,2051,0,0.3189784784149959
TERM,2052,2256,0,0.3189784784149959
TERM,2257,2641,0,0.3189784784149959
