channel,start_time,stop_time,label,confidence
TERM,1,253,0,0.6095382650654297
TERM,254,573,0,0.6095382650654297
TERM,574,855,0,0.6095382650654297
TERM,856,983,0,0.6095382650654297
TERM,984,1145,0,0.6095382650654297
TERM,1146,1365,0,0.6095382650654297
TERM,1366,1445,0,0.6095382650654297
TERM,1446,1920,0,0.6095382650654297
TERM,1921,2310,0,0.6095382650654297
TERM,2311,2688,0,0.6095382650654297
TERM,2689,2751,0,0.6095382650654297
TERM,2752,3239,0,0.6095382650654297
TERM,3240,3572,0,0.6095382650654297
TERM,3573,3828,0,0.6095382650654297
TERM,3829,4012,0,0.6095382650654297
TERM,4013,4210,0,0.6095382650654297
TERM,4211,4470,0,0.6095382650654297
TERM,4471,4554,0,0.6095382650654297
TERM,4555,4986,0,0.6095382650654297
TERM,4987,5014,0,0.6095382650654297
TERM,5015,5313,0,0.6095382650654297
TERM,5314,5737,0,0.6095382650654297
TERM,5738,5937,0,0.6095382650654297
TERM,5938,6120,0,0.6095382650654297
TERM,6121,6549,0,0.6095382650654297
TERM,6550,6782,0,0.6095382650654297
TERM,6783,6848,0,0.6095382650654297
TERM,6849,7318,0,0.6095382650654297
TERM,7319,7736,0,0.6095382650654297
TERM,7737,7966,0,0.6095382650654297
TERM,7967,8292,0,0.6095382650654297
TERM,8293,8730,0,0.6095382650654297
TERM,8731,8794,0,0.6095382650654297
TERM,8795,8881,0,0.6095382650654297
TERM,8882,9090,0,0.6095382650654297
TERM,9091,9282,0,0.6095382650654297
TERM,9283,9612,0,0.6095382650654297
TERM,9613,9810,0,0.6095382650654297
TERM,9811,10221,0,0.6095382650654297
