channel,start_time,stop_time,label,confidence
TERM,1,142,0,0.7336672353983131
TERM,143,287,0,0.7336672353983131
TERM,288,417,0,0.7336672353983131
TERM,418,616,0,0.7336672353983131
TERM,617,773,0,0.7336672353983131
TERM,774,819,0,0.7336672353983131
TERM,820,934,0,0.7336672353983131
TERM,935,1358,0,0.7336672353983131
TERM,1359,1474,0,0.7336672353983131
TERM,1475,1723,0,0.7336672353983131
TERM,1724,2111,0,0.7336672353983131
TERM,2112,2458,0,0.7336672353983131
TERM,2459,2941,0,0.7336672353983131
TERM,2942,2971,0,0.7336672353983131
TERM,2972,3102,0,0.7336672353983131
