channel,start_time,stop_time,label,confidence
TERM,1,217,0,0.6404676407977508
TERM,218,606,0,0.6404676407977508
TERM,607,795,0,0.6404676407977508
TERM,796,937,0,0.6404676407977508
TERM,938,1009,0,0.6404676407977508
TERM,1010,1507,0,0.6404676407977508
TERM,1508,1669,0,0.6404676407977508
TERM,1670,1921,0,0.6404676407977508
TERM,1922,1953,0,0.6404676407977508
TERM,1954,1968,0,0.6404676407977508
TERM,1969,2336,0,0.6404676407977508
TERM,2337,2418,0,0.6404676407977508
TERM,2419,2606,0,0.6404676407977508
TERM,2607,2959,0,0.6404676407977508
TERM,2960,3354,0,0.6404676407977508
TERM,3355,3659,0,0.6404676407977508
TERM,3660,4149,0,0.6404676407977508
TERM,4150,4482,0,0.6404676407977508
TERM,4483,4820,0,0.6404676407977508
TERM,4821,4924,0,0.6404676407977508
TERM,4925,5217,0,0.6404676407977508
TERM,5218,5382,0,0.6404676407977508
TERM,5383,5546,0,0.6404676407977508
TERM,5547,5678,0,0.6404676407977508
TERM,5679,6099,0,0.6404676407977508
TERM,6100,6109,0,0.6404676407977508
TERM,6110,6171,0,0.6404676407977508
TERM,6172,6308,0,0.6404676407977508
TERM,6309,6711,0,0.6404676407977508
TERM,6712,7027,0,0.6404676407977508
TERM,7028,7371,0,0.6404676407977508
TERM,7372,7776,0,0.6404676407977508
TERM,7777,7862,0,0.6404676407977508
TERM,7863,8304,0,0.6404676407977508
TERM,8305,8411,0,0.6404676407977508
TERM,8412,8903,0,0.6404676407977508
TERM,8904,8925,0,0.6404676407977508
TERM,8926,8938,0,0.6404676407977508
TERM,8939,9007,0,0.6404676407977508
TERM,9008,9212,0,0.6404676407977508
TERM,9213,9682,0,0.6404676407977508
TERM,9683,9753,0,0.6404676407977508
TERM,9754,10247,0,0.6404676407977508
TERM,10248,10571,0,0.6404676407977508
