channel,start_time,stop_time,label,confidence
TERM,1,194,0,0.6412625770036529
TERM,195,320,0,0.6412625770036529
TERM,321,685,0,0.6412625770036529
TERM,686,1124,0,0.6412625770036529
TERM,1125,1334,0,0.6412625770036529
TERM,1335,1383,0,0.6412625770036529
TERM,1384,1496,0,0.6412625770036529
TERM,1497,1893,0,0.6412625770036529
TERM,1894,1979,0,0.6412625770036529
TERM,1980,2170,0,0.6412625770036529
TERM,2171,2411,0,0.6412625770036529
TERM,2412,2536,0,0.6412625770036529
TERM,2537,2922,0,0.6412625770036529
TERM,2923,3363,0,0.6412625770036529
TERM,3364,3854,0,0.6412625770036529
TERM,3855,4335,0,0.6412625770036529
TERM,4336,4354,0,0.6412625770036529
TERM,4355,4751,0,0.6412625770036529
TERM,4752,5103,0,0.6412625770036529
TERM,5104,5287,0,0.6412625770036529
TERM,5288,5396,0,0.6412625770036529
TERM,5397,5444,0,0.6412625770036529
TERM,5445,5507,0,0.6412625770036529
TERM,5508,5618,0,0.6412625770036529
TERM,5619,5713,0,0.6412625770036529
TERM,5714,5981,0,0.6412625770036529
TERM,5982,6305,0,0.6412625770036529
TERM,6306,6735,0,0.6412625770036529
TERM,6736,6984,0,0.6412625770036529
TERM,6985,7008,0,0.6412625770036529
TERM,7009,7026,0,0.6412625770036529
TERM,7027,7215,0,0.6412625770036529
TERM,7216,7317,0,0.6412625770036529
TERM,7318,7557,0,0.6412625770036529
TERM,7558,7849,0,0.6412625770036529
TERM,7850,8316,0,0.6412625770036529
TERM,8317,8531,0,0.6412625770036529
TERM,8532,9011,0,0.6412625770036529
TERM,9012,9398,0,0.6412625770036529
TERM,9399,9867,0,0.6412625770036529
TERM,9868,10241,0,0.6412625770036529
TERM,10242,10518,0,0.6412625770036529
TERM,10519,10827,0,0.6412625770036529
TERM,10828,11273,0,0.6412625770036529
TERM,11274,11299,0,0.6412625770036529
TERM,11300,11502,0,0.6412625770036529
TERM,11503,11727,0,0.6412625770036529
TERM,11728,12012,0,0.6412625770036529
TERM,12013,12200,0,0.6412625770036529
TERM,12201,12257,0,0.6412625770036529
TERM,12258,12466,0,0.6412625770036529
TERM,12467,12865,0,0.6412625770036529
