channel,start_time,stop_time,label,confidence
TERM,1,467,0,0.5075831745187307
TERM,468,539,0,0.5075831745187307
TERM,540,1013,0,0.5075831745187307
TERM,1014,1455,0,0.5075831745187307
TERM,1456,1603,0,0.5075831745187307
TERM,1604,1771,0,0.5075831745187307
TERM,1772,1880,0,0.5075831745187307
TERM,1881,1940,0,0.5075831745187307
TERM,1941,2059,0,0.5075831745187307
TERM,2060,2535,0,0.5075831745187307
TERM,2536,2975,0,0.5075831745187307
TERM,2976,3455,0,0.5075831745187307
TERM,3456,3719,0,0.5075831745187307
TERM,3720,3805,0,0.5075831745187307
TERM,3806,4177,0,0.5075831745187307
TERM,4178,4298,0,0.5075831745187307
TERM,4299,4395,0,0.5075831745187307
TERM,4396,4467,0,0.5075831745187307
TERM,4468,4637,0,0.5075831745187307
TERM,4638,5013,0,0.5075831745187307
TERM,5014,5490,0,0.5075831745187307
TERM,5491,5625,0,0.5075831745187307
TERM,5626,5757,0,0.5075831745187307
TERM,5758,5973,0,0.5075831745187307
TERM,5974,6416,0,0.5075831745187307
TERM,6417,6778,0,0.5075831745187307
TERM,6779,6793,0,0.5075831745187307
TERM,6794,7185,0,0.5075831745187307
TERM,7186,7351,0,0.5075831745187307
TERM,7352,7477,0,0.5075831745187307
TERM,7478,7601,0,0.5075831745187307
TERM,7602,7725,0,0.5075831745187307
TERM,7726,7783,0,0.5075831745187307
