channel,start_time,stop_time,label,confidence
TERM,1,155,0,0.6261286413177691
TERM,156,231,0,0.6261286413177691
TERM,232,426,0,0.6261286413177691
TERM,427,603,0,0.6261286413177691
TERM,604,842,0,0.6261286413177691
TERM,843,1133,0,0.6261286413177691
TERM,1134,1420,0,0.6261286413177691
TERM,1421,1451,0,0.6261286413177691
TERM,1452,1900,0,0.6261286413177691
TERM,1901,2287,0,0.6261286413177691
TERM,2288,2518,0,0.6261286413177691
TERM,2519,2828,0,0.6261286413177691
TERM,2829,3190,0,0.6261286413177691
TERM,3191,3429,0,0.6261286413177691
TERM,3430,3911,0,0.6261286413177691
