channel,start_time,stop_time,label,confidence
TERM,1,384,0,0.5820295675739945
TERM,385,519,0,0.5820295675739945
TERM,520,904,0,0.5820295675739945
TERM,905,1172,0,0.5820295675739945
TERM,1173,1554,0,0.5820295675739945
TERM,1555,1744,0,0.5820295675739945
TERM,1745,2087,0,0.5820295675739945
TERM,2088,2520,0,0.5820295675739945
TERM,2521,2865,0,0.5820295675739945
TERM,2866,3348,0,0.5820295675739945
TERM,3349,3461,0,0.5820295675739945
TERM,3462,3515,0,0.5820295675739945
TERM,3516,3572,0,0.5820295675739945
TERM,3573,3926,0,0.5820295675739945
TERM,3927,4363,0,0.5820295675739945
TERM,4364,4817,0,0.5820295675739945
TERM,4818,5167,0,0.5820295675739945
TERM,5168,5589,0,0.5820295675739945
TERM,5590,5833,0,0.5820295675739945
TERM,5834,6109,0,0.5820295675739945
TERM,6110,6489,0,0.5820295675739945
TERM,6490,6520,0,0.5820295675739945
TERM,6521,6863,0,0.5820295675739945
TERM,6864,6891,0,0.5820295675739945
TERM,6892,7299,0,0.5820295675739945
TERM,7300,7699,0,0.5820295675739945
TERM,7700,7926,0,0.5820295675739945
TERM,7927,8033,0,0.5820295675739945
TERM,8034,8045,0,0.5820295675739945
TERM,8046,8302,0,0.5820295675739945
TERM,8303,8626,0,0.5820295675739945
TERM,8627,8865,0,0.5820295675739945
TERM,8866,9137,0,0.5820295675739945
TERM,9138,9294,0,0.5820295675739945
TERM,9295,9655,0,0.5820295675739945
TERM,9656,9844,0,0.5820295675739945
TERM,9845,10256,0,0.5820295675739945
TERM,10257,10699,0,0.5820295675739945
TERM,10700,10894,0,0.5820295675739945
TERM,10895,11266,0,0.5820295675739945
TERM,11267,11370,0,0.5820295675739945
TERM,11371,11583,0,0.5820295675739945
TERM,11584,11733,0,0.5820295675739945
TERM,11734,11821,0,0.5820295675739945
TERM,11822,12258,0,0.5820295675739945
TERM,12259,12675,0,0.5820295675739945
TERM,12676,13133,0,0.5820295675739945
TERM,13134,13632,0,0.5820295675739945
TERM,13633,14122,0,0.5820295675739945
TERM,14123,14584,0,0.5820295675739945
TERM,14585,14778,0,0.5820295675739945
TERM,14779,15034,0,0.5820295675739945
TERM,15035,15353,0,0.5820295675739945
TERM,15354,15558,0,0.5820295675739945
TERM,15559,15612,0,0.5820295675739945
TERM,15613,15986,0,0.5820295675739945
TERM,15987,16129,0,0.5820295675739945
TERM,16130,16301,0,0.5820295675739945
TERM,16302,16451,0,0.5820295675739945
TERM,16452,16610,0,0.5820295675739945
TERM,16611,16695,0,0.5820295675739945
TERM,16696,16868,0,0.5820295675739945
TERM,16869,17309,0,0.5820295675739945
TERM,17310,17644,0,0.5820295675739945
TERM,17645,17703,0,0.5820295675739945
