channel,start_time,stop_time,label,confidence
TERM,1,16,0,0.5620268958270029
TERM,17,28,0,0.5620268958270029
TERM,29,365,0,0.5620268958270029
TERM,366,750,0,0.5620268958270029
TERM,751,816,0,0.5620268958270029
TERM,817,1298,0,0.5620268958270029
TERM,1299,1687,0,0.5620268958270029
TERM,1688,2099,0,0.5620268958270029
TERM,2100,2446,0,0.5620268958270029
TERM,2447,2946,0,0.5620268958270029
TERM,2947,3047,0,0.5620268958270029
TERM,3048,3522,0,0.5620268958270029
TERM,3523,3584,0,0.5620268958270029
TERM,3585,3604,0,0.5620268958270029
TERM,3605,4103,0,0.5620268958270029
TERM,4104,4329,0,0.5620268958270029
TERM,4330,4746,0,0.5620268958270029
TERM,4747,4797,0,0.5620268958270029
TERM,4798,5010,0,0.5620268958270029
TERM,5011,5182,0,0.5620268958270029
TERM,5183,5551,0,0.5620268958270029
TERM,5552,6033,0,0.5620268958270029
TERM,6034,6124,0,0.5620268958270029
TERM,6125,6141,0,0.5620268958270029
TERM,6142,6392,0,0.5620268958270029
TERM,6393,6762,0,0.5620268958270029
TERM,6763,6982,0,0.5620268958270029
TERM,6983,6999,0,0.5620268958270029
TERM,7000,7069,0,0.5620268958270029
TERM,7070,7442,0,0.5620268958270029
TERM,7443,7725,0,0.5620268958270029
TERM,7726,7856,0,0.5620268958270029
TERM,7857,8099,0,0.5620268958270029
TERM,8100,8455,0,0.5620268958270029
TERM,8456,8692,0,0.5620268958270029
TERM,8693,8913,0,0.5620268958270029
TERM,8914,9153,0,0.5620268958270029
TERM,9154,9209,0,0.5620268958270029
TERM,9210,9440,0,0.5620268958270029
TERM,9441,9684,0,0.5620268958270029
TERM,9685,9868,0,0.5620268958270029
TERM,9869,10231,0,0.5620268958270029
TERM,10232,10594,0,0.5620268958270029
TERM,10595,10669,0,0.5620268958270029
TERM,10670,10954,0,0.5620268958270029
TERM,10955,11400,0,0.5620268958270029
TERM,11401,11890,0,0.5620268958270029
TERM,11891,12089,0,0.5620268958270029
