channel,start_time,stop_time,label,confidence
TERM,1,247,0,0.643048974617773
TERM,248,697,0,0.643048974617773
TERM,698,1010,0,0.643048974617773
TERM,1011,1401,0,0.643048974617773
TERM,1402,1713,0,0.643048974617773
TERM,1714,1729,0,0.643048974617773
TERM,1730,1757,0,0.643048974617773
TERM,1758,2048,0,0.643048974617773
TERM,2049,2065,0,0.643048974617773
TERM,2066,2121,0,0.643048974617773
TERM,2122,2158,0,0.643048974617773
TERM,2159,2652,0,0.643048974617773
TERM,2653,2796,0,0.643048974617773
TERM,2797,2957,0,0.643048974617773
TERM,2958,3138,0,0.643048974617773
TERM,3139,3166,0,0.643048974617773
TERM,3167,3226,0,0.643048974617773
TERM,3227,3453,0,0.643048974617773
TERM,3454,3622,0,0.643048974617773
TERM,3623,3875,0,0.643048974617773
TERM,3876,3976,0,0.643048974617773
TERM,3977,4168,0,0.643048974617773
TERM,4169,4378,0,0.643048974617773
TERM,4379,4773,0,0.643048974617773
TERM,4774,5146,0,0.643048974617773
TERM,5147,5463,0,0.643048974617773
TERM,5464,5624,0,0.643048974617773
TERM,5625,5979,0,0.643048974617773
TERM,5980,6085,0,0.643048974617773
TERM,6086,6316,0,0.643048974617773
TERM,6317,6681,0,0.643048974617773
TERM,6682,7163,0,0.643048974617773
TERM,7164,7372,0,0.643048974617773
TERM,7373,7637,0,0.643048974617773
TERM,7638,7674,0,0.643048974617773
TERM,7675,7818,0,0.643048974617773
TERM,7819,8055,0,0.643048974617773
TERM,8056,8279,0,0.643048974617773
TERM,8280,8550,0,0.643048974617773
TERM,8551,8602,0,0.643048974617773
TERM,8603,8923,0,0.643048974617773
TERM,8924,9272,0,0.643048974617773
TERM,9273,9646,0,0.643048974617773
TERM,9647,9973,0,0.643048974617773
TERM,9974,10155,0,0.643048974617773
TERM,10156,10262,0,0.643048974617773
TERM,10263,10544,0,0.643048974617773
TERM,10545,10635,0,0.643048974617773
TERM,10636,10791,0,0.643048974617773
TERM,10792,10931,0,0.643048974617773
TERM,10932,11397,0,0.643048974617773
TERM,11398,11697,0,0.643048974617773
