channel,start_time,stop_time,label,confidence
TERM,1,233,0,0.6888118119008038
TERM,234,320,0,0.6888118119008038
TERM,321,598,0,0.6888118119008038
TERM,599,940,0,0.6888118119008038
TERM,941,1276,0,0.6888118119008038
TERM,1277,1702,0,0.6888118119008038
TERM,1703,1934,0,0.6888118119008038
TERM,1935,2408,0,0.6888118119008038
TERM,2409,2509,0,0.6888118119008038
TERM,2510,2932,0,0.6888118119008038
TERM,2933,3223,0,0.6888118119008038
TERM,3224,3343,0,0.6888118119008038
TERM,3344,3672,0,0.6888118119008038
TERM,3673,3996,0,0.6888118119008038
TERM,3997,4067,0,0.6888118119008038
TERM,4068,4241,0,0.6888118119008038
TERM,4242,4405,0,0.6888118119008038
TERM,4406,4597,0,0.6888118119008038
TERM,4598,4632,0,0.6888118119008038
TERM,4633,4875,0,0.6888118119008038
TERM,4876,4939,0,0.6888118119008038
TERM,4940,5170,0,0.6888118119008038
TERM,5171,5191,0,0.6888118119008038
TERM,5192,5462,0,0.6888118119008038
TERM,5463,5606,0,0.6888118119008038
TERM,5607,5806,0,0.6888118119008038
TERM,5807,6152,0,0.6888118119008038
TERM,6153,6590,0,0.6888118119008038
