channel,start_time,stop_time,label,confidence
TERM,1,441,0,0.5688619523129337
TERM,442,827,0,0.5688619523129337
TERM,828,845,0,0.5688619523129337
TERM,846,1276,0,0.5688619523129337
TERM,1277,1506,0,0.5688619523129337
TERM,1507,1708,0,0.5688619523129337
TERM,1709,1779,0,0.5688619523129337
TERM,1780,1871,0,0.5688619523129337
TERM,1872,2025,0,0.5688619523129337
TERM,2026,2498,0,0.5688619523129337
TERM,2499,2869,0,0.5688619523129337
TERM,2870,3284,0,0.5688619523129337
TERM,3285,3747,0,0.5688619523129337
TERM,3748,3797,0,0.5688619523129337
TERM,3798,4244,0,0.5688619523129337
TERM,4245,4479,0,0.5688619523129337
TERM,4480,4733,0,0.5688619523129337
TERM,4734,5169,0,0.5688619523129337
TERM,5170,5235,0,0.5688619523129337
TERM,5236,5731,0,0.5688619523129337
TERM,5732,6163,0,0.5688619523129337
TERM,6164,6586,0,0.5688619523129337
TERM,6587,6967,0,0.5688619523129337
TERM,6968,6979,0,0.5688619523129337
TERM,6980,7011,0,0.5688619523129337
TERM,7012,7363,0,0.5688619523129337
TERM,7364,7695,0,0.5688619523129337
TERM,7696,7982,0,0.5688619523129337
TERM,7983,8343,0,0.5688619523129337
TERM,8344,8779,0,0.5688619523129337
TERM,8780,9052,0,0.5688619523129337
TERM,9053,9502,0,0.5688619523129337
TERM,9503,9831,0,0.5688619523129337
TERM,9832,9962,0,0.5688619523129337
TERM,9963,10110,0,0.5688619523129337
TERM,10111,10125,0,0.5688619523129337
TERM,10126,10366,0,0.5688619523129337
TERM,10367,10512,0,0.5688619523129337
TERM,10513,10688,0,0.5688619523129337
TERM,10689,10719,0,0.5688619523129337
TERM,10720,10840,0,0.5688619523129337
TERM,10841,11207,0,0.5688619523129337
TERM,11208,11609,0,0.5688619523129337
TERM,11610,11872,0,0.5688619523129337
TERM,11873,11949,0,0.5688619523129337
TERM,11950,12267,0,0.5688619523129337
TERM,12268,12668,0,0.5688619523129337
TERM,12669,12821,0,0.5688619523129337
TERM,12822,13158,0,0.5688619523129337
TERM,13159,13199,0,0.5688619523129337
TERM,13200,13383,0,0.5688619523129337
TERM,13384,13880,0,0.5688619523129337
TERM,13881,14129,0,0.5688619523129337
TERM,14130,14305,0,0.5688619523129337
TERM,14306,14769,0,0.5688619523129337
