channel,start_time,stop_time,label,confidence
TERM,1,40,0,0.6527649116333993
TERM,41,234,0,0.6527649116333993
TERM,235,394,0,0.6527649116333993
TERM,395,617,0,0.6527649116333993
TERM,618,946,0,0.6527649116333993
TERM,947,1365,0,0.6527649116333993
TERM,1366,1454,0,0.6527649116333993
TERM,1455,1487,0,0.6527649116333993
TERM,1488,1709,0,0.6527649116333993
TERM,1710,1722,0,0.6527649116333993
TERM,1723,2157,0,0.6527649116333993
TERM,2158,2572,0,0.6527649116333993
TERM,2573,2737,0,0.6527649116333993
