channel,start_time,stop_time,label,confidence
TERM,1,264,0,0.6405932458648784
TERM,265,383,0,0.6405932458648784
TERM,384,393,0,0.6405932458648784
TERM,394,837,0,0.6405932458648784
TERM,838,864,0,0.6405932458648784
TERM,865,902,0,0.6405932458648784
TERM,903,1000,0,0.6405932458648784
TERM,1001,1271,0,0.6405932458648784
TERM,1272,1321,0,0.6405932458648784
TERM,1322,1788,0,0.6405932458648784
TERM,1789,1952,0,0.6405932458648784
TERM,1953,2176,0,0.6405932458648784
TERM,2177,2410,0,0.6405932458648784
TERM,2411,2600,0,0.6405932458648784
TERM,2601,2866,0,0.6405932458648784
TERM,2867,3174,0,0.6405932458648784
TERM,3175,3558,0,0.6405932458648784
TERM,3559,3985,0,0.6405932458648784
TERM,3986,4364,0,0.6405932458648784
TERM,4365,4634,0,0.6405932458648784
TERM,4635,4854,0,0.6405932458648784
TERM,4855,5293,0,0.6405932458648784
TERM,5294,5499,0,0.6405932458648784
TERM,5500,5519,0,0.6405932458648784
TERM,5520,5705,0,0.6405932458648784
TERM,5706,6050,0,0.6405932458648784
TERM,6051,6172,0,0.6405932458648784
TERM,6173,6509,0,0.6405932458648784
TERM,6510,6802,0,0.6405932458648784
TERM,6803,7193,0,0.6405932458648784
TERM,7194,7253,0,0.6405932458648784
TERM,7254,7512,0,0.6405932458648784
TERM,7513,7843,0,0.6405932458648784
TERM,7844,8155,0,0.6405932458648784
TERM,8156,8385,0,0.6405932458648784
TERM,8386,8851,0,0.6405932458648784
TERM,8852,9155,0,0.6405932458648784
TERM,9156,9535,0,0.6405932458648784
TERM,9536,9695,0,0.6405932458648784
TERM,9696,9837,0,0.6405932458648784
TERM,9838,10231,0,0.6405932458648784
TERM,10232,10708,0,0.6405932458648784
