channel,start_time,stop_time,label,confidence
TERM,1,172,0,0.59056398724312
TERM,173,225,0,0.59056398724312
TERM,226,499,0,0.59056398724312
TERM,500,894,0,0.59056398724312
TERM,895,946,0,0.59056398724312
TERM,947,1156,0,0.59056398724312
TERM,1157,1370,0,0.59056398724312
TERM,1371,1415,0,0.59056398724312
TERM,1416,1451,0,0.59056398724312
TERM,1452,1680,0,0.59056398724312
TERM,1681,2048,0,0.59056398724312
TERM,2049,2535,0,0.59056398724312
TERM,2536,2644,0,0.59056398724312
TERM,2645,3086,0,0.59056398724312
TERM,3087,3311,0,0.59056398724312
TERM,3312,3472,0,0.59056398724312
TERM,3473,3921,0,0.59056398724312
TERM,3922,4083,0,0.59056398724312
TERM,4084,4564,0,0.59056398724312
TERM,4565,4798,0,0.59056398724312
TERM,4799,4965,0,0.59056398724312
TERM,4966,5369,0,0.59056398724312
TERM,5370,5661,0,0.59056398724312
TERM,5662,5903,0,0.59056398724312
TERM,5904,6167,0,0.59056398724312
TERM,6168,6394,0,0.59056398724312
TERM,6395,6768,0,0.59056398724312
TERM,6769,6807,0,0.59056398724312
TERM,6808,6888,0,0.59056398724312
TERM,6889,6989,0,0.59056398724312
TERM,6990,7216,0,0.59056398724312
TERM,7217,7709,0,0.59056398724312
TERM,7710,8060,0,0.59056398724312
TERM,8061,8558,0,0.59056398724312
TERM,8559,8765,0,0.59056398724312
TERM,8766,9147,0,0.59056398724312
TERM,9148,9203,0,0.59056398724312
TERM,9204,9372,0,0.59056398724312
TERM,9373,9822,0,0.59056398724312
TERM,9823,10209,0,0.59056398724312
TERM,10210,10352,0,0.59056398724312
TERM,10353,10389,0,0.59056398724312
TERM,10390,10480,0,0.59056398724312
TERM,10481,10853,0,0.59056398724312
TERM,10854,11188,0,0.59056398724312
TERM,11189,11322,0,0.59056398724312
TERM,11323,11626,0,0.59056398724312
TERM,11627,11705,0,0.59056398724312
TERM,11706,11879,0,0.59056398724312
TERM,11880,12008,0,0.59056398724312
TERM,12009,12212,0,0.59056398724312
TERM,12213,12361,0,0.59056398724312
TERM,12362,12812,0,0.59056398724312
TERM,12813,13135,0,0.59056398724312
TERM,13136,13487,0,0.59056398724312
TERM,13488,13793,0,0.59056398724312
TERM,13794,13872,0,0.59056398724312
TERM,13873,14100,0,0.59056398724312
TERM,14101,14442,0,0.59056398724312
TERM,14443,14822,0,0.59056398724312
TERM,14823,14833,0,0.59056398724312
TERM,14834,15317,0,0.59056398724312
TERM,15318,15374,0,0.59056398724312
TERM,15375,15742,0,0.59056398724312
TERM,15743,15928,0,0.59056398724312
