channel,start_time,stop_time,label,confidence
TERM,1,33,0,0.6070254149637422
TERM,34,308,0,0.6070254149637422
TERM,309,648,0,0.6070254149637422
TERM,649,813,0,0.6070254149637422
TERM,814,1069,0,0.6070254149637422
TERM,1070,1525,0,0.6070254149637422
TERM,1526,1985,0,0.6070254149637422
TERM,1986,2283,0,0.6070254149637422
TERM,2284,2737,0,0.6070254149637422
TERM,2738,2847,0,0.6070254149637422
TERM,2848,3218,0,0.6070254149637422
TERM,3219,3255,0,0.6070254149637422
TERM,3256,3538,0,0.6070254149637422
TERM,3539,3780,0,0.6070254149637422
TERM,3781,3819,0,0.6070254149637422
TERM,3820,4264,0,0.6070254149637422
TERM,4265,4614,0,0.6070254149637422
TERM,4615,5026,0,0.6070254149637422
TERM,5027,5345,0,0.6070254149637422
TERM,5346,5478,0,0.6070254149637422
TERM,5479,5609,0,0.6070254149637422
TERM,5610,5657,0,0.6070254149637422
TERM,5658,6138,0,0.6070254149637422
TERM,6139,6559,0,0.6070254149637422
TERM,6560,6621,0,0.6070254149637422
TERM,6622,6771,0,0.6070254149637422
TERM,6772,7048,0,0.6070254149637422
TERM,7049,7144,0,0.6070254149637422
TERM,7145,7224,0,0.6070254149637422
TERM,7225,7716,0,0.6070254149637422
