channel,start_time,stop_time,label,confidence
TERM,1,194,0,0.5307857241934157
TERM,195,355,0,0.5307857241934157
TERM,356,483,0,0.5307857241934157
TERM,484,547,0,0.5307857241934157
TERM,548,783,0,0.5307857241934157
TERM,784,1270,0,0.5307857241934157
TERM,1271,1647,0,0.5307857241934157
TERM,1648,1672,0,0.5307857241934157
TERM,1673,2062,0,0.5307857241934157
TERM,2063,2193,0,0.5307857241934157
TERM,2194,2505,0,0.5307857241934157
TERM,2506,2804,0,0.5307857241934157
TERM,2805,3285,0,0.5307857241934157
TERM,3286,3505,0,0.5307857241934157
TERM,3506,3995,0,0.5307857241934157
TERM,3996,4261,0,0.5307857241934157
TERM,4262,4644,0,0.5307857241934157
TERM,4645,4723,0,0.5307857241934157
TERM,4724,5219,0,0.5307857241934157
TERM,5220,5549,0,0.5307857241934157
TERM,5550,5633,0,0.5307857241934157
TERM,5634,6117,0,0.5307857241934157
TERM,6118,6284,0,0.5307857241934157
TERM,6285,6703,0,0.5307857241934157
TERM,6704,7131,0,0.5307857241934157
TERM,7132,7401,0,0.5307857241934157
TERM,7402,7605,0,0.5307857241934157
TERM,7606,7864,0,0.5307857241934157
TERM,7865,8131,0,0.5307857241934157
TERM,8132,8235,0,0.5307857241934157
TERM,8236,8495,0,0.5307857241934157
TERM,8496,8607,0,0.5307857241934157
TERM,8608,9038,0,0.5307857241934157
TERM,9039,9117,0,0.5307857241934157
TERM,9118,9262,0,0.5307857241934157
TERM,9263,9599,0,0.5307857241934157
TERM,9600,9894,0,0.5307857241934157
TERM,9895,10064,0,0.5307857241934157
TERM,10065,10187,0,0.5307857241934157
TERM,10188,10400,0,0.5307857241934157
TERM,10401,10521,0,0.5307857241934157
TERM,10522,10991,0,0.5307857241934157
TERM,10992,11235,0,0.5307857241934157
TERM,11236,11458,0,0.5307857241934157
TERM,11459,11774,0,0.5307857241934157
TERM,11775,12075,0,0.5307857241934157
TERM,12076,12272,0,0.5307857241934157
TERM,12273,12494,0,0.5307857241934157
