channel,start_time,stop_time,label,confidence
TERM,1,194,0,0.541758144108321
TERM,195,414,0,0.541758144108321
TERM,415,531,0,0.541758144108321
TERM,532,630,0,0.541758144108321
TERM,631,1080,0,0.541758144108321
TERM,1081,1322,0,0.541758144108321
TERM,1323,1383,0,0.541758144108321
TERM,1384,1493,0,0.541758144108321
TERM,1494,1778,0,0.541758144108321
TERM,1779,1902,0,0.541758144108321
TERM,1903,2373,0,0.541758144108321
TERM,2374,2467,0,0.541758144108321
