channel,start_time,stop_time,label,confidence
TERM,1,328,0,0.619654489943159
TERM,329,802,0,0.619654489943159
TERM,803,913,0,0.619654489943159
TERM,914,1311,0,0.619654489943159
TERM,1312,1422,0,0.619654489943159
TERM,1423,1916,0,0.619654489943159
TERM,1917,2092,0,0.619654489943159
TERM,2093,2566,0,0.619654489943159
TERM,2567,3032,0,0.619654489943159
TERM,3033,3157,0,0.619654489943159
TERM,3158,3567,0,0.619654489943159
TERM,3568,3773,0,0.619654489943159
TERM,3774,4070,0,0.619654489943159
TERM,4071,4132,0,0.619654489943159
TERM,4133,4382,0,0.619654489943159
TERM,4383,4791,0,0.619654489943159
TERM,4792,5149,0,0.619654489943159
TERM,5150,5646,0,0.619654489943159
TERM,5647,5735,0,0.619654489943159
TERM,5736,5903,0,0.619654489943159
TERM,5904,6145,0,0.619654489943159
TERM,6146,6426,0,0.619654489943159
TERM,6427,6771,0,0.619654489943159
TERM,6772,6791,0,0.619654489943159
TERM,6792,6937,0,0.619654489943159
TERM,6938,7423,0,0.619654489943159
TERM,7424,7649,0,0.619654489943159
TERM,7650,8017,0,0.619654489943159
TERM,8018,8375,0,0.619654489943159
TERM,8376,8545,0,0.619654489943159
TERM,8546,8740,0,0.619654489943159
TERM,8741,9160,0,0.619654489943159
TERM,9161,9604,0,0.619654489943159
TERM,9605,9981,0,0.619654489943159
TERM,9982,10080,0,0.619654489943159
TERM,10081,10299,0,0.619654489943159
TERM,10300,10595,0,0.619654489943159
TERM,10596,10707,0,0.619654489943159
TERM,10708,11195,0,0.619654489943159
TERM,11196,11537,0,0.619654489943159
TERM,11538,11587,0,0.619654489943159
TERM,11588,11938,0,0.619654489943159
TERM,11939,12261,0,0.619654489943159
TERM,12262,12720,0,0.619654489943159
TERM,12721,12966,0,0.619654489943159
TERM,12967,13340,0,0.619654489943159
TERM,13341,13697,0,0.619654489943159
TERM,13698,13808,0,0.619654489943159
TERM,13809,14216,0,0.619654489943159
TERM,14217,14242,0,0.619654489943159
TERM,14243,14741,0,0.619654489943159
TERM,14742,14777,0,0.619654489943159
TERM,14778,14834,0,0.619654489943159
TERM,14835,15023,0,0.619654489943159
TERM,15024,15201,0,0.619654489943159
TERM,15202,15592,0,0.619654489943159
TERM,15593,15677,0,0.619654489943159
TERM,15678,15808,0,0.619654489943159
TERM,15809,16252,0,0.619654489943159
TERM,16253,16579,0,0.619654489943159
TERM,16580,16916,0,0.619654489943159
TERM,16917,17095,0,0.619654489943159
TERM,17096,17506,0,0.619654489943159
TERM,17507,17951,0,0.619654489943159
TERM,17952,18208,0,0.619654489943159
