channel,start_time,stop_time,label,confidence
TERM,1,49,0,0.7130563040762814
TERM,50,194,0,0.7130563040762814
TERM,195,349,0,0.7130563040762814
TERM,350,808,0,0.7130563040762814
TERM,809,1184,0,0.7130563040762814
TERM,1185,1377,0,0.7130563040762814
TERM,1378,1453,0,0.7130563040762814
TERM,1454,1494,0,0.7130563040762814
TERM,1495,1844,0,0.7130563040762814
TERM,1845,2183,0,0.7130563040762814
TERM,2184,2498,0,0.7130563040762814
TERM,2499,2942,0,0.7130563040762814
TERM,2943,3168,0,0.7130563040762814
TERM,3169,3469,0,0.7130563040762814
TERM,3470,3720,0,0.7130563040762814
TERM,3721,3848,0,0.7130563040762814
TERM,3849,4044,0,0.7130563040762814
TERM,4045,4423,0,0.7130563040762814
TERM,4424,4836,0,0.7130563040762814
TERM,4837,5248,0,0.7130563040762814
TERM,5249,5458,0,0.7130563040762814
TERM,5459,5836,0,0.7130563040762814
