channel,start_time,stop_time,label,confidence
TERM,1,179,0,0.5711227348686981
TERM,180,499,0,0.5711227348686981
TERM,500,864,0,0.5711227348686981
TERM,865,1027,0,0.5711227348686981
TERM,1028,1062,0,0.5711227348686981
TERM,1063,1407,0,0.5711227348686981
TERM,1408,1903,0,0.5711227348686981
TERM,1904,2009,0,0.5711227348686981
TERM,2010,2019,0,0.5711227348686981
TERM,2020,2200,0,0.5711227348686981
TERM,2201,2682,0,0.5711227348686981
TERM,2683,3159,0,0.5711227348686981
TERM,3160,3305,0,0.5711227348686981
TERM,3306,3629,0,0.5711227348686981
TERM,3630,4040,0,0.5711227348686981
TERM,4041,4103,0,0.5711227348686981
TERM,4104,4479,0,0.5711227348686981
TERM,4480,4752,0,0.5711227348686981
TERM,4753,4855,0,0.5711227348686981
TERM,4856,5041,0,0.5711227348686981
TERM,5042,5120,0,0.5711227348686981
TERM,5121,5338,0,0.5711227348686981
TERM,5339,5829,0,0.5711227348686981
TERM,5830,5967,0,0.5711227348686981
TERM,5968,6262,0,0.5711227348686981
TERM,6263,6754,0,0.5711227348686981
TERM,6755,6795,0,0.5711227348686981
TERM,6796,7128,0,0.5711227348686981
TERM,7129,7477,0,0.5711227348686981
TERM,7478,7850,0,0.5711227348686981
TERM,7851,8273,0,0.5711227348686981
TERM,8274,8417,0,0.5711227348686981
TERM,8418,8905,0,0.5711227348686981
TERM,8906,9288,0,0.5711227348686981
TERM,9289,9564,0,0.5711227348686981
TERM,9565,9932,0,0.5711227348686981
TERM,9933,10242,0,0.5711227348686981
TERM,10243,10656,0,0.5711227348686981
TERM,10657,11095,0,0.5711227348686981
TERM,11096,11585,0,0.5711227348686981
TERM,11586,11812,0,0.5711227348686981
TERM,11813,11830,0,0.5711227348686981
