channel,start_time,stop_time,label,confidence
TERM,1,241,0,0.6229213633928272
TERM,242,341,0,0.6229213633928272
TERM,342,815,0,0.6229213633928272
TERM,816,1288,0,0.6229213633928272
TERM,1289,1750,0,0.6229213633928272
TERM,1751,2086,0,0.6229213633928272
TERM,2087,2518,0,0.6229213633928272
TERM,2519,2880,0,0.6229213633928272
TERM,2881,3313,0,0.6229213633928272
TERM,3314,3762,0,0.6229213633928272
TERM,3763,4052,0,0.6229213633928272
TERM,4053,4407,0,0.6229213633928272
TERM,4408,4584,0,0.6229213633928272
TERM,4585,4857,0,0.6229213633928272
TERM,4858,5347,0,0.6229213633928272
