channel,start_time,stop_time,label,confidence
TERM,1,200,0,0.4393049792001016
TERM,201,404,0,0.4393049792001016
TERM,405,441,0,0.4393049792001016
TERM,442,740,0,0.4393049792001016
TERM,741,831,0,0.4393049792001016
TERM,832,1150,0,0.4393049792001016
TERM,1151,1427,0,0.4393049792001016
TERM,1428,1527,0,0.4393049792001016
TERM,1528,1880,0,0.4393049792001016
TERM,1881,2200,0,0.4393049792001016
TERM,2201,2305,0,0.4393049792001016
TERM,2306,2326,0,0.4393049792001016
TERM,2327,2598,0,0.4393049792001016
