channel,start_time,stop_time,label,confidence
TERM,1,352,0,0.7574195634396053
TERM,353,741,0,0.7574195634396053
TERM,742,818,0,0.7574195634396053
TERM,819,957,0,0.7574195634396053
TERM,958,1082,0,0.7574195634396053
TERM,1083,1562,0,0.7574195634396053
TERM,1563,1770,0,0.7574195634396053
TERM,1771,2176,0,0.7574195634396053
TERM,2177,2569,0,0.7574195634396053
TERM,2570,2846,0,0.7574195634396053
TERM,2847,3241,0,0.7574195634396053
TERM,3242,3408,0,0.7574195634396053
TERM,3409,3554,0,0.7574195634396053
TERM,3555,3928,0,0.7574195634396053
TERM,3929,4002,0,0.7574195634396053
