channel,start_time,stop_time,label,confidence
TERM,1,93,0,0.4271176525283687
TERM,94,419,0,0.4271176525283687
TERM,420,727,0,0.4271176525283687
TERM,728,771,0,0.4271176525283687
TERM,772,867,0,0.4271176525283687
TERM,868,1340,0,0.4271176525283687
TERM,1341,1727,0,0.4271176525283687
TERM,1728,1750,0,0.4271176525283687
TERM,1751,2233,0,0.4271176525283687
TERM,2234,2371,0,0.4271176525283687
TERM,2372,2778,0,0.4271176525283687
TERM,2779,3136,0,0.4271176525283687
TERM,3137,3578,0,0.4271176525283687
TERM,3579,3823,0,0.4271176525283687
TERM,3824,4212,0,0.4271176525283687
TERM,4213,4437,0,0.4271176525283687
TERM,4438,4820,0,0.4271176525283687
TERM,4821,4911,0,0.4271176525283687
TERM,4912,5362,0,0.4271176525283687
TERM,5363,5796,0,0.4271176525283687
TERM,5797,5835,0,0.4271176525283687
TERM,5836,6019,0,0.4271176525283687
TERM,6020,6182,0,0.4271176525283687
TERM,6183,6437,0,0.4271176525283687
TERM,6438,6697,0,0.4271176525283687
TERM,6698,7050,0,0.4271176525283687
TERM,7051,7262,0,0.4271176525283687
TERM,7263,7588,0,0.4271176525283687
TERM,7589,7875,0,0.4271176525283687
TERM,7876,7951,0,0.4271176525283687
TERM,7952,8221,0,0.4271176525283687
TERM,8222,8587,0,0.4271176525283687
TERM,8588,8852,0,0.4271176525283687
TERM,8853,9217,0,0.4271176525283687
TERM,9218,9460,0,0.4271176525283687
TERM,9461,9895,0,0.4271176525283687
