channel,start_time,stop_time,label,confidence
TERM,1,224,0,0.227863504748852
TERM,225,342,0,0.227863504748852
TERM,343,495,0,0.227863504748852
TERM,496,940,0,0.227863504748852
TERM,941,1107,0,0.227863504748852
TERM,1108,1225,0,0.227863504748852
TERM,1226,1425,0,0.227863504748852
TERM,1426,1514,0,0.227863504748852
TERM,1515,1905,0,0.227863504748852
TERM,1906,2192,0,0.227863504748852
TERM,2193,2628,0,0.227863504748852
