channel,start_time,stop_time,label,confidence
TERM,1,20,0,0.6751236131334823
TERM,21,135,0,0.6751236131334823
TERM,136,161,0,0.6751236131334823
TERM,162,592,0,0.6751236131334823
TERM,593,855,0,0.6751236131334823
TERM,856,1088,0,0.6751236131334823
TERM,1089,1358,0,0.6751236131334823
TERM,1359,1508,0,0.6751236131334823
TERM,1509,1611,0,0.6751236131334823
TERM,1612,1999,0,0.6751236131334823
TERM,2000,2326,0,0.6751236131334823
TERM,2327,2608,0,0.6751236131334823
TERM,2609,3073,0,0.6751236131334823
TERM,3074,3115,0,0.6751236131334823
TERM,3116,3387,0,0.6751236131334823
TERM,3388,3630,0,0.6751236131334823
TERM,3631,4013,0,0.6751236131334823
TERM,4014,4407,0,0.6751236131334823
TERM,4408,4869,0,0.6751236131334823
TERM,4870,5255,0,0.6751236131334823
TERM,5256,5367,0,0.6751236131334823
TERM,5368,5577,0,0.6751236131334823
TERM,5578,5636,0,0.6751236131334823
TERM,5637,5833,0,0.6751236131334823
TERM,5834,6319,0,0.6751236131334823
TERM,6320,6710,0,0.6751236131334823
TERM,6711,7143,0,0.6751236131334823
TERM,7144,7273,0,0.6751236131334823
TERM,7274,7687,0,0.6751236131334823
TERM,7688,7927,0,0.6751236131334823
TERM,7928,8145,0,0.6751236131334823
TERM,8146,8567,0,0.6751236131334823
TERM,8568,8784,0,0.6751236131334823
TERM,8785,9274,0,0.6751236131334823
TERM,9275,9616,0,0.6751236131334823
TERM,9617,9746,0,0.6751236131334823
TERM,9747,9944,0,0.6751236131334823
TERM,9945,10437,0,0.6751236131334823
TERM,10438,10772,0,0.6751236131334823
TERM,10773,11014,0,0.6751236131334823
TERM,11015,11215,0,0.6751236131334823
TERM,11216,11556,0,0.6751236131334823
TERM,11557,11908,0,0.6751236131334823
TERM,11909,12173,0,0.6751236131334823
TERM,12174,12242,0,0.6751236131334823
TERM,12243,12735,0,0.6751236131334823
TERM,12736,12957,0,0.6751236131334823
TERM,12958,13003,0,0.6751236131334823
TERM,13004,13149,0,0.6751236131334823
TERM,13150,13218,0,0.6751236131334823
TERM,13219,13520,0,0.6751236131334823
TERM,13521,13930,0,0.6751236131334823
