channel,start_time,stop_time,label,confidence
TERM,1,456,0,0.8379962312130346
TERM,457,701,0,0.8379962312130346
TERM,702,956,0,0.8379962312130346
TERM,957,1003,0,0.8379962312130346
TERM,1004,1381,0,0.8379962312130346
TERM,1382,1834,0,0.8379962312130346
TERM,1835,2119,0,0.8379962312130346
TERM,2120,2365,0,0.8379962312130346
TERM,2366,2770,0,0.8379962312130346
TERM,2771,3257,0,0.8379962312130346
TERM,3258,3628,0,0.8379962312130346
