channel,start_time,stop_time,label,confidence
TERM,1,425,0,0.5676063813719252
TERM,426,767,0,0.5676063813719252
TERM,768,1093,0,0.5676063813719252
TERM,1094,1113,0,0.5676063813719252
TERM,1114,1552,0,0.5676063813719252
TERM,1553,1946,0,0.5676063813719252
TERM,1947,2278,0,0.5676063813719252
TERM,2279,2726,0,0.5676063813719252
TERM,2727,2902,0,0.5676063813719252
TERM,2903,3368,0,0.5676063813719252
TERM,3369,3670,0,0.5676063813719252
TERM,3671,4123,0,0.5676063813719252
