channel,start_time,stop_time,label,confidence
TERM,1,429,0,0.5167987326410669
TERM,430,844,0,0.5167987326410669
TERM,845,1302,0,0.5167987326410669
TERM,1303,1701,0,0.5167987326410669
TERM,1702,1857,0,0.5167987326410669
TERM,1858,2087,0,0.5167987326410669
TERM,2088,2119,0,0.5167987326410669
TERM,2120,2298,0,0.5167987326410669
TERM,2299,2600,0,0.5167987326410669
TERM,2601,3005,0,0.5167987326410669
TERM,3006,3273,0,0.5167987326410669
