channel,start_time,stop_time,label,confidence
TERM,1,177,0,0.563753840033345
TERM,178,512,0,0.563753840033345
TERM,513,723,0,0.563753840033345
TERM,724,766,0,0.563753840033345
TERM,767,890,0,0.563753840033345
TERM,891,987,0,0.563753840033345
TERM,988,1049,0,0.563753840033345
TERM,1050,1233,0,0.563753840033345
TERM,1234,1424,0,0.563753840033345
TERM,1425,1664,0,0.563753840033345
TERM,1665,2153,0,0.563753840033345
TERM,2154,2293,0,0.563753840033345
TERM,2294,2662,0,0.563753840033345
TERM,2663,2683,0,0.563753840033345
TERM,2684,3141,0,0.563753840033345
TERM,3142,3441,0,0.563753840033345
TERM,3442,3768,0,0.563753840033345
TERM,3769,4142,0,0.563753840033345
TERM,4143,4573,0,0.563753840033345
TERM,4574,4946,0,0.563753840033345
TERM,4947,5083,0,0.563753840033345
TERM,5084,5401,0,0.563753840033345
TERM,5402,5891,0,0.563753840033345
TERM,5892,6026,0,0.563753840033345
TERM,6027,6489,0,0.563753840033345
TERM,6490,6980,0,0.563753840033345
TERM,6981,7433,0,0.563753840033345
TERM,7434,7731,0,0.563753840033345
TERM,7732,7906,0,0.563753840033345
TERM,7907,7951,0,0.563753840033345
TERM,7952,8222,0,0.563753840033345
TERM,8223,8633,0,0.563753840033345
TERM,8634,9013,0,0.563753840033345
TERM,9014,9089,0,0.563753840033345
TERM,9090,9322,0,0.563753840033345
TERM,9323,9762,0,0.563753840033345
TERM,9763,9813,0,0.563753840033345
TERM,9814,9827,0,0.563753840033345
TERM,9828,10322,0,0.563753840033345
TERM,10323,10622,0,0.563753840033345
TERM,10623,10673,0,0.563753840033345
TERM,10674,10786,0,0.563753840033345
TERM,10787,10801,0,0.563753840033345
TERM,10802,11037,0,0.563753840033345
TERM,11038,11416,0,0.563753840033345
TERM,11417,11858,0,0.563753840033345
TERM,11859,11999,0,0.563753840033345
TERM,12000,12064,0,0.563753840033345
