channel,start_time,stop_time,label,confidence
TERM,1,57,0,0.6166185056840663
TERM,58,500,0,0.6166185056840663
TERM,501,896,0,0.6166185056840663
TERM,897,995,0,0.6166185056840663
TERM,996,1412,0,0.6166185056840663
TERM,1413,1606,0,0.6166185056840663
TERM,1607,1662,0,0.6166185056840663
TERM,1663,1674,0,0.6166185056840663
TERM,1675,2124,0,0.6166185056840663
TERM,2125,2523,0,0.6166185056840663
TERM,2524,2956,0,0.6166185056840663
TERM,2957,3121,0,0.6166185056840663
TERM,3122,3478,0,0.6166185056840663
TERM,3479,3953,0,0.6166185056840663
TERM,3954,4103,0,0.6166185056840663
TERM,4104,4268,0,0.6166185056840663
TERM,4269,4402,0,0.6166185056840663
TERM,4403,4461,0,0.6166185056840663
TERM,4462,4612,0,0.6166185056840663
TERM,4613,4722,0,0.6166185056840663
TERM,4723,4900,0,0.6166185056840663
TERM,4901,4960,0,0.6166185056840663
TERM,4961,5092,0,0.6166185056840663
TERM,5093,5234,0,0.6166185056840663
TERM,5235,5508,0,0.6166185056840663
TERM,5509,5771,0,0.6166185056840663
TERM,5772,5930,0,0.6166185056840663
TERM,5931,6415,0,0.6166185056840663
TERM,6416,6603,0,0.6166185056840663
TERM,6604,6826,0,0.6166185056840663
TERM,6827,6980,0,0.6166185056840663
TERM,6981,7314,0,0.6166185056840663
TERM,7315,7723,0,0.6166185056840663
TERM,7724,7853,0,0.6166185056840663
TERM,7854,7932,0,0.6166185056840663
TERM,7933,8063,0,0.6166185056840663
TERM,8064,8553,0,0.6166185056840663
TERM,8554,9040,0,0.6166185056840663
TERM,9041,9212,0,0.6166185056840663
TERM,9213,9405,0,0.6166185056840663
TERM,9406,9476,0,0.6166185056840663
TERM,9477,9486,0,0.6166185056840663
TERM,9487,9799,0,0.6166185056840663
TERM,9800,9929,0,0.6166185056840663
TERM,9930,10123,0,0.6166185056840663
TERM,10124,10531,0,0.6166185056840663
TERM,10532,10766,0,0.6166185056840663
TERM,10767,11187,0,0.6166185056840663
TERM,11188,11367,0,0.6166185056840663
TERM,11368,11440,0,0.6166185056840663
TERM,11441,11709,0,0.6166185056840663
TERM,11710,12147,0,0.6166185056840663
TERM,12148,12398,0,0.6166185056840663
TERM,12399,12430,0,0.6166185056840663
TERM,12431,12701,0,0.6166185056840663
TERM,12702,13009,0,0.6166185056840663
TERM,13010,13067,0,0.6166185056840663
TERM,13068,13129,0,0.6166185056840663
TERM,13130,13580,0,0.6166185056840663
TERM,13581,13622,0,0.6166185056840663
