channel,start_time,stop_time,label,confidence
TERM,1,493,0,0.6561443906633277
TERM,494,886,0,0.6561443906633277
TERM,887,1190,0,0.6561443906633277
TERM,1191,1412,0,0.6561443906633277
TERM,1413,1786,0,0.6561443906633277
TERM,1787,2212,0,0.6561443906633277
TERM,2213,2702,0,0.6561443906633277
TERM,2703,3034,0,0.6561443906633277
TERM,3035,3044,0,0.6561443906633277
TERM,3045,3411,0,0.6561443906633277
TERM,3412,3739,0,0.6561443906633277
TERM,3740,3781,0,0.6561443906633277
TERM,3782,4248,0,0.6561443906633277
TERM,4249,4326,0,0.6561443906633277
TERM,4327,4377,0,0.6561443906633277
TERM,4378,4741,0,0.6561443906633277
TERM,4742,5071,0,0.6561443906633277
TERM,5072,5452,0,0.6561443906633277
TERM,5453,5796,0,0.6561443906633277
TERM,5797,5938,0,0.6561443906633277
TERM,5939,6381,0,0.6561443906633277
TERM,6382,6402,0,0.6561443906633277
TERM,6403,6700,0,0.6561443906633277
TERM,6701,7049,0,0.6561443906633277
TERM,7050,7261,0,0.6561443906633277
TERM,7262,7651,0,0.6561443906633277
TERM,7652,8041,0,0.6561443906633277
TERM,8042,8142,0,0.6561443906633277
TERM,8143,8284,0,0.6561443906633277
TERM,8285,8427,0,0.6561443906633277
TERM,8428,8881,0,0.6561443906633277
TERM,8882,9356,0,0.6561443906633277
TERM,9357,9806,0,0.6561443906633277
TERM,9807,9820,0,0.6561443906633277
TERM,9821,10156,0,0.6561443906633277
TERM,10157,10637,0,0.6561443906633277
TERM,10638,11002,0,0.6561443906633277
TERM,11003,11352,0,0.6561443906633277
TERM,11353,11378,0,0.6561443906633277
TERM,11379,11483,0,0.6561443906633277
TERM,11484,11881,0,0.6561443906633277
TERM,11882,12273,0,0.6561443906633277
TERM,12274,12756,0,0.6561443906633277
TERM,12757,13081,0,0.6561443906633277
TERM,13082,13533,0,0.6561443906633277
TERM,13534,13966,0,0.6561443906633277
TERM,13967,13999,0,0.6561443906633277
TERM,14000,14350,0,0.6561443906633277
TERM,14351,14541,0,0.6561443906633277
TERM,14542,14566,0,0.6561443906633277
TERM,14567,15037,0,0.6561443906633277
TERM,15038,15433,0,0.6561443906633277
TERM,15434,15904,0,0.6561443906633277
TERM,15905,16159,0,0.6561443906633277
TERM,16160,16374,0,0.6561443906633277
TERM,16375,16695,0,0.6561443906633277
TERM,16696,17005,0,0.6561443906633277
TERM,17006,17433,0,0.6561443906633277
TERM,17434,17499,0,0.6561443906633277
TERM,17500,17864,0,0.6561443906633277
TERM,17865,18030,0,0.6561443906633277
TERM,18031,18490,0,0.6561443906633277
TERM,18491,18846,0,0.6561443906633277
TERM,18847,19004,0,0.6561443906633277
