channel,start_time,stop_time,label,confidence
TERM,1,373,0,0.7660960215845174
TERM,374,712,0,0.7660960215845174
TERM,713,1205,0,0.7660960215845174
TERM,1206,1671,0,0.7660960215845174
TERM,1672,2100,0,0.7660960215845174
TERM,2101,2405,0,0.7660960215845174
TERM,2406,2856,0,0.7660960215845174
TERM,2857,2892,0,0.7660960215845174
TERM,2893,3033,0,0.7660960215845174
TERM,3034,3139,0,0.7660960215845174
TERM,3140,3607,0,0.7660960215845174
TERM,3608,4091,0,0.7660960215845174
TERM,4092,4404,0,0.7660960215845174
TERM,4405,4804,0,0.7660960215845174
TERM,4805,4931,0,0.7660960215845174
TERM,4932,5012,0,0.7660960215845174
TERM,5013,5343,0,0.7660960215845174
TERM,5344,5662,0,0.7660960215845174
TERM,5663,5945,0,0.7660960215845174
TERM,5946,6047,0,0.7660960215845174
TERM,6048,6476,0,0.7660960215845174
TERM,6477,6554,0,0.7660960215845174
TERM,6555,6751,0,0.7660960215845174
TERM,6752,6915,0,0.7660960215845174
TERM,6916,7383,0,0.7660960215845174
TERM,7384,7633,0,0.7660960215845174
TERM,7634,7975,0,0.7660960215845174
TERM,7976,8028,0,0.7660960215845174
TERM,8029,8171,0,0.7660960215845174
TERM,8172,8571,0,0.7660960215845174
TERM,8572,8597,0,0.7660960215845174
TERM,8598,8967,0,0.7660960215845174
TERM,8968,9216,0,0.7660960215845174
TERM,9217,9426,0,0.7660960215845174
TERM,9427,9755,0,0.7660960215845174
TERM,9756,10253,0,0.7660960215845174
TERM,10254,10321,0,0.7660960215845174
TERM,10322,10708,0,0.7660960215845174
TERM,10709,10809,0,0.7660960215845174
TERM,10810,10988,0,0.7660960215845174
TERM,10989,11256,0,0.7660960215845174
TERM,11257,11724,0,0.7660960215845174
TERM,11725,11803,0,0.7660960215845174
TERM,11804,11869,0,0.7660960215845174
TERM,11870,12257,0,0.7660960215845174
TERM,12258,12566,0,0.7660960215845174
TERM,12567,12971,0,0.7660960215845174
TERM,12972,13204,0,0.7660960215845174
TERM,13205,13340,0,0.7660960215845174
TERM,13341,13726,0,0.7660960215845174
TERM,13727,14211,0,0.7660960215845174
TERM,14212,14588,0,0.7660960215845174
