channel,start_time,stop_time,label,confidence
TERM,1,39,0,0.6867419015341132
TERM,40,468,0,0.6867419015341132
TERM,469,534,0,0.6867419015341132
TERM,535,600,0,0.6867419015341132
TERM,601,915,0,0.6867419015341132
TERM,916,1292,0,0.6867419015341132
TERM,1293,1678,0,0.6867419015341132
TERM,1679,2146,0,0.6867419015341132
TERM,2147,2445,0,0.6867419015341132
TERM,2446,2788,0,0.6867419015341132
TERM,2789,2959,0,0.6867419015341132
TERM,2960,3444,0,0.6867419015341132
TERM,3445,3647,0,0.6867419015341132
TERM,3648,4001,0,0.6867419015341132
TERM,4002,4109,0,0.6867419015341132
TERM,4110,4138,0,0.6867419015341132
TERM,4139,4400,0,0.6867419015341132
TERM,4401,4879,0,0.6867419015341132
TERM,4880,4998,0,0.6867419015341132
TERM,4999,5251,0,0.6867419015341132
TERM,5252,5662,0,0.6867419015341132
TERM,5663,6098,0,0.6867419015341132
TERM,6099,6458,0,0.6867419015341132
TERM,6459,6924,0,0.6867419015341132
TERM,6925,7072,0,0.6867419015341132
TERM,7073,7208,0,0.6867419015341132
TERM,7209,7350,0,0.6867419015341132
TERM,7351,7649,0,0.6867419015341132
TERM,7650,7681,0,0.6867419015341132
TERM,7682,8100,0,0.6867419015341132
TERM,8101,8291,0,0.6867419015341132
TERM,8292,8720,0,0.6867419015341132
TERM,8721,9185,0,0.6867419015341132
TERM,9186,9227,0,0.6867419015341132
TERM,9228,9297,0,0.6867419015341132
TERM,9298,9527,0,0.6867419015341132
TERM,9528,9605,0,0.6867419015341132
TERM,9606,9800,0,0.6867419015341132
TERM,9801,10289,0,0.6867419015341132
TERM,10290,10390,0,0.6867419015341132
TERM,10391,10431,0,0.6867419015341132
TERM,10432,10665,0,0.6867419015341132
TERM,10666,10783,0,0.6867419015341132
TERM,10784,10995,0,0.6867419015341132
TERM,10996,11326,0,0.6867419015341132
TERM,11327,11584,0,0.6867419015341132
TERM,11585,11759,0,0.6867419015341132
TERM,11760,12094,0,0.6867419015341132
TERM,12095,12113,0,0.6867419015341132
TERM,12114,12317,0,0.6867419015341132
TERM,12318,12338,0,0.6867419015341132
TERM,12339,12449,0,0.6867419015341132
TERM,12450,12776,0,0.6867419015341132
TERM,12777,13015,0,0.6867419015341132
TERM,13016,13446,0,0.6867419015341132
TERM,13447,13526,0,0.6867419015341132
TERM,13527,13855,0,0.6867419015341132
TERM,13856,14084,0,0.6867419015341132
TERM,14085,14173,0,0.6867419015341132
TERM,14174,14648,0,0.6867419015341132
TERM,14649,14793,0,0.6867419015341132
TERM,14794,14814,0,0.6867419015341132
TERM,14815,15229,0,0.6867419015341132
TERM,15230,15532,0,0.6867419015341132
TERM,15533,15761,0,0.6867419015341132
