channel,start_time,stop_time,label,confidence
TERM,1,424,0,0.6697825297942368
TERM,425,803,0,0.6697825297942368
TERM,804,1193,0,0.6697825297942368
TERM,1194,1384,0,0.6697825297942368
TERM,1385,1671,0,0.6697825297942368
TERM,1672,1737,0,0.6697825297942368
TERM,1738,1954,0,0.6697825297942368
TERM,1955,2309,0,0.6697825297942368
TERM,2310,2547,0,0.6697825297942368
TERM,2548,2765,0,0.6697825297942368
TERM,2766,2948,0,0.6697825297942368
TERM,2949,3051,0,0.6697825297942368
TERM,3052,3287,0,0.6697825297942368
TERM,3288,3430,0,0.6697825297942368
TERM,3431,3729,0,0.6697825297942368
TERM,3730,4214,0,0.6697825297942368
TERM,4215,4296,0,0.6697825297942368
TERM,4297,4662,0,0.6697825297942368
TERM,4663,4731,0,0.6697825297942368
TERM,4732,4890,0,0.6697825297942368
TERM,4891,5168,0,0.6697825297942368
TERM,5169,5194,0,0.6697825297942368
TERM,5195,5415,0,0.6697825297942368
TERM,5416,5910,0,0.6697825297942368
TERM,5911,6406,0,0.6697825297942368
TERM,6407,6898,0,0.6697825297942368
TERM,6899,7264,0,0.6697825297942368
TERM,7265,7722,0,0.6697825297942368
TERM,7723,8219,0,0.6697825297942368
TERM,8220,8338,0,0.6697825297942368
TERM,8339,8370,0,0.6697825297942368
TERM,8371,8567,0,0.6697825297942368
TERM,8568,8731,0,0.6697825297942368
TERM,8732,8928,0,0.6697825297942368
TERM,8929,9293,0,0.6697825297942368
TERM,9294,9407,0,0.6697825297942368
TERM,9408,9558,0,0.6697825297942368
TERM,9559,9768,0,0.6697825297942368
TERM,9769,10137,0,0.6697825297942368
TERM,10138,10244,0,0.6697825297942368
TERM,10245,10268,0,0.6697825297942368
TERM,10269,10749,0,0.6697825297942368
TERM,10750,10970,0,0.6697825297942368
TERM,10971,11063,0,0.6697825297942368
TERM,11064,11511,0,0.6697825297942368
TERM,11512,11842,0,0.6697825297942368
TERM,11843,12258,0,0.6697825297942368
TERM,12259,12502,0,0.6697825297942368
TERM,12503,12990,0,0.6697825297942368
TERM,12991,13200,0,0.6697825297942368
TERM,13201,13506,0,0.6697825297942368
TERM,13507,13629,0,0.6697825297942368
TERM,13630,14005,0,0.6697825297942368
TERM,14006,14251,0,0.6697825297942368
TERM,14252,14469,0,0.6697825297942368
TERM,14470,14944,0,0.6697825297942368
TERM,14945,15018,0,0.6697825297942368
TERM,15019,15447,0,0.6697825297942368
TERM,15448,15859,0,0.6697825297942368
TERM,15860,16001,0,0.6697825297942368
TERM,16002,16243,0,0.6697825297942368
TERM,16244,16343,0,0.6697825297942368
TERM,16344,16562,0,0.6697825297942368
TERM,16563,16954,0,0.6697825297942368
