channel,start_time,stop_time,label,confidence
TERM,1,197,0,0.6211339332458015
TERM,198,595,0,0.6211339332458015
TERM,596,1081,0,0.6211339332458015
TERM,1082,1132,0,0.6211339332458015
TERM,1133,1367,0,0.6211339332458015
TERM,1368,1755,0,0.6211339332458015
TERM,1756,2138,0,0.6211339332458015
TERM,2139,2188,0,0.6211339332458015
TERM,2189,2528,0,0.6211339332458015
TERM,2529,2936,0,0.6211339332458015
TERM,2937,3354,0,0.6211339332458015
TERM,3355,3746,0,0.6211339332458015
TERM,3747,4150,0,0.6211339332458015
TERM,4151,4496,0,0.6211339332458015
TERM,4497,4804,0,0.6211339332458015
TERM,4805,4919,0,0.6211339332458015
TERM,4920,5311,0,0.6211339332458015
TERM,5312,5437,0,0.6211339332458015
TERM,5438,5601,0,0.6211339332458015
TERM,5602,5845,0,0.6211339332458015
TERM,5846,5889,0,0.6211339332458015
TERM,5890,6345,0,0.6211339332458015
TERM,6346,6528,0,0.6211339332458015
TERM,6529,6574,0,0.6211339332458015
TERM,6575,6765,0,0.6211339332458015
TERM,6766,7156,0,0.6211339332458015
TERM,7157,7440,0,0.6211339332458015
TERM,7441,7754,0,0.6211339332458015
TERM,7755,7917,0,0.6211339332458015
TERM,7918,8167,0,0.6211339332458015
TERM,8168,8631,0,0.6211339332458015
TERM,8632,8960,0,0.6211339332458015
TERM,8961,9385,0,0.6211339332458015
TERM,9386,9857,0,0.6211339332458015
TERM,9858,10017,0,0.6211339332458015
TERM,10018,10140,0,0.6211339332458015
TERM,10141,10590,0,0.6211339332458015
TERM,10591,10601,0,0.6211339332458015
TERM,10602,10967,0,0.6211339332458015
TERM,10968,11214,0,0.6211339332458015
TERM,11215,11640,0,0.6211339332458015
TERM,11641,11962,0,0.6211339332458015
TERM,11963,12019,0,0.6211339332458015
TERM,12020,12110,0,0.6211339332458015
TERM,12111,12313,0,0.6211339332458015
TERM,12314,12533,0,0.6211339332458015
TERM,12534,12991,0,0.6211339332458015
TERM,12992,13141,0,0.6211339332458015
