channel,start_time,stop_time,label,confidence
TERM,1,160,0,0.546631418860956
TERM,161,331,0,0.546631418860956
TERM,332,813,0,0.546631418860956
TERM,814,1058,0,0.546631418860956
TERM,1059,1222,0,0.546631418860956
TERM,1223,1334,0,0.546631418860956
TERM,1335,1762,0,0.546631418860956
TERM,1763,2195,0,0.546631418860956
TERM,2196,2236,0,0.546631418860956
TERM,2237,2457,0,0.546631418860956
TERM,2458,2650,0,0.546631418860956
TERM,2651,2968,0,0.546631418860956
TERM,2969,3369,0,0.546631418860956
TERM,3370,3792,0,0.546631418860956
TERM,3793,4045,0,0.546631418860956
TERM,4046,4201,0,0.546631418860956
TERM,4202,4607,0,0.546631418860956
TERM,4608,5040,0,0.546631418860956
TERM,5041,5527,0,0.546631418860956
TERM,5528,5539,0,0.546631418860956
TERM,5540,5875,0,0.546631418860956
TERM,5876,6309,0,0.546631418860956
TERM,6310,6550,0,0.546631418860956
TERM,6551,6972,0,0.546631418860956
TERM,6973,7093,0,0.546631418860956
TERM,7094,7145,0,0.546631418860956
TERM,7146,7395,0,0.546631418860956
TERM,7396,7602,0,0.546631418860956
TERM,7603,8014,0,0.546631418860956
TERM,8015,8162,0,0.546631418860956
TERM,8163,8324,0,0.546631418860956
TERM,8325,8595,0,0.546631418860956
TERM,8596,9025,0,0.546631418860956
TERM,9026,9246,0,0.546631418860956
TERM,9247,9508,0,0.546631418860956
TERM,9509,9713,0,0.546631418860956
TERM,9714,9977,0,0.546631418860956
TERM,9978,10044,0,0.546631418860956
TERM,10045,10196,0,0.546631418860956
TERM,10197,10367,0,0.546631418860956
TERM,10368,10608,0,0.546631418860956
TERM,10609,10795,0,0.546631418860956
TERM,10796,10884,0,0.546631418860956
TERM,10885,11241,0,0.546631418860956
TERM,11242,11580,0,0.546631418860956
TERM,11581,11838,0,0.546631418860956
TERM,11839,12049,0,0.546631418860956
TERM,12050,12116,0,0.546631418860956
