channel,start_time,stop_time,label,confidence
TERM,1,367,0,0.4763190707665073
TERM,368,507,0,0.4763190707665073
TERM,508,894,0,0.4763190707665073
TERM,895,952,0,0.4763190707665073
TERM,953,1314,0,0.4763190707665073
TERM,1315,1467,0,0.4763190707665073
TERM,1468,1552,0,0.4763190707665073
TERM,1553,1860,0,0.4763190707665073
TERM,1861,1931,0,0.4763190707665073
TERM,1932,2112,0,0.4763190707665073
TERM,2113,2328,0,0.4763190707665073
TERM,2329,2564,0,0.4763190707665073
TERM,2565,2741,0,0.4763190707665073
TERM,2742,3095,0,0.4763190707665073
TERM,3096,3436,0,0.4763190707665073
TERM,3437,3790,0,0.4763190707665073
TERM,3791,4052,0,0.4763190707665073
TERM,4053,4065,0,0.4763190707665073
TERM,4066,4079,0,0.4763190707665073
TERM,4080,4540,0,0.4763190707665073
TERM,4541,4848,0,0.4763190707665073
TERM,4849,5274,0,0.4763190707665073
TERM,5275,5335,0,0.4763190707665073
TERM,5336,5780,0,0.4763190707665073
TERM,5781,5871,0,0.4763190707665073
TERM,5872,5984,0,0.4763190707665073
