channel,start_time,stop_time,label,confidence
TERM,1,165,0,0.6644630376935097
TERM,166,365,0,0.6644630376935097
TERM,366,690,0,0.6644630376935097
TERM,691,932,0,0.6644630376935097
TERM,933,1351,0,0.6644630376935097
TERM,1352,1735,0,0.6644630376935097
TERM,1736,1893,0,0.6644630376935097
TERM,1894,1983,0,0.6644630376935097
TERM,1984,2278,0,0.6644630376935097
TERM,2279,2306,0,0.6644630376935097
TERM,2307,2338,0,0.6644630376935097
TERM,2339,2591,0,0.6644630376935097
TERM,2592,2881,0,0.6644630376935097
TERM,2882,3164,0,0.6644630376935097
TERM,3165,3184,0,0.6644630376935097
TERM,3185,3403,0,0.6644630376935097
TERM,3404,3803,0,0.6644630376935097
TERM,3804,4279,0,0.6644630376935097
TERM,4280,4614,0,0.6644630376935097
TERM,4615,4708,0,0.6644630376935097
TERM,4709,4942,0,0.6644630376935097
TERM,4943,5112,0,0.6644630376935097
TERM,5113,5436,0,0.6644630376935097
TERM,5437,5902,0,0.6644630376935097
