channel,start_time,stop_time,label,confidence
TERM,1,51,0,0.6527906840602259
TERM,52,441,0,0.6527906840602259
TERM,442,745,0,0.6527906840602259
TERM,746,1036,0,0.6527906840602259
TERM,1037,1254,0,0.6527906840602259
TERM,1255,1277,0,0.6527906840602259
TERM,1278,1614,0,0.6527906840602259
TERM,1615,1795,0,0.6527906840602259
TERM,1796,2149,0,0.6527906840602259
TERM,2150,2560,0,0.6527906840602259
TERM,2561,2792,0,0.6527906840602259
TERM,2793,2873,0,0.6527906840602259
TERM,2874,3239,0,0.6527906840602259
TERM,3240,3356,0,0.6527906840602259
TERM,3357,3758,0,0.6527906840602259
TERM,3759,4056,0,0.6527906840602259
TERM,4057,4081,0,0.6527906840602259
TERM,4082,4273,0,0.6527906840602259
TERM,4274,4597,0,0.6527906840602259
TERM,4598,4642,0,0.6527906840602259
TERM,4643,4881,0,0.6527906840602259
TERM,4882,5374,0,0.6527906840602259
TERM,5375,5724,0,0.6527906840602259
TERM,5725,5750,0,0.6527906840602259
TERM,5751,6207,0,0.6527906840602259
TERM,6208,6499,0,0.6527906840602259
TERM,6500,6707,0,0.6527906840602259
TERM,6708,6831,0,0.6527906840602259
TERM,6832,6873,0,0.6527906840602259
TERM,6874,7281,0,0.6527906840602259
TERM,7282,7460,0,0.6527906840602259
TERM,7461,7931,0,0.6527906840602259
TERM,7932,8204,0,0.6527906840602259
TERM,8205,8591,0,0.6527906840602259
TERM,8592,8793,0,0.6527906840602259
TERM,8794,9247,0,0.6527906840602259
TERM,9248,9657,0,0.6527906840602259
TERM,9658,9899,0,0.6527906840602259
TERM,9900,10337,0,0.6527906840602259
TERM,10338,10639,0,0.6527906840602259
TERM,10640,11122,0,0.6527906840602259
TERM,11123,11596,0,0.6527906840602259
TERM,11597,11954,0,0.6527906840602259
TERM,11955,12281,0,0.6527906840602259
TERM,12282,12682,0,0.6527906840602259
TERM,12683,13086,0,0.6527906840602259
TERM,13087,13454,0,0.6527906840602259
TERM,13455,13585,0,0.6527906840602259
TERM,13586,13806,0,0.6527906840602259
TERM,13807,14102,0,0.6527906840602259
TERM,14103,14242,0,0.6527906840602259
TERM,14243,14449,0,0.6527906840602259
TERM,14450,14600,0,0.6527906840602259
TERM,14601,15086,0,0.6527906840602259
TERM,15087,15360,0,0.6527906840602259
TERM,15361,15382,0,0.6527906840602259
TERM,15383,15827,0,0.6527906840602259
TERM,15828,16209,0,0.6527906840602259
TERM,16210,16415,0,0.6527906840602259
TERM,16416,16687,0,0.6527906840602259
