channel,start_time,stop_time,label,confidence
TERM,1,112,0,0.6493364248718063
TERM,113,357,0,0.6493364248718063
TERM,358,745,0,0.6493364248718063
TERM,746,854,0,0.6493364248718063
TERM,855,1169,0,0.6493364248718063
TERM,1170,1436,0,0.6493364248718063
TERM,1437,1503,0,0.6493364248718063
TERM,1504,1833,0,0.6493364248718063
TERM,1834,2004,0,0.6493364248718063
TERM,2005,2043,0,0.6493364248718063
TERM,2044,2262,0,0.6493364248718063
TERM,2263,2435,0,0.6493364248718063
TERM,2436,2735,0,0.6493364248718063
TERM,2736,2949,0,0.6493364248718063
TERM,2950,3196,0,0.6493364248718063
TERM,3197,3602,0,0.6493364248718063
TERM,3603,3789,0,0.6493364248718063
TERM,3790,3850,0,0.6493364248718063
TERM,3851,4218,0,0.6493364248718063
TERM,4219,4302,0,0.6493364248718063
TERM,4303,4583,0,0.6493364248718063
TERM,4584,4789,0,0.6493364248718063
TERM,4790,4964,0,0.6493364248718063
TERM,4965,5389,0,0.6493364248718063
TERM,5390,5652,0,0.6493364248718063
TERM,5653,5694,0,0.6493364248718063
TERM,5695,5931,0,0.6493364248718063
TERM,5932,6122,0,0.6493364248718063
TERM,6123,6322,0,0.6493364248718063
TERM,6323,6702,0,0.6493364248718063
TERM,6703,7131,0,0.6493364248718063
TERM,7132,7361,0,0.6493364248718063
TERM,7362,7458,0,0.6493364248718063
TERM,7459,7617,0,0.6493364248718063
TERM,7618,8094,0,0.6493364248718063
TERM,8095,8236,0,0.6493364248718063
TERM,8237,8414,0,0.6493364248718063
TERM,8415,8613,0,0.6493364248718063
TERM,8614,8721,0,0.6493364248718063
TERM,8722,8763,0,0.6493364248718063
TERM,8764,9155,0,0.6493364248718063
TERM,9156,9208,0,0.6493364248718063
TERM,9209,9303,0,0.6493364248718063
TERM,9304,9640,0,0.6493364248718063
TERM,9641,9896,0,0.6493364248718063
TERM,9897,10155,0,0.6493364248718063
TERM,10156,10293,0,0.6493364248718063
TERM,10294,10334,0,0.6493364248718063
TERM,10335,10485,0,0.6493364248718063
TERM,10486,10949,0,0.6493364248718063
TERM,10950,11008,0,0.6493364248718063
TERM,11009,11021,0,0.6493364248718063
TERM,11022,11497,0,0.6493364248718063
TERM,11498,11686,0,0.6493364248718063
TERM,11687,12136,0,0.6493364248718063
TERM,12137,12556,0,0.6493364248718063
TERM,12557,12730,0,0.6493364248718063
TERM,12731,13112,0,0.6493364248718063
TERM,13113,13196,0,0.6493364248718063
TERM,13197,13450,0,0.6493364248718063
TERM,13451,13803,0,0.6493364248718063
TERM,13804,13944,0,0.6493364248718063
TERM,13945,14260,0,0.6493364248718063
TERM,14261,14573,0,0.6493364248718063
TERM,14574,14953,0,0.6493364248718063
