channel,start_time,stop_time,label,confidence
TERM,1,184,0,0.3816482171744918
TERM,185,299,0,0.3816482171744918
TERM,300,313,0,0.3816482171744918
TERM,314,629,0,0.3816482171744918
TERM,630,759,0,0.3816482171744918
TERM,760,920,0,0.3816482171744918
TERM,921,1136,0,0.3816482171744918
TERM,1137,1566,0,0.3816482171744918
TERM,1567,1606,0,0.3816482171744918
TERM,1607,1876,0,0.3816482171744918
TERM,1877,2002,0,0.3816482171744918
