channel,start_time,stop_time,label,confidence
TERM,1,318,0,0.6083192397920142
TERM,319,574,0,0.6083192397920142
TERM,575,844,0,0.6083192397920142
TERM,845,972,0,0.6083192397920142
TERM,973,1263,0,0.6083192397920142
TERM,1264,1565,0,0.6083192397920142
TERM,1566,1930,0,0.6083192397920142
TERM,1931,2047,0,0.6083192397920142
TERM,2048,2158,0,0.6083192397920142
TERM,2159,2571,0,0.6083192397920142
TERM,2572,2756,0,0.6083192397920142
TERM,2757,3189,0,0.6083192397920142
TERM,3190,3268,0,0.6083192397920142
TERM,3269,3441,0,0.6083192397920142
TERM,3442,3616,0,0.6083192397920142
TERM,3617,3837,0,0.6083192397920142
TERM,3838,4051,0,0.6083192397920142
TERM,4052,4549,0,0.6083192397920142
TERM,4550,5041,0,0.6083192397920142
TERM,5042,5459,0,0.6083192397920142
TERM,5460,5549,0,0.6083192397920142
TERM,5550,5938,0,0.6083192397920142
TERM,5939,6318,0,0.6083192397920142
TERM,6319,6376,0,0.6083192397920142
TERM,6377,6685,0,0.6083192397920142
TERM,6686,6737,0,0.6083192397920142
TERM,6738,7107,0,0.6083192397920142
TERM,7108,7245,0,0.6083192397920142
TERM,7246,7489,0,0.6083192397920142
TERM,7490,7564,0,0.6083192397920142
TERM,7565,7880,0,0.6083192397920142
TERM,7881,8035,0,0.6083192397920142
TERM,8036,8471,0,0.6083192397920142
