channel,start_time,stop_time,label,confidence
TERM,1,359,0,0.5429374505099562
TERM,360,551,0,0.5429374505099562
TERM,552,1050,0,0.5429374505099562
TERM,1051,1473,0,0.5429374505099562
TERM,1474,1552,0,0.5429374505099562
TERM,1553,1740,0,0.5429374505099562
TERM,1741,2046,0,0.5429374505099562
TERM,2047,2456,0,0.5429374505099562
TERM,2457,2910,0,0.5429374505099562
TERM,2911,3189,0,0.5429374505099562
TERM,3190,3332,0,0.5429374505099562
TERM,3333,3429,0,0.5429374505099562
TERM,3430,3626,0,0.5429374505099562
TERM,3627,3902,0,0.5429374505099562
TERM,3903,4210,0,0.5429374505099562
TERM,4211,4274,0,0.5429374505099562
TERM,4275,4495,0,0.5429374505099562
TERM,4496,4663,0,0.5429374505099562
TERM,4664,5148,0,0.5429374505099562
TERM,5149,5279,0,0.5429374505099562
TERM,5280,5369,0,0.5429374505099562
TERM,5370,5728,0,0.5429374505099562
TERM,5729,5746,0,0.5429374505099562
TERM,5747,6131,0,0.5429374505099562
TERM,6132,6187,0,0.5429374505099562
TERM,6188,6387,0,0.5429374505099562
TERM,6388,6671,0,0.5429374505099562
TERM,6672,7048,0,0.5429374505099562
TERM,7049,7143,0,0.5429374505099562
TERM,7144,7288,0,0.5429374505099562
TERM,7289,7305,0,0.5429374505099562
TERM,7306,7577,0,0.5429374505099562
TERM,7578,7630,0,0.5429374505099562
TERM,7631,7647,0,0.5429374505099562
TERM,7648,7779,0,0.5429374505099562
TERM,7780,7981,0,0.5429374505099562
TERM,7982,7998,0,0.5429374505099562
TERM,7999,8443,0,0.5429374505099562
TERM,8444,8614,0,0.5429374505099562
TERM,8615,8642,0,0.5429374505099562
TERM,8643,9009,0,0.5429374505099562
TERM,9010,9283,0,0.5429374505099562
TERM,9284,9653,0,0.5429374505099562
TERM,9654,9730,0,0.5429374505099562
TERM,9731,9981,0,0.5429374505099562
TERM,9982,10411,0,0.5429374505099562
TERM,10412,10521,0,0.5429374505099562
TERM,10522,10864,0,0.5429374505099562
TERM,10865,10894,0,0.5429374505099562
TERM,10895,11008,0,0.5429374505099562
TERM,11009,11142,0,0.5429374505099562
TERM,11143,11553,0,0.5429374505099562
TERM,11554,11613,0,0.5429374505099562
TERM,11614,12078,0,0.5429374505099562
TERM,12079,12436,0,0.5429374505099562
TERM,12437,12447,0,0.5429374505099562
TERM,12448,12480,0,0.5429374505099562
TERM,12481,12692,0,0.5429374505099562
TERM,12693,13152,0,0.5429374505099562
TERM,13153,13511,0,0.5429374505099562
