channel,start_time,stop_time,label,confidence
TERM,1,119,0,0.4453170222350354
TERM,120,301,0,0.4453170222350354
TERM,302,725,0,0.4453170222350354
TERM,726,845,0,0.4453170222350354
TERM,846,1177,0,0.4453170222350354
TERM,1178,1343,0,0.4453170222350354
TERM,1344,1411,0,0.4453170222350354
TERM,1412,1728,0,0.4453170222350354
TERM,1729,2102,0,0.4453170222350354
TERM,2103,2332,0,0.4453170222350354
TERM,2333,2463,0,0.4453170222350354
TERM,2464,2487,0,0.4453170222350354
TERM,2488,2702,0,0.4453170222350354
TERM,2703,2773,0,0.4453170222350354
TERM,2774,3268,0,0.4453170222350354
TERM,3269,3609,0,0.4453170222350354
TERM,3610,4037,0,0.4453170222350354
TERM,4038,4462,0,0.4453170222350354
TERM,4463,4821,0,0.4453170222350354
TERM,4822,5018,0,0.4453170222350354
TERM,5019,5329,0,0.4453170222350354
TERM,5330,5611,0,0.4453170222350354
TERM,5612,6077,0,0.4453170222350354
TERM,6078,6214,0,0.4453170222350354
TERM,6215,6224,0,0.4453170222350354
TERM,6225,6662,0,0.4453170222350354
TERM,6663,7100,0,0.4453170222350354
TERM,7101,7472,0,0.4453170222350354
TERM,7473,7510,0,0.4453170222350354
TERM,7511,7815,0,0.4453170222350354
TERM,7816,8281,0,0.4453170222350354
TERM,8282,8614,0,0.4453170222350354
TERM,8615,9079,0,0.4453170222350354
TERM,9080,9493,0,0.4453170222350354
TERM,9494,9602,0,0.4453170222350354
TERM,9603,9786,0,0.4453170222350354
TERM,9787,10204,0,0.4453170222350354
TERM,10205,10408,0,0.4453170222350354
TERM,10409,10702,0,0.4453170222350354
TERM,10703,10891,0,0.4453170222350354
TERM,10892,11311,0,0.4453170222350354
TERM,11312,11580,0,0.4453170222350354
TERM,11581,11656,0,0.4453170222350354
TERM,11657,11941,0,0.4453170222350354
TERM,11942,12233,0,0.4453170222350354
TERM,12234,12602,0,0.4453170222350354
TERM,12603,12761,0,0.4453170222350354
TERM,12762,12794,0,0.4453170222350354
TERM,12795,12887,0,0.4453170222350354
TERM,12888,13173,0,0.4453170222350354
TERM,13174,13501,0,0.4453170222350354
TERM,13502,13991,0,0.4453170222350354
TERM,13992,14069,0,0.4453170222350354
TERM,14070,14204,0,0.4453170222350354
TERM,14205,14650,0,0.4453170222350354
TERM,14651,14779,0,0.4453170222350354
TERM,14780,14887,0,0.4453170222350354
TERM,14888,15346,0,0.4453170222350354
TERM,15347,15653,0,0.4453170222350354
TERM,15654,15739,0,0.4453170222350354
TERM,15740,15928,0,0.4453170222350354
TERM,15929,16132,0,0.4453170222350354
TERM,16133,16314,0,0.4453170222350354
TERM,16315,16710,0,0.4453170222350354
TERM,16711,17014,0,0.4453170222350354
TERM,17015,17287,0,0.4453170222350354
