channel,start_time,stop_time,label,confidence
TERM,1,234,0,0.6968502303156487
TERM,235,490,0,0.6968502303156487
TERM,491,888,0,0.6968502303156487
TERM,889,1336,0,0.6968502303156487
TERM,1337,1791,0,0.6968502303156487
TERM,1792,1842,0,0.6968502303156487
TERM,1843,2257,0,0.6968502303156487
TERM,2258,2465,0,0.6968502303156487
TERM,2466,2660,0,0.6968502303156487
TERM,2661,2894,0,0.6968502303156487
TERM,2895,2999,0,0.6968502303156487
TERM,3000,3378,0,0.6968502303156487
TERM,3379,3477,0,0.6968502303156487
TERM,3478,3872,0,0.6968502303156487
TERM,3873,4248,0,0.6968502303156487
TERM,4249,4288,0,0.6968502303156487
TERM,4289,4540,0,0.6968502303156487
TERM,4541,4950,0,0.6968502303156487
TERM,4951,5242,0,0.6968502303156487
TERM,5243,5740,0,0.6968502303156487
TERM,5741,5834,0,0.6968502303156487
TERM,5835,5860,0,0.6968502303156487
TERM,5861,6092,0,0.6968502303156487
TERM,6093,6162,0,0.6968502303156487
TERM,6163,6390,0,0.6968502303156487
TERM,6391,6420,0,0.6968502303156487
TERM,6421,6521,0,0.6968502303156487
TERM,6522,6931,0,0.6968502303156487
TERM,6932,7344,0,0.6968502303156487
TERM,7345,7808,0,0.6968502303156487
TERM,7809,8291,0,0.6968502303156487
TERM,8292,8485,0,0.6968502303156487
TERM,8486,8800,0,0.6968502303156487
TERM,8801,9234,0,0.6968502303156487
TERM,9235,9602,0,0.6968502303156487
TERM,9603,10018,0,0.6968502303156487
TERM,10019,10331,0,0.6968502303156487
TERM,10332,10575,0,0.6968502303156487
TERM,10576,10699,0,0.6968502303156487
TERM,10700,11079,0,0.6968502303156487
TERM,11080,11346,0,0.6968502303156487
TERM,11347,11648,0,0.6968502303156487
TERM,11649,12070,0,0.6968502303156487
TERM,12071,12148,0,0.6968502303156487
TERM,12149,12570,0,0.6968502303156487
TERM,12571,13047,0,0.6968502303156487
TERM,13048,13474,0,0.6968502303156487
TERM,13475,13716,0,0.6968502303156487
TERM,13717,14113,0,0.6968502303156487
TERM,14114,14181,0,0.6968502303156487
TERM,14182,14598,0,0.6968502303156487
TERM,14599,15014,0,0.6968502303156487
TERM,15015,15330,0,0.6968502303156487
TERM,15331,15561,0,0.6968502303156487
TERM,15562,15774,0,0.6968502303156487
TERM,15775,16248,0,0.6968502303156487
TERM,16249,16355,0,0.6968502303156487
TERM,16356,16763,0,0.6968502303156487
TERM,16764,16923,0,0.6968502303156487
TERM,16924,17142,0,0.6968502303156487
