channel,start_time,stop_time,label,confidence
TERM,1,423,0,0.5190128944164181
TERM,424,888,0,0.5190128944164181
TERM,889,913,0,0.5190128944164181
TERM,914,1267,0,0.5190128944164181
TERM,1268,1627,0,0.5190128944164181
TERM,1628,1853,0,0.5190128944164181
TERM,1854,1888,0,0.5190128944164181
TERM,1889,2122,0,0.5190128944164181
TERM,2123,2399,0,0.5190128944164181
TERM,2400,2727,0,0.5190128944164181
TERM,2728,3178,0,0.5190128944164181
TERM,3179,3586,0,0.5190128944164181
TERM,3587,4022,0,0.5190128944164181
TERM,4023,4501,0,0.5190128944164181
TERM,4502,4569,0,0.5190128944164181
TERM,4570,4700,0,0.5190128944164181
TERM,4701,4820,0,0.5190128944164181
TERM,4821,5070,0,0.5190128944164181
TERM,5071,5542,0,0.5190128944164181
TERM,5543,5740,0,0.5190128944164181
TERM,5741,6162,0,0.5190128944164181
TERM,6163,6435,0,0.5190128944164181
TERM,6436,6628,0,0.5190128944164181
TERM,6629,6722,0,0.5190128944164181
TERM,6723,7010,0,0.5190128944164181
TERM,7011,7391,0,0.5190128944164181
TERM,7392,7719,0,0.5190128944164181
TERM,7720,8013,0,0.5190128944164181
TERM,8014,8398,0,0.5190128944164181
TERM,8399,8722,0,0.5190128944164181
TERM,8723,8789,0,0.5190128944164181
TERM,8790,8910,0,0.5190128944164181
TERM,8911,9176,0,0.5190128944164181
TERM,9177,9557,0,0.5190128944164181
TERM,9558,10033,0,0.5190128944164181
TERM,10034,10101,0,0.5190128944164181
TERM,10102,10116,0,0.5190128944164181
TERM,10117,10463,0,0.5190128944164181
TERM,10464,10857,0,0.5190128944164181
TERM,10858,11018,0,0.5190128944164181
TERM,11019,11482,0,0.5190128944164181
TERM,11483,11843,0,0.5190128944164181
TERM,11844,12102,0,0.5190128944164181
TERM,12103,12467,0,0.5190128944164181
TERM,12468,12751,0,0.5190128944164181
TERM,12752,13220,0,0.5190128944164181
TERM,13221,13562,0,0.5190128944164181
TERM,13563,13812,0,0.5190128944164181
TERM,13813,13928,0,0.5190128944164181
TERM,13929,14227,0,0.5190128944164181
TERM,14228,14625,0,0.5190128944164181
TERM,14626,15025,0,0.5190128944164181
TERM,15026,15472,0,0.5190128944164181
TERM,15473,15817,0,0.5190128944164181
TERM,15818,15954,0,0.5190128944164181
