channel,start_time,stop_time,label,confidence
TERM,1,427,0,0.7488404702554651
TERM,428,599,0,0.7488404702554651
TERM,600,1065,0,0.7488404702554651
TERM,1066,1413,0,0.7488404702554651
TERM,1414,1464,0,0.7488404702554651
TERM,1465,1685,0,0.7488404702554651
TERM,1686,2086,0,0.7488404702554651
TERM,2087,2535,0,0.7488404702554651
TERM,2536,2733,0,0.7488404702554651
TERM,2734,3101,0,0.7488404702554651
TERM,3102,3594,0,0.7488404702554651
TERM,3595,3851,0,0.7488404702554651
