channel,start_time,stop_time,label,confidence
TERM,1,26,0,0.669000568862566
TERM,27,318,0,0.669000568862566
TERM,319,732,0,0.669000568862566
TERM,733,1221,0,0.669000568862566
TERM,1222,1349,0,0.669000568862566
TERM,1350,1798,0,0.669000568862566
TERM,1799,2149,0,0.669000568862566
TERM,2150,2432,0,0.669000568862566
TERM,2433,2679,0,0.669000568862566
TERM,2680,2864,0,0.669000568862566
TERM,2865,3104,0,0.669000568862566
TERM,3105,3172,0,0.669000568862566
TERM,3173,3535,0,0.669000568862566
TERM,3536,3893,0,0.669000568862566
TERM,3894,4321,0,0.669000568862566
TERM,4322,4815,0,0.669000568862566
TERM,4816,5037,0,0.669000568862566
TERM,5038,5165,0,0.669000568862566
TERM,5166,5608,0,0.669000568862566
TERM,5609,5796,0,0.669000568862566
TERM,5797,6294,0,0.669000568862566
TERM,6295,6736,0,0.669000568862566
TERM,6737,6867,0,0.669000568862566
TERM,6868,7343,0,0.669000568862566
TERM,7344,7715,0,0.669000568862566
TERM,7716,7935,0,0.669000568862566
TERM,7936,8050,0,0.669000568862566
TERM,8051,8293,0,0.669000568862566
TERM,8294,8598,0,0.669000568862566
TERM,8599,8770,0,0.669000568862566
TERM,8771,9238,0,0.669000568862566
TERM,9239,9691,0,0.669000568862566
TERM,9692,10028,0,0.669000568862566
TERM,10029,10103,0,0.669000568862566
TERM,10104,10489,0,0.669000568862566
TERM,10490,10571,0,0.669000568862566
TERM,10572,10803,0,0.669000568862566
TERM,10804,11173,0,0.669000568862566
TERM,11174,11412,0,0.669000568862566
TERM,11413,11708,0,0.669000568862566
TERM,11709,11825,0,0.669000568862566
TERM,11826,12111,0,0.669000568862566
TERM,12112,12551,0,0.669000568862566
TERM,12552,12893,0,0.669000568862566
TERM,12894,13235,0,0.669000568862566
TERM,13236,13653,0,0.669000568862566
TERM,13654,14118,0,0.669000568862566
TERM,14119,14180,0,0.669000568862566
TERM,14181,14614,0,0.669000568862566
TERM,14615,14757,0,0.669000568862566
TERM,14758,14837,0,0.669000568862566
TERM,14838,15219,0,0.669000568862566
