channel,start_time,stop_time,label,confidence
TERM,1,304,0,0.7404988889897328
TERM,305,450,0,0.7404988889897328
TERM,451,480,0,0.7404988889897328
TERM,481,594,0,0.7404988889897328
TERM,595,1057,0,0.7404988889897328
TERM,1058,1309,0,0.7404988889897328
TERM,1310,1412,0,0.7404988889897328
TERM,1413,1816,0,0.7404988889897328
TERM,1817,2301,0,0.7404988889897328
TERM,2302,2482,0,0.7404988889897328
TERM,2483,2852,0,0.7404988889897328
TERM,2853,2966,0,0.7404988889897328
