channel,start_time,stop_time,label,confidence
TERM,1,171,0,0.6894407312093525
TERM,172,432,0,0.6894407312093525
TERM,433,521,0,0.6894407312093525
TERM,522,571,0,0.6894407312093525
TERM,572,1040,0,0.6894407312093525
TERM,1041,1156,0,0.6894407312093525
TERM,1157,1548,0,0.6894407312093525
TERM,1549,2048,0,0.6894407312093525
TERM,2049,2472,0,0.6894407312093525
TERM,2473,2905,0,0.6894407312093525
TERM,2906,3317,0,0.6894407312093525
TERM,3318,3573,0,0.6894407312093525
TERM,3574,3775,0,0.6894407312093525
TERM,3776,3898,0,0.6894407312093525
TERM,3899,4135,0,0.6894407312093525
TERM,4136,4253,0,0.6894407312093525
TERM,4254,4545,0,0.6894407312093525
TERM,4546,4949,0,0.6894407312093525
TERM,4950,5265,0,0.6894407312093525
TERM,5266,5294,0,0.6894407312093525
TERM,5295,5458,0,0.6894407312093525
TERM,5459,5711,0,0.6894407312093525
