channel,start_time,stop_time,label,confidence
TERM,1,459,0,0.4850392942299808
TERM,460,737,0,0.4850392942299808
TERM,738,900,0,0.4850392942299808
TERM,901,968,0,0.4850392942299808
TERM,969,1094,0,0.4850392942299808
TERM,1095,1170,0,0.4850392942299808
TERM,1171,1613,0,0.4850392942299808
TERM,1614,1637,0,0.4850392942299808
TERM,1638,1875,0,0.4850392942299808
TERM,1876,1962,0,0.4850392942299808
TERM,1963,2005,0,0.4850392942299808
TERM,2006,2479,0,0.4850392942299808
TERM,2480,2647,0,0.4850392942299808
TERM,2648,2691,0,0.4850392942299808
TERM,2692,3107,0,0.4850392942299808
TERM,3108,3325,0,0.4850392942299808
TERM,3326,3519,0,0.4850392942299808
TERM,3520,3744,0,0.4850392942299808
TERM,3745,3974,0,0.4850392942299808
TERM,3975,4189,0,0.4850392942299808
TERM,4190,4227,0,0.4850392942299808
TERM,4228,4621,0,0.4850392942299808
TERM,4622,4830,0,0.4850392942299808
TERM,4831,5306,0,0.4850392942299808
TERM,5307,5422,0,0.4850392942299808
TERM,5423,5568,0,0.4850392942299808
TERM,5569,5603,0,0.4850392942299808
TERM,5604,6097,0,0.4850392942299808
TERM,6098,6169,0,0.4850392942299808
TERM,6170,6593,0,0.4850392942299808
TERM,6594,6855,0,0.4850392942299808
TERM,6856,7184,0,0.4850392942299808
TERM,7185,7214,0,0.4850392942299808
TERM,7215,7307,0,0.4850392942299808
TERM,7308,7344,0,0.4850392942299808
TERM,7345,7642,0,0.4850392942299808
TERM,7643,7661,0,0.4850392942299808
TERM,7662,7919,0,0.4850392942299808
TERM,7920,8239,0,0.4850392942299808
TERM,8240,8653,0,0.4850392942299808
TERM,8654,8864,0,0.4850392942299808
TERM,8865,9264,0,0.4850392942299808
TERM,9265,9535,0,0.4850392942299808
TERM,9536,9718,0,0.4850392942299808
TERM,9719,9773,0,0.4850392942299808
TERM,9774,9918,0,0.4850392942299808
TERM,9919,10131,0,0.4850392942299808
TERM,10132,10229,0,0.4850392942299808
TERM,10230,10359,0,0.4850392942299808
TERM,10360,10566,0,0.4850392942299808
TERM,10567,11010,0,0.4850392942299808
TERM,11011,11163,0,0.4850392942299808
