channel,start_time,stop_time,label,confidence
TERM,1,89,0,0.3942770984730881
TERM,90,122,0,0.3942770984730881
TERM,123,508,0,0.3942770984730881
TERM,509,761,0,0.3942770984730881
TERM,762,1072,0,0.3942770984730881
TERM,1073,1250,0,0.3942770984730881
TERM,1251,1327,0,0.3942770984730881
TERM,1328,1820,0,0.3942770984730881
TERM,1821,1974,0,0.3942770984730881
TERM,1975,2449,0,0.3942770984730881
TERM,2450,2618,0,0.3942770984730881
TERM,2619,3037,0,0.3942770984730881
TERM,3038,3308,0,0.3942770984730881
TERM,3309,3466,0,0.3942770984730881
TERM,3467,3896,0,0.3942770984730881
TERM,3897,4376,0,0.3942770984730881
TERM,4377,4816,0,0.3942770984730881
TERM,4817,4836,0,0.3942770984730881
TERM,4837,4986,0,0.3942770984730881
TERM,4987,5364,0,0.3942770984730881
TERM,5365,5722,0,0.3942770984730881
TERM,5723,6166,0,0.3942770984730881
TERM,6167,6596,0,0.3942770984730881
TERM,6597,6829,0,0.3942770984730881
