channel,start_time,stop_time,label,confidence
TERM,1,177,0,0.4930692149258443
TERM,178,656,0,0.4930692149258443
TERM,657,1066,0,0.4930692149258443
TERM,1067,1298,0,0.4930692149258443
TERM,1299,1452,0,0.4930692149258443
TERM,1453,1821,0,0.4930692149258443
TERM,1822,1883,0,0.4930692149258443
TERM,1884,1898,0,0.4930692149258443
TERM,1899,1998,0,0.4930692149258443
TERM,1999,2038,0,0.4930692149258443
TERM,2039,2244,0,0.4930692149258443
TERM,2245,2631,0,0.4930692149258443
TERM,2632,3017,0,0.4930692149258443
TERM,3018,3079,0,0.4930692149258443
TERM,3080,3522,0,0.4930692149258443
TERM,3523,3908,0,0.4930692149258443
TERM,3909,3938,0,0.4930692149258443
TERM,3939,4172,0,0.4930692149258443
TERM,4173,4403,0,0.4930692149258443
TERM,4404,4807,0,0.4930692149258443
TERM,4808,4887,0,0.4930692149258443
TERM,4888,5104,0,0.4930692149258443
TERM,5105,5157,0,0.4930692149258443
TERM,5158,5287,0,0.4930692149258443
TERM,5288,5342,0,0.4930692149258443
TERM,5343,5428,0,0.4930692149258443
TERM,5429,5869,0,0.4930692149258443
TERM,5870,6176,0,0.4930692149258443
TERM,6177,6190,0,0.4930692149258443
TERM,6191,6279,0,0.4930692149258443
TERM,6280,6340,0,0.4930692149258443
TERM,6341,6646,0,0.4930692149258443
TERM,6647,6919,0,0.4930692149258443
TERM,6920,7183,0,0.4930692149258443
TERM,7184,7208,0,0.4930692149258443
TERM,7209,7322,0,0.4930692149258443
TERM,7323,7550,0,0.4930692149258443
TERM,7551,7714,0,0.4930692149258443
TERM,7715,7909,0,0.4930692149258443
TERM,7910,8089,0,0.4930692149258443
TERM,8090,8393,0,0.4930692149258443
TERM,8394,8685,0,0.4930692149258443
