channel,start_time,stop_time,label,confidence
TERM,1,176,0,0.591382631326326
TERM,177,312,0,0.591382631326326
TERM,313,470,0,0.591382631326326
TERM,471,924,0,0.591382631326326
TERM,925,1024,0,0.591382631326326
TERM,1025,1106,0,0.591382631326326
TERM,1107,1306,0,0.591382631326326
TERM,1307,1585,0,0.591382631326326
TERM,1586,1790,0,0.591382631326326
TERM,1791,1919,0,0.591382631326326
TERM,1920,2227,0,0.591382631326326
TERM,2228,2434,0,0.591382631326326
TERM,2435,2612,0,0.591382631326326
TERM,2613,2693,0,0.591382631326326
TERM,2694,3157,0,0.591382631326326
TERM,3158,3399,0,0.591382631326326
TERM,3400,3485,0,0.591382631326326
TERM,3486,3765,0,0.591382631326326
TERM,3766,4019,0,0.591382631326326
TERM,4020,4421,0,0.591382631326326
TERM,4422,4850,0,0.591382631326326
TERM,4851,5291,0,0.591382631326326
TERM,5292,5564,0,0.591382631326326
TERM,5565,5806,0,0.591382631326326
TERM,5807,5930,0,0.591382631326326
TERM,5931,6151,0,0.591382631326326
TERM,6152,6516,0,0.591382631326326
TERM,6517,6626,0,0.591382631326326
TERM,6627,7017,0,0.591382631326326
TERM,7018,7356,0,0.591382631326326
TERM,7357,7801,0,0.591382631326326
TERM,7802,7953,0,0.591382631326326
TERM,7954,8207,0,0.591382631326326
TERM,8208,8242,0,0.591382631326326
TERM,8243,8263,0,0.591382631326326
TERM,8264,8398,0,0.591382631326326
TERM,8399,8494,0,0.591382631326326
TERM,8495,8835,0,0.591382631326326
TERM,8836,9069,0,0.591382631326326
TERM,9070,9300,0,0.591382631326326
TERM,9301,9628,0,0.591382631326326
TERM,9629,10101,0,0.591382631326326
