channel,start_time,stop_time,label,confidence
TERM,1,228,0,0.6697006978007609
TERM,229,681,0,0.6697006978007609
TERM,682,1171,0,0.6697006978007609
TERM,1172,1500,0,0.6697006978007609
TERM,1501,1844,0,0.6697006978007609
TERM,1845,2056,0,0.6697006978007609
TERM,2057,2532,0,0.6697006978007609
TERM,2533,2825,0,0.6697006978007609
TERM,2826,3293,0,0.6697006978007609
TERM,3294,3625,0,0.6697006978007609
TERM,3626,4063,0,0.6697006978007609
TERM,4064,4450,0,0.6697006978007609
TERM,4451,4544,0,0.6697006978007609
TERM,4545,4851,0,0.6697006978007609
TERM,4852,4954,0,0.6697006978007609
TERM,4955,5206,0,0.6697006978007609
TERM,5207,5583,0,0.6697006978007609
TERM,5584,5922,0,0.6697006978007609
TERM,5923,5990,0,0.6697006978007609
TERM,5991,6092,0,0.6697006978007609
TERM,6093,6221,0,0.6697006978007609
TERM,6222,6321,0,0.6697006978007609
TERM,6322,6706,0,0.6697006978007609
TERM,6707,7167,0,0.6697006978007609
TERM,7168,7229,0,0.6697006978007609
TERM,7230,7534,0,0.6697006978007609
