channel,start_time,stop_time,label,confidence
TERM,1,185,0,0.5805599325053656
TERM,186,232,0,0.5805599325053656
TERM,233,555,0,0.5805599325053656
TERM,556,791,0,0.5805599325053656
TERM,792,1236,0,0.5805599325053656
TERM,1237,1668,0,0.5805599325053656
TERM,1669,2103,0,0.5805599325053656
TERM,2104,2350,0,0.5805599325053656
TERM,2351,2447,0,0.5805599325053656
TERM,2448,2827,0,0.5805599325053656
TERM,2828,2925,0,0.5805599325053656
TERM,2926,2950,0,0.5805599325053656
TERM,2951,3181,0,0.5805599325053656
TERM,3182,3195,0,0.5805599325053656
TERM,3196,3672,0,0.5805599325053656
TERM,3673,4035,0,0.5805599325053656
TERM,4036,4398,0,0.5805599325053656
TERM,4399,4826,0,0.5805599325053656
TERM,4827,5183,0,0.5805599325053656
TERM,5184,5555,0,0.5805599325053656
TERM,5556,5765,0,0.5805599325053656
TERM,5766,5808,0,0.5805599325053656
TERM,5809,6120,0,0.5805599325053656
TERM,6121,6479,0,0.5805599325053656
TERM,6480,6939,0,0.5805599325053656
TERM,6940,7377,0,0.5805599325053656
TERM,7378,7739,0,0.5805599325053656
TERM,7740,8118,0,0.5805599325053656
TERM,8119,8204,0,0.5805599325053656
TERM,8205,8271,0,0.5805599325053656
TERM,8272,8323,0,0.5805599325053656
TERM,8324,8696,0,0.5805599325053656
TERM,8697,9053,0,0.5805599325053656
TERM,9054,9515,0,0.5805599325053656
TERM,9516,9868,0,0.5805599325053656
TERM,9869,9956,0,0.5805599325053656
TERM,9957,9989,0,0.5805599325053656
TERM,9990,10108,0,0.5805599325053656
TERM,10109,10483,0,0.5805599325053656
TERM,10484,10638,0,0.5805599325053656
TERM,10639,11029,0,0.5805599325053656
TERM,11030,11063,0,0.5805599325053656
