channel,start_time,stop_time,label,confidence
TERM,1,215,0,0.4263731590137889
TERM,216,651,0,0.4263731590137889
TERM,652,849,0,0.4263731590137889
TERM,850,1279,0,0.4263731590137889
TERM,1280,1658,0,0.4263731590137889
TERM,1659,1698,0,0.4263731590137889
TERM,1699,2134,0,0.4263731590137889
TERM,2135,2438,0,0.4263731590137889
TERM,2439,2668,0,0.4263731590137889
TERM,2669,2760,0,0.4263731590137889
TERM,2761,2776,0,0.4263731590137889
TERM,2777,2957,0,0.4263731590137889
TERM,2958,3371,0,0.4263731590137889
TERM,3372,3662,0,0.4263731590137889
TERM,3663,3968,0,0.4263731590137889
TERM,3969,4073,0,0.4263731590137889
TERM,4074,4355,0,0.4263731590137889
TERM,4356,4599,0,0.4263731590137889
TERM,4600,4777,0,0.4263731590137889
TERM,4778,4935,0,0.4263731590137889
TERM,4936,5135,0,0.4263731590137889
TERM,5136,5497,0,0.4263731590137889
TERM,5498,5774,0,0.4263731590137889
TERM,5775,5880,0,0.4263731590137889
TERM,5881,6043,0,0.4263731590137889
TERM,6044,6303,0,0.4263731590137889
TERM,6304,6315,0,0.4263731590137889
TERM,6316,6339,0,0.4263731590137889
TERM,6340,6701,0,0.4263731590137889
TERM,6702,6787,0,0.4263731590137889
TERM,6788,6948,0,0.4263731590137889
TERM,6949,7156,0,0.4263731590137889
TERM,7157,7254,0,0.4263731590137889
TERM,7255,7419,0,0.4263731590137889
TERM,7420,7911,0,0.4263731590137889
TERM,7912,7970,0,0.4263731590137889
TERM,7971,8105,0,0.4263731590137889
TERM,8106,8491,0,0.4263731590137889
TERM,8492,8643,0,0.4263731590137889
TERM,8644,8817,0,0.4263731590137889
TERM,8818,9290,0,0.4263731590137889
TERM,9291,9717,0,0.4263731590137889
TERM,9718,10010,0,0.4263731590137889
TERM,10011,10227,0,0.4263731590137889
