channel,start_time,stop_time,label,confidence
TERM,1,362,0,0.4668787880278946
TERM,363,649,0,0.4668787880278946
TERM,650,1059,0,0.4668787880278946
TERM,1060,1317,0,0.4668787880278946
TERM,1318,1408,0,0.4668787880278946
TERM,1409,1551,0,0.4668787880278946
TERM,1552,1588,0,0.4668787880278946
TERM,1589,1840,0,0.4668787880278946
TERM,1841,2021,0,0.4668787880278946
TERM,2022,2382,0,0.4668787880278946
TERM,2383,2866,0,0.4668787880278946
TERM,2867,2903,0,0.4668787880278946
