channel,start_time,stop_time,label,confidence
TERM,1,160,0,0.6646819218015789
TERM,161,439,0,0.6646819218015789
TERM,440,783,0,0.6646819218015789
TERM,784,1279,0,0.6646819218015789
TERM,1280,1745,0,0.6646819218015789
TERM,1746,2041,0,0.6646819218015789
TERM,2042,2181,0,0.6646819218015789
TERM,2182,2473,0,0.6646819218015789
TERM,2474,2605,0,0.6646819218015789
TERM,2606,2747,0,0.6646819218015789
TERM,2748,2806,0,0.6646819218015789
TERM,2807,3266,0,0.6646819218015789
TERM,3267,3621,0,0.6646819218015789
TERM,3622,3948,0,0.6646819218015789
TERM,3949,3960,0,0.6646819218015789
TERM,3961,4015,0,0.6646819218015789
TERM,4016,4031,0,0.6646819218015789
TERM,4032,4073,0,0.6646819218015789
TERM,4074,4554,0,0.6646819218015789
TERM,4555,4883,0,0.6646819218015789
TERM,4884,5267,0,0.6646819218015789
TERM,5268,5757,0,0.6646819218015789
TERM,5758,5984,0,0.6646819218015789
TERM,5985,6132,0,0.6646819218015789
TERM,6133,6415,0,0.6646819218015789
TERM,6416,6843,0,0.6646819218015789
TERM,6844,7272,0,0.6646819218015789
TERM,7273,7654,0,0.6646819218015789
TERM,7655,8119,0,0.6646819218015789
TERM,8120,8398,0,0.6646819218015789
TERM,8399,8685,0,0.6646819218015789
TERM,8686,8758,0,0.6646819218015789
TERM,8759,8898,0,0.6646819218015789
