channel,start_time,stop_time,label,confidence
TERM,1,320,0,0.5882433749549496
TERM,321,492,0,0.5882433749549496
TERM,493,639,0,0.5882433749549496
TERM,640,1128,0,0.5882433749549496
TERM,1129,1476,0,0.5882433749549496
TERM,1477,1777,0,0.5882433749549496
TERM,1778,2014,0,0.5882433749549496
TERM,2015,2052,0,0.5882433749549496
TERM,2053,2343,0,0.5882433749549496
TERM,2344,2799,0,0.5882433749549496
TERM,2800,3202,0,0.5882433749549496
TERM,3203,3643,0,0.5882433749549496
TERM,3644,3821,0,0.5882433749549496
TERM,3822,3887,0,0.5882433749549496
