channel,start_time,stop_time,label,confidence
TERM,1,409,0,0.8003650236023367
TERM,410,858,0,0.8003650236023367
TERM,859,1187,0,0.8003650236023367
TERM,1188,1682,0,0.8003650236023367
TERM,1683,1886,0,0.8003650236023367
TERM,1887,1935,0,0.8003650236023367
TERM,1936,2199,0,0.8003650236023367
TERM,2200,2230,0,0.8003650236023367
TERM,2231,2656,0,0.8003650236023367
TERM,2657,2768,0,0.8003650236023367
TERM,2769,2874,0,0.8003650236023367
TERM,2875,3352,0,0.8003650236023367
TERM,3353,3375,0,0.8003650236023367
TERM,3376,3481,0,0.8003650236023367
TERM,3482,3533,0,0.8003650236023367
TERM,3534,3625,0,0.8003650236023367
TERM,3626,4041,0,0.8003650236023367
TERM,4042,4366,0,0.8003650236023367
TERM,4367,4442,0,0.8003650236023367
TERM,4443,4814,0,0.8003650236023367
TERM,4815,4947,0,0.8003650236023367
TERM,4948,5078,0,0.8003650236023367
TERM,5079,5577,0,0.8003650236023367
TERM,5578,5851,0,0.8003650236023367
TERM,5852,6308,0,0.8003650236023367
TERM,6309,6662,0,0.8003650236023367
TERM,6663,6892,0,0.8003650236023367
TERM,6893,7071,0,0.8003650236023367
TERM,7072,7500,0,0.8003650236023367
TERM,7501,7930,0,0.8003650236023367
TERM,7931,8372,0,0.8003650236023367
TERM,8373,8818,0,0.8003650236023367
TERM,8819,9280,0,0.8003650236023367
TERM,9281,9674,0,0.8003650236023367
TERM,9675,9880,0,0.8003650236023367
TERM,9881,10338,0,0.8003650236023367
TERM,10339,10545,0,0.8003650236023367
TERM,10546,10959,0,0.8003650236023367
TERM,10960,11383,0,0.8003650236023367
TERM,11384,11570,0,0.8003650236023367
TERM,11571,11910,0,0.8003650236023367
TERM,11911,11979,0,0.8003650236023367
