channel,start_time,stop_time,label,confidence
TERM,1,214,0,0.5825699224709429
TERM,215,376,0,0.5825699224709429
TERM,377,780,0,0.5825699224709429
TERM,781,1120,0,0.5825699224709429
TERM,1121,1499,0,0.5825699224709429
TERM,1500,1632,0,0.5825699224709429
TERM,1633,1662,0,0.5825699224709429
TERM,1663,1785,0,0.5825699224709429
TERM,1786,2244,0,0.5825699224709429
TERM,2245,2446,0,0.5825699224709429
TERM,2447,2793,0,0.5825699224709429
TERM,2794,2882,0,0.5825699224709429
TERM,2883,3068,0,0.5825699224709429
TERM,3069,3548,0,0.5825699224709429
TERM,3549,3573,0,0.5825699224709429
TERM,3574,4016,0,0.5825699224709429
TERM,4017,4168,0,0.5825699224709429
TERM,4169,4232,0,0.5825699224709429
TERM,4233,4561,0,0.5825699224709429
TERM,4562,4965,0,0.5825699224709429
TERM,4966,5156,0,0.5825699224709429
TERM,5157,5385,0,0.5825699224709429
TERM,5386,5861,0,0.5825699224709429
TERM,5862,6140,0,0.5825699224709429
TERM,6141,6272,0,0.5825699224709429
TERM,6273,6301,0,0.5825699224709429
TERM,6302,6400,0,0.5825699224709429
TERM,6401,6477,0,0.5825699224709429
