channel,start_time,stop_time,label,confidence
TERM,1,155,0,0.6671489261637398
TERM,156,548,0,0.6671489261637398
TERM,549,629,0,0.6671489261637398
TERM,630,928,0,0.6671489261637398
TERM,929,1371,0,0.6671489261637398
TERM,1372,1447,0,0.6671489261637398
TERM,1448,1683,0,0.6671489261637398
TERM,1684,1999,0,0.6671489261637398
TERM,2000,2426,0,0.6671489261637398
TERM,2427,2661,0,0.6671489261637398
TERM,2662,2885,0,0.6671489261637398
TERM,2886,3346,0,0.6671489261637398
TERM,3347,3498,0,0.6671489261637398
TERM,3499,3731,0,0.6671489261637398
TERM,3732,3884,0,0.6671489261637398
TERM,3885,4346,0,0.6671489261637398
