channel,start_time,stop_time,label,confidence
TERM,1,403,0,0.7986631770015137
TERM,404,865,0,0.7986631770015137
TERM,866,926,0,0.7986631770015137
TERM,927,1032,0,0.7986631770015137
TERM,1033,1525,0,0.7986631770015137
TERM,1526,1858,0,0.7986631770015137
TERM,1859,2313,0,0.7986631770015137
TERM,2314,2436,0,0.7986631770015137
TERM,2437,2779,0,0.7986631770015137
TERM,2780,3124,0,0.7986631770015137
TERM,3125,3284,0,0.7986631770015137
TERM,3285,3594,0,0.7986631770015137
TERM,3595,3639,0,0.7986631770015137
TERM,3640,3938,0,0.7986631770015137
TERM,3939,4140,0,0.7986631770015137
TERM,4141,4413,0,0.7986631770015137
TERM,4414,4430,0,0.7986631770015137
TERM,4431,4542,0,0.7986631770015137
TERM,4543,4805,0,0.7986631770015137
TERM,4806,4929,0,0.7986631770015137
TERM,4930,5220,0,0.7986631770015137
TERM,5221,5409,0,0.7986631770015137
TERM,5410,5427,0,0.7986631770015137
TERM,5428,5876,0,0.7986631770015137
TERM,5877,6041,0,0.7986631770015137
TERM,6042,6438,0,0.7986631770015137
TERM,6439,6739,0,0.7986631770015137
TERM,6740,7086,0,0.7986631770015137
TERM,7087,7219,0,0.7986631770015137
TERM,7220,7505,0,0.7986631770015137
TERM,7506,7673,0,0.7986631770015137
TERM,7674,7697,0,0.7986631770015137
TERM,7698,8071,0,0.7986631770015137
TERM,8072,8522,0,0.7986631770015137
TERM,8523,8656,0,0.7986631770015137
TERM,8657,8781,0,0.7986631770015137
TERM,8782,8983,0,0.7986631770015137
TERM,8984,9378,0,0.7986631770015137
TERM,9379,9452,0,0.7986631770015137
TERM,9453,9495,0,0.7986631770015137
TERM,9496,9613,0,0.7986631770015137
TERM,9614,9852,0,0.7986631770015137
