channel,start_time,stop_time,label,confidence
TERM,1,262,0,0.7235258501779198
TERM,263,690,0,0.7235258501779198
TERM,691,822,0,0.7235258501779198
TERM,823,932,0,0.7235258501779198
TERM,933,981,0,0.7235258501779198
TERM,982,1285,0,0.7235258501779198
TERM,1286,1512,0,0.7235258501779198
TERM,1513,1629,0,0.7235258501779198
TERM,1630,1977,0,0.7235258501779198
TERM,1978,2387,0,0.7235258501779198
TERM,2388,2738,0,0.7235258501779198
TERM,2739,3105,0,0.7235258501779198
TERM,3106,3213,0,0.7235258501779198
TERM,3214,3640,0,0.7235258501779198
TERM,3641,4072,0,0.7235258501779198
TERM,4073,4115,0,0.7235258501779198
TERM,4116,4228,0,0.7235258501779198
TERM,4229,4445,0,0.7235258501779198
TERM,4446,4811,0,0.7235258501779198
TERM,4812,5030,0,0.7235258501779198
TERM,5031,5394,0,0.7235258501779198
TERM,5395,5420,0,0.7235258501779198
TERM,5421,5725,0,0.7235258501779198
TERM,5726,6214,0,0.7235258501779198
TERM,6215,6641,0,0.7235258501779198
TERM,6642,6772,0,0.7235258501779198
TERM,6773,6941,0,0.7235258501779198
TERM,6942,7047,0,0.7235258501779198
TERM,7048,7278,0,0.7235258501779198
TERM,7279,7740,0,0.7235258501779198
TERM,7741,8229,0,0.7235258501779198
TERM,8230,8451,0,0.7235258501779198
TERM,8452,8517,0,0.7235258501779198
TERM,8518,8807,0,0.7235258501779198
TERM,8808,8959,0,0.7235258501779198
TERM,8960,9156,0,0.7235258501779198
TERM,9157,9421,0,0.7235258501779198
TERM,9422,9878,0,0.7235258501779198
TERM,9879,10364,0,0.7235258501779198
TERM,10365,10379,0,0.7235258501779198
TERM,10380,10525,0,0.7235258501779198
TERM,10526,10891,0,0.7235258501779198
