channel,start_time,stop_time,label,confidence
TERM,1,262,0,0.8465324813353655
TERM,263,324,0,0.8465324813353655
TERM,325,765,0,0.8465324813353655
TERM,766,793,0,0.8465324813353655
TERM,794,1138,0,0.8465324813353655
TERM,1139,1275,0,0.8465324813353655
TERM,1276,1358,0,0.8465324813353655
TERM,1359,1471,0,0.8465324813353655
TERM,1472,1505,0,0.8465324813353655
TERM,1506,1676,0,0.8465324813353655
TERM,1677,1805,0,0.8465324813353655
