channel,start_time,stop_time,label,confidence
TERM,1,426,0,0.6093045952650081
TERM,427,670,0,0.6093045952650081
TERM,671,761,0,0.6093045952650081
TERM,762,1250,0,0.6093045952650081
TERM,1251,1732,0,0.6093045952650081
TERM,1733,1897,0,0.6093045952650081
TERM,1898,2102,0,0.6093045952650081
TERM,2103,2519,0,0.6093045952650081
TERM,2520,2631,0,0.6093045952650081
TERM,2632,3001,0,0.6093045952650081
TERM,3002,3057,0,0.6093045952650081
TERM,3058,3314,0,0.6093045952650081
TERM,3315,3790,0,0.6093045952650081
TERM,3791,4226,0,0.6093045952650081
TERM,4227,4623,0,0.6093045952650081
TERM,4624,5098,0,0.6093045952650081
TERM,5099,5463,0,0.6093045952650081
TERM,5464,5512,0,0.6093045952650081
TERM,5513,5594,0,0.6093045952650081
TERM,5595,5722,0,0.6093045952650081
TERM,5723,5776,0,0.6093045952650081
TERM,5777,5911,0,0.6093045952650081
TERM,5912,5982,0,0.6093045952650081
TERM,5983,6182,0,0.6093045952650081
TERM,6183,6420,0,0.6093045952650081
TERM,6421,6790,0,0.6093045952650081
TERM,6791,7156,0,0.6093045952650081
TERM,7157,7573,0,0.6093045952650081
TERM,7574,7787,0,0.6093045952650081
TERM,7788,7963,0,0.6093045952650081
TERM,7964,8292,0,0.6093045952650081
TERM,8293,8660,0,0.6093045952650081
TERM,8661,9155,0,0.6093045952650081
TERM,9156,9183,0,0.6093045952650081
TERM,9184,9417,0,0.6093045952650081
TERM,9418,9492,0,0.6093045952650081
TERM,9493,9568,0,0.6093045952650081
TERM,9569,9854,0,0.6093045952650081
TERM,9855,10302,0,0.6093045952650081
TERM,10303,10777,0,0.6093045952650081
TERM,10778,11275,0,0.6093045952650081
TERM,11276,11708,0,0.6093045952650081
TERM,11709,12139,0,0.6093045952650081
TERM,12140,12177,0,0.6093045952650081
TERM,12178,12432,0,0.6093045952650081
TERM,12433,12565,0,0.6093045952650081
TERM,12566,12769,0,0.6093045952650081
TERM,12770,13127,0,0.6093045952650081
