channel,start_time,stop_time,label,confidence
TERM,1,148,0,0.813550167202247
TERM,149,224,0,0.813550167202247
TERM,225,398,0,0.813550167202247
TERM,399,582,0,0.813550167202247
TERM,583,1044,0,0.813550167202247
TERM,1045,1173,0,0.813550167202247
TERM,1174,1408,0,0.813550167202247
TERM,1409,1890,0,0.813550167202247
TERM,1891,2167,0,0.813550167202247
TERM,2168,2332,0,0.813550167202247
TERM,2333,2775,0,0.813550167202247
TERM,2776,3203,0,0.813550167202247
