channel,start_time,stop_time,label,confidence
TERM,1,198,0,0.6334049752345583
TERM,199,431,0,0.6334049752345583
TERM,432,679,0,0.6334049752345583
TERM,680,723,0,0.6334049752345583
TERM,724,848,0,0.6334049752345583
TERM,849,862,0,0.6334049752345583
TERM,863,1222,0,0.6334049752345583
TERM,1223,1663,0,0.6334049752345583
TERM,1664,2008,0,0.6334049752345583
TERM,2009,2364,0,0.6334049752345583
TERM,2365,2793,0,0.6334049752345583
TERM,2794,2924,0,0.6334049752345583
