channel,start_time,stop_time,label,confidence
TERM,1,347,0,0.5530871586551496
TERM,348,425,0,0.5530871586551496
TERM,426,679,0,0.5530871586551496
TERM,680,923,0,0.5530871586551496
TERM,924,1032,0,0.5530871586551496
TERM,1033,1324,0,0.5530871586551496
TERM,1325,1617,0,0.5530871586551496
TERM,1618,1871,0,0.5530871586551496
TERM,1872,2321,0,0.5530871586551496
TERM,2322,2553,0,0.5530871586551496
TERM,2554,2632,0,0.5530871586551496
TERM,2633,2987,0,0.5530871586551496
TERM,2988,3038,0,0.5530871586551496
TERM,3039,3093,0,0.5530871586551496
TERM,3094,3498,0,0.5530871586551496
TERM,3499,3829,0,0.5530871586551496
TERM,3830,3854,0,0.5530871586551496
TERM,3855,4122,0,0.5530871586551496
TERM,4123,4569,0,0.5530871586551496
TERM,4570,4857,0,0.5530871586551496
TERM,4858,5200,0,0.5530871586551496
TERM,5201,5306,0,0.5530871586551496
TERM,5307,5526,0,0.5530871586551496
TERM,5527,5802,0,0.5530871586551496
TERM,5803,5857,0,0.5530871586551496
TERM,5858,6257,0,0.5530871586551496
TERM,6258,6508,0,0.5530871586551496
TERM,6509,6825,0,0.5530871586551496
TERM,6826,6945,0,0.5530871586551496
TERM,6946,7055,0,0.5530871586551496
TERM,7056,7392,0,0.5530871586551496
TERM,7393,7739,0,0.5530871586551496
TERM,7740,8139,0,0.5530871586551496
TERM,8140,8388,0,0.5530871586551496
TERM,8389,8606,0,0.5530871586551496
TERM,8607,8898,0,0.5530871586551496
TERM,8899,9252,0,0.5530871586551496
TERM,9253,9505,0,0.5530871586551496
TERM,9506,9624,0,0.5530871586551496
TERM,9625,9679,0,0.5530871586551496
TERM,9680,10125,0,0.5530871586551496
TERM,10126,10425,0,0.5530871586551496
TERM,10426,10905,0,0.5530871586551496
TERM,10906,11111,0,0.5530871586551496
TERM,11112,11549,0,0.5530871586551496
TERM,11550,11752,0,0.5530871586551496
TERM,11753,12106,0,0.5530871586551496
TERM,12107,12350,0,0.5530871586551496
TERM,12351,12437,0,0.5530871586551496
TERM,12438,12672,0,0.5530871586551496
TERM,12673,13005,0,0.5530871586551496
TERM,13006,13227,0,0.5530871586551496
TERM,13228,13272,0,0.5530871586551496
TERM,13273,13636,0,0.5530871586551496
TERM,13637,13787,0,0.5530871586551496
TERM,13788,13887,0,0.5530871586551496
TERM,13888,14004,0,0.5530871586551496
TERM,14005,14179,0,0.5530871586551496
TERM,14180,14670,0,0.5530871586551496
TERM,14671,15049,0,0.5530871586551496
TERM,15050,15218,0,0.5530871586551496
TERM,15219,15479,0,0.5530871586551496
TERM,15480,15783,0,0.5530871586551496
TERM,15784,15855,0,0.5530871586551496
TERM,15856,16290,0,0.5530871586551496
