channel,start_time,stop_time,label,confidence
TERM,1,415,0,0.5514146547783971
TERM,416,739,0,0.5514146547783971
TERM,740,1238,0,0.5514146547783971
TERM,1239,1455,0,0.5514146547783971
TERM,1456,1915,0,0.5514146547783971
TERM,1916,2102,0,0.5514146547783971
TERM,2103,2432,0,0.5514146547783971
TERM,2433,2536,0,0.5514146547783971
TERM,2537,2761,0,0.5514146547783971
TERM,2762,3166,0,0.5514146547783971
TERM,3167,3393,0,0.5514146547783971
TERM,3394,3717,0,0.5514146547783971
