channel,start_time,stop_time,label,confidence
TERM,1,322,0,0.5690595644959577
TERM,323,434,0,0.5690595644959577
TERM,435,622,0,0.5690595644959577
TERM,623,673,0,0.5690595644959577
TERM,674,1141,0,0.5690595644959577
TERM,1142,1593,0,0.5690595644959577
TERM,1594,1965,0,0.5690595644959577
TERM,1966,2247,0,0.5690595644959577
TERM,2248,2582,0,0.5690595644959577
TERM,2583,2945,0,0.5690595644959577
TERM,2946,3189,0,0.5690595644959577
TERM,3190,3388,0,0.5690595644959577
TERM,3389,3662,0,0.5690595644959577
TERM,3663,3871,0,0.5690595644959577
TERM,3872,4104,0,0.5690595644959577
TERM,4105,4545,0,0.5690595644959577
TERM,4546,4619,0,0.5690595644959577
TERM,4620,4875,0,0.5690595644959577
TERM,4876,5369,0,0.5690595644959577
TERM,5370,5741,0,0.5690595644959577
TERM,5742,5751,0,0.5690595644959577
TERM,5752,6107,0,0.5690595644959577
TERM,6108,6160,0,0.5690595644959577
TERM,6161,6485,0,0.5690595644959577
TERM,6486,6818,0,0.5690595644959577
TERM,6819,7004,0,0.5690595644959577
TERM,7005,7431,0,0.5690595644959577
TERM,7432,7875,0,0.5690595644959577
TERM,7876,8222,0,0.5690595644959577
TERM,8223,8494,0,0.5690595644959577
TERM,8495,8661,0,0.5690595644959577
TERM,8662,8673,0,0.5690595644959577
TERM,8674,8718,0,0.5690595644959577
TERM,8719,9018,0,0.5690595644959577
TERM,9019,9231,0,0.5690595644959577
TERM,9232,9388,0,0.5690595644959577
