channel,start_time,stop_time,label,confidence
TERM,1,232,0,0.3068166966497097
TERM,233,654,0,0.3068166966497097
TERM,655,904,0,0.3068166966497097
TERM,905,1299,0,0.3068166966497097
TERM,1300,1636,0,0.3068166966497097
TERM,1637,1725,0,0.3068166966497097
TERM,1726,1769,0,0.3068166966497097
TERM,1770,2061,0,0.3068166966497097
TERM,2062,2330,0,0.3068166966497097
TERM,2331,2752,0,0.3068166966497097
TERM,2753,2916,0,0.3068166966497097
