channel,start_time,stop_time,label,confidence
TERM,1,364,0,0.6513313900059339
TERM,365,728,0,0.6513313900059339
TERM,729,872,0,0.6513313900059339
TERM,873,1250,0,0.6513313900059339
TERM,1251,1743,0,0.6513313900059339
TERM,1744,2215,0,0.6513313900059339
TERM,2216,2493,0,0.6513313900059339
TERM,2494,2619,0,0.6513313900059339
TERM,2620,2932,0,0.6513313900059339
TERM,2933,3065,0,0.6513313900059339
TERM,3066,3396,0,0.6513313900059339
TERM,3397,3537,0,0.6513313900059339
TERM,3538,3726,0,0.6513313900059339
TERM,3727,4207,0,0.6513313900059339
TERM,4208,4297,0,0.6513313900059339
TERM,4298,4733,0,0.6513313900059339
TERM,4734,5121,0,0.6513313900059339
TERM,5122,5311,0,0.6513313900059339
TERM,5312,5729,0,0.6513313900059339
TERM,5730,5980,0,0.6513313900059339
TERM,5981,6274,0,0.6513313900059339
TERM,6275,6574,0,0.6513313900059339
TERM,6575,6685,0,0.6513313900059339
TERM,6686,6882,0,0.6513313900059339
TERM,6883,7062,0,0.6513313900059339
TERM,7063,7209,0,0.6513313900059339
TERM,7210,7558,0,0.6513313900059339
TERM,7559,7865,0,0.6513313900059339
TERM,7866,7964,0,0.6513313900059339
TERM,7965,8042,0,0.6513313900059339
TERM,8043,8491,0,0.6513313900059339
TERM,8492,8769,0,0.6513313900059339
