channel,start_time,stop_time,label,confidence
TERM,1,472,0,0.6842023927654757
TERM,473,898,0,0.6842023927654757
TERM,899,1321,0,0.6842023927654757
TERM,1322,1477,0,0.6842023927654757
TERM,1478,1745,0,0.6842023927654757
TERM,1746,1929,0,0.6842023927654757
TERM,1930,2429,0,0.6842023927654757
TERM,2430,2569,0,0.6842023927654757
TERM,2570,2936,0,0.6842023927654757
TERM,2937,3043,0,0.6842023927654757
TERM,3044,3428,0,0.6842023927654757
TERM,3429,3819,0,0.6842023927654757
TERM,3820,4162,0,0.6842023927654757
TERM,4163,4564,0,0.6842023927654757
TERM,4565,4799,0,0.6842023927654757
TERM,4800,5269,0,0.6842023927654757
TERM,5270,5567,0,0.6842023927654757
TERM,5568,5734,0,0.6842023927654757
TERM,5735,5840,0,0.6842023927654757
TERM,5841,6228,0,0.6842023927654757
TERM,6229,6593,0,0.6842023927654757
TERM,6594,6970,0,0.6842023927654757
TERM,6971,7370,0,0.6842023927654757
TERM,7371,7851,0,0.6842023927654757
TERM,7852,8185,0,0.6842023927654757
TERM,8186,8371,0,0.6842023927654757
TERM,8372,8843,0,0.6842023927654757
TERM,8844,8908,0,0.6842023927654757
TERM,8909,8947,0,0.6842023927654757
TERM,8948,9284,0,0.6842023927654757
