channel,start_time,stop_time,label,confidence
TERM,1,272,0,0.4860196886515771
TERM,273,722,0,0.4860196886515771
TERM,723,1042,0,0.4860196886515771
TERM,1043,1242,0,0.4860196886515771
TERM,1243,1573,0,0.4860196886515771
TERM,1574,1639,0,0.4860196886515771
TERM,1640,2105,0,0.4860196886515771
TERM,2106,2510,0,0.4860196886515771
TERM,2511,2896,0,0.4860196886515771
TERM,2897,3149,0,0.4860196886515771
TERM,3150,3628,0,0.4860196886515771
TERM,3629,3837,0,0.4860196886515771
TERM,3838,4323,0,0.4860196886515771
TERM,4324,4546,0,0.4860196886515771
TERM,4547,5011,0,0.4860196886515771
TERM,5012,5111,0,0.4860196886515771
