channel,start_time,stop_time,label,confidence
TERM,1,496,0,0.6449156248248973
TERM,497,757,0,0.6449156248248973
TERM,758,944,0,0.6449156248248973
TERM,945,1382,0,0.6449156248248973
TERM,1383,1457,0,0.6449156248248973
TERM,1458,1684,0,0.6449156248248973
TERM,1685,1736,0,0.6449156248248973
TERM,1737,1903,0,0.6449156248248973
TERM,1904,2062,0,0.6449156248248973
TERM,2063,2522,0,0.6449156248248973
TERM,2523,2641,0,0.6449156248248973
TERM,2642,3121,0,0.6449156248248973
TERM,3122,3276,0,0.6449156248248973
TERM,3277,3580,0,0.6449156248248973
TERM,3581,3713,0,0.6449156248248973
TERM,3714,4007,0,0.6449156248248973
TERM,4008,4272,0,0.6449156248248973
TERM,4273,4692,0,0.6449156248248973
TERM,4693,5139,0,0.6449156248248973
TERM,5140,5507,0,0.6449156248248973
TERM,5508,5770,0,0.6449156248248973
TERM,5771,6057,0,0.6449156248248973
TERM,6058,6546,0,0.6449156248248973
TERM,6547,6556,0,0.6449156248248973
TERM,6557,6929,0,0.6449156248248973
TERM,6930,7065,0,0.6449156248248973
