channel,start_time,stop_time,label,confidence
TERM,1,54,0,0.3708886630161474
TERM,55,498,0,0.3708886630161474
TERM,499,649,0,0.3708886630161474
TERM,650,1048,0,0.3708886630161474
TERM,1049,1342,0,0.3708886630161474
TERM,1343,1527,0,0.3708886630161474
TERM,1528,1962,0,0.3708886630161474
TERM,1963,2152,0,0.3708886630161474
TERM,2153,2523,0,0.3708886630161474
TERM,2524,2577,0,0.3708886630161474
TERM,2578,2959,0,0.3708886630161474
TERM,2960,3336,0,0.3708886630161474
