channel,start_time,stop_time,label,confidence
TERM,1,240,0,0.6669792855910668
TERM,241,479,0,0.6669792855910668
TERM,480,947,0,0.6669792855910668
TERM,948,962,0,0.6669792855910668
TERM,963,1068,0,0.6669792855910668
TERM,1069,1356,0,0.6669792855910668
TERM,1357,1511,0,0.6669792855910668
TERM,1512,2006,0,0.6669792855910668
TERM,2007,2035,0,0.6669792855910668
TERM,2036,2373,0,0.6669792855910668
TERM,2374,2536,0,0.6669792855910668
TERM,2537,2598,0,0.6669792855910668
TERM,2599,2818,0,0.6669792855910668
TERM,2819,3055,0,0.6669792855910668
TERM,3056,3080,0,0.6669792855910668
TERM,3081,3438,0,0.6669792855910668
TERM,3439,3862,0,0.6669792855910668
TERM,3863,3884,0,0.6669792855910668
TERM,3885,4124,0,0.6669792855910668
TERM,4125,4522,0,0.6669792855910668
TERM,4523,4904,0,0.6669792855910668
TERM,4905,5343,0,0.6669792855910668
TERM,5344,5644,0,0.6669792855910668
TERM,5645,6044,0,0.6669792855910668
TERM,6045,6346,0,0.6669792855910668
TERM,6347,6440,0,0.6669792855910668
TERM,6441,6757,0,0.6669792855910668
TERM,6758,7024,0,0.6669792855910668
TERM,7025,7061,0,0.6669792855910668
TERM,7062,7075,0,0.6669792855910668
TERM,7076,7305,0,0.6669792855910668
TERM,7306,7400,0,0.6669792855910668
TERM,7401,7457,0,0.6669792855910668
TERM,7458,7726,0,0.6669792855910668
TERM,7727,7737,0,0.6669792855910668
TERM,7738,8088,0,0.6669792855910668
TERM,8089,8506,0,0.6669792855910668
TERM,8507,8837,0,0.6669792855910668
TERM,8838,8887,0,0.6669792855910668
TERM,8888,9242,0,0.6669792855910668
TERM,9243,9542,0,0.6669792855910668
TERM,9543,10034,0,0.6669792855910668
TERM,10035,10122,0,0.6669792855910668
TERM,10123,10183,0,0.6669792855910668
TERM,10184,10260,0,0.6669792855910668
TERM,10261,10624,0,0.6669792855910668
TERM,10625,11044,0,0.6669792855910668
TERM,11045,11524,0,0.6669792855910668
TERM,11525,11687,0,0.6669792855910668
TERM,11688,11964,0,0.6669792855910668
TERM,11965,12413,0,0.6669792855910668
TERM,12414,12525,0,0.6669792855910668
TERM,12526,12548,0,0.6669792855910668
TERM,12549,12739,0,0.6669792855910668
TERM,12740,13236,0,0.6669792855910668
TERM,13237,13364,0,0.6669792855910668
