channel,start_time,stop_time,label,confidence
TERM,1,463,0,0.7501307176209128
TERM,464,821,0,0.7501307176209128
TERM,822,1075,0,0.7501307176209128
TERM,1076,1223,0,0.7501307176209128
TERM,1224,1464,0,0.7501307176209128
TERM,1465,1747,0,0.7501307176209128
TERM,1748,2209,0,0.7501307176209128
TERM,2210,2418,0,0.7501307176209128
TERM,2419,2771,0,0.7501307176209128
TERM,2772,3062,0,0.7501307176209128
TERM,3063,3187,0,0.7501307176209128
TERM,3188,3648,0,0.7501307176209128
TERM,3649,3861,0,0.7501307176209128
TERM,3862,3924,0,0.7501307176209128
TERM,3925,4340,0,0.7501307176209128
TERM,4341,4382,0,0.7501307176209128
TERM,4383,4419,0,0.7501307176209128
TERM,4420,4451,0,0.7501307176209128
TERM,4452,4795,0,0.7501307176209128
TERM,4796,4999,0,0.7501307176209128
TERM,5000,5333,0,0.7501307176209128
TERM,5334,5423,0,0.7501307176209128
TERM,5424,5747,0,0.7501307176209128
TERM,5748,5829,0,0.7501307176209128
TERM,5830,6091,0,0.7501307176209128
TERM,6092,6252,0,0.7501307176209128
TERM,6253,6340,0,0.7501307176209128
TERM,6341,6422,0,0.7501307176209128
TERM,6423,6748,0,0.7501307176209128
TERM,6749,7046,0,0.7501307176209128
TERM,7047,7527,0,0.7501307176209128
TERM,7528,7682,0,0.7501307176209128
TERM,7683,8136,0,0.7501307176209128
TERM,8137,8266,0,0.7501307176209128
TERM,8267,8406,0,0.7501307176209128
TERM,8407,8743,0,0.7501307176209128
TERM,8744,8890,0,0.7501307176209128
TERM,8891,8942,0,0.7501307176209128
TERM,8943,9331,0,0.7501307176209128
TERM,9332,9391,0,0.7501307176209128
TERM,9392,9857,0,0.7501307176209128
TERM,9858,9867,0,0.7501307176209128
TERM,9868,10256,0,0.7501307176209128
TERM,10257,10312,0,0.7501307176209128
TERM,10313,10343,0,0.7501307176209128
