channel,start_time,stop_time,label,confidence
TERM,1,14,0,0.5265454998462559
TERM,15,98,0,0.5265454998462559
TERM,99,561,0,0.5265454998462559
TERM,562,900,0,0.5265454998462559
TERM,901,1249,0,0.5265454998462559
TERM,1250,1444,0,0.5265454998462559
TERM,1445,1714,0,0.5265454998462559
TERM,1715,1970,0,0.5265454998462559
TERM,1971,2420,0,0.5265454998462559
TERM,2421,2621,0,0.5265454998462559
TERM,2622,2775,0,0.5265454998462559
TERM,2776,3142,0,0.5265454998462559
TERM,3143,3540,0,0.5265454998462559
TERM,3541,3633,0,0.5265454998462559
TERM,3634,4007,0,0.5265454998462559
TERM,4008,4243,0,0.5265454998462559
TERM,4244,4598,0,0.5265454998462559
TERM,4599,4625,0,0.5265454998462559
TERM,4626,4643,0,0.5265454998462559
TERM,4644,4684,0,0.5265454998462559
TERM,4685,5080,0,0.5265454998462559
TERM,5081,5517,0,0.5265454998462559
TERM,5518,5947,0,0.5265454998462559
TERM,5948,6175,0,0.5265454998462559
TERM,6176,6372,0,0.5265454998462559
TERM,6373,6759,0,0.5265454998462559
TERM,6760,6939,0,0.5265454998462559
TERM,6940,7436,0,0.5265454998462559
TERM,7437,7814,0,0.5265454998462559
TERM,7815,8147,0,0.5265454998462559
TERM,8148,8265,0,0.5265454998462559
TERM,8266,8648,0,0.5265454998462559
TERM,8649,8924,0,0.5265454998462559
TERM,8925,9056,0,0.5265454998462559
TERM,9057,9513,0,0.5265454998462559
TERM,9514,9909,0,0.5265454998462559
TERM,9910,10274,0,0.5265454998462559
TERM,10275,10355,0,0.5265454998462559
TERM,10356,10712,0,0.5265454998462559
TERM,10713,11008,0,0.5265454998462559
TERM,11009,11391,0,0.5265454998462559
TERM,11392,11595,0,0.5265454998462559
TERM,11596,11960,0,0.5265454998462559
TERM,11961,12387,0,0.5265454998462559
TERM,12388,12875,0,0.5265454998462559
TERM,12876,12889,0,0.5265454998462559
TERM,12890,13014,0,0.5265454998462559
TERM,13015,13125,0,0.5265454998462559
TERM,13126,13460,0,0.5265454998462559
TERM,13461,13491,0,0.5265454998462559
TERM,13492,13942,0,0.5265454998462559
TERM,13943,14068,0,0.5265454998462559
TERM,14069,14332,0,0.5265454998462559
TERM,14333,14461,0,0.5265454998462559
TERM,14462,14490,0,0.5265454998462559
