channel,start_time,stop_time,label,confidence
TERM,1,386,0,0.5479287008452085
TERM,387,473,0,0.5479287008452085
TERM,474,800,0,0.5479287008452085
TERM,801,919,0,0.5479287008452085
TERM,920,1080,0,0.5479287008452085
TERM,1081,1441,0,0.5479287008452085
TERM,1442,1636,0,0.5479287008452085
TERM,1637,1997,0,0.5479287008452085
TERM,1998,2387,0,0.5479287008452085
TERM,2388,2837,0,0.5479287008452085
TERM,2838,2991,0,0.5479287008452085
TERM,2992,3016,0,0.5479287008452085
TERM,3017,3123,0,0.5479287008452085
TERM,3124,3583,0,0.5479287008452085
TERM,3584,3699,0,0.5479287008452085
TERM,3700,3947,0,0.5479287008452085
TERM,3948,4072,0,0.5479287008452085
TERM,4073,4244,0,0.5479287008452085
TERM,4245,4326,0,0.5479287008452085
TERM,4327,4712,0,0.5479287008452085
TERM,4713,4727,0,0.5479287008452085
TERM,4728,5111,0,0.5479287008452085
TERM,5112,5481,0,0.5479287008452085
TERM,5482,5799,0,0.5479287008452085
TERM,5800,6157,0,0.5479287008452085
TERM,6158,6315,0,0.5479287008452085
TERM,6316,6368,0,0.5479287008452085
TERM,6369,6469,0,0.5479287008452085
TERM,6470,6944,0,0.5479287008452085
TERM,6945,7032,0,0.5479287008452085
TERM,7033,7160,0,0.5479287008452085
TERM,7161,7215,0,0.5479287008452085
TERM,7216,7377,0,0.5479287008452085
TERM,7378,7856,0,0.5479287008452085
TERM,7857,7874,0,0.5479287008452085
TERM,7875,8240,0,0.5479287008452085
TERM,8241,8480,0,0.5479287008452085
TERM,8481,8562,0,0.5479287008452085
TERM,8563,8993,0,0.5479287008452085
TERM,8994,9054,0,0.5479287008452085
TERM,9055,9384,0,0.5479287008452085
TERM,9385,9660,0,0.5479287008452085
TERM,9661,9961,0,0.5479287008452085
TERM,9962,10310,0,0.5479287008452085
TERM,10311,10699,0,0.5479287008452085
TERM,10700,10777,0,0.5479287008452085
TERM,10778,11199,0,0.5479287008452085
TERM,11200,11459,0,0.5479287008452085
TERM,11460,11795,0,0.5479287008452085
TERM,11796,12002,0,0.5479287008452085
TERM,12003,12444,0,0.5479287008452085
TERM,12445,12538,0,0.5479287008452085
