channel,start_time,stop_time,label,confidence
TERM,1,491,0,0.5577654761009329
TERM,492,669,0,0.5577654761009329
TERM,670,723,0,0.5577654761009329
TERM,724,1038,0,0.5577654761009329
TERM,1039,1091,0,0.5577654761009329
TERM,1092,1236,0,0.5577654761009329
TERM,1237,1504,0,0.5577654761009329
TERM,1505,1700,0,0.5577654761009329
TERM,1701,2078,0,0.5577654761009329
TERM,2079,2531,0,0.5577654761009329
TERM,2532,2647,0,0.5577654761009329
TERM,2648,2940,0,0.5577654761009329
TERM,2941,2980,0,0.5577654761009329
TERM,2981,3092,0,0.5577654761009329
TERM,3093,3119,0,0.5577654761009329
TERM,3120,3310,0,0.5577654761009329
TERM,3311,3607,0,0.5577654761009329
TERM,3608,4042,0,0.5577654761009329
TERM,4043,4131,0,0.5577654761009329
TERM,4132,4361,0,0.5577654761009329
TERM,4362,4505,0,0.5577654761009329
TERM,4506,4913,0,0.5577654761009329
TERM,4914,5273,0,0.5577654761009329
TERM,5274,5507,0,0.5577654761009329
TERM,5508,5649,0,0.5577654761009329
TERM,5650,6148,0,0.5577654761009329
TERM,6149,6496,0,0.5577654761009329
TERM,6497,6856,0,0.5577654761009329
TERM,6857,6972,0,0.5577654761009329
TERM,6973,7417,0,0.5577654761009329
