channel,start_time,stop_time,label,confidence
TERM,1,19,0,0.481042259916106
TERM,20,309,0,0.481042259916106
TERM,310,662,0,0.481042259916106
TERM,663,950,0,0.481042259916106
TERM,951,1230,0,0.481042259916106
TERM,1231,1628,0,0.481042259916106
TERM,1629,1913,0,0.481042259916106
TERM,1914,2080,0,0.481042259916106
TERM,2081,2111,0,0.481042259916106
TERM,2112,2572,0,0.481042259916106
TERM,2573,2669,0,0.481042259916106
TERM,2670,2963,0,0.481042259916106
TERM,2964,3359,0,0.481042259916106
TERM,3360,3673,0,0.481042259916106
TERM,3674,4116,0,0.481042259916106
TERM,4117,4191,0,0.481042259916106
TERM,4192,4432,0,0.481042259916106
TERM,4433,4576,0,0.481042259916106
TERM,4577,4895,0,0.481042259916106
TERM,4896,5347,0,0.481042259916106
TERM,5348,5638,0,0.481042259916106
TERM,5639,5956,0,0.481042259916106
TERM,5957,6178,0,0.481042259916106
TERM,6179,6291,0,0.481042259916106
TERM,6292,6390,0,0.481042259916106
TERM,6391,6500,0,0.481042259916106
TERM,6501,6511,0,0.481042259916106
TERM,6512,6762,0,0.481042259916106
TERM,6763,7117,0,0.481042259916106
TERM,7118,7243,0,0.481042259916106
TERM,7244,7610,0,0.481042259916106
TERM,7611,7856,0,0.481042259916106
TERM,7857,8007,0,0.481042259916106
TERM,8008,8354,0,0.481042259916106
TERM,8355,8748,0,0.481042259916106
TERM,8749,8922,0,0.481042259916106
TERM,8923,9368,0,0.481042259916106
TERM,9369,9772,0,0.481042259916106
TERM,9773,9995,0,0.481042259916106
TERM,9996,10365,0,0.481042259916106
TERM,10366,10535,0,0.481042259916106
TERM,10536,10757,0,0.481042259916106
