channel,start_time,stop_time,label,confidence
TERM,1,65,0,0.5508276351331995
TERM,66,553,0,0.5508276351331995
TERM,554,623,0,0.5508276351331995
TERM,624,832,0,0.5508276351331995
TERM,833,888,0,0.5508276351331995
TERM,889,1244,0,0.5508276351331995
TERM,1245,1344,0,0.5508276351331995
TERM,1345,1820,0,0.5508276351331995
TERM,1821,2302,0,0.5508276351331995
TERM,2303,2320,0,0.5508276351331995
TERM,2321,2671,0,0.5508276351331995
TERM,2672,2898,0,0.5508276351331995
TERM,2899,3386,0,0.5508276351331995
TERM,3387,3404,0,0.5508276351331995
