channel,start_time,stop_time,label,confidence
TERM,1,136,0,0.4165268935869541
TERM,137,401,0,0.4165268935869541
TERM,402,457,0,0.4165268935869541
TERM,458,859,0,0.4165268935869541
TERM,860,1232,0,0.4165268935869541
TERM,1233,1250,0,0.4165268935869541
TERM,1251,1275,0,0.4165268935869541
TERM,1276,1537,0,0.4165268935869541
TERM,1538,1553,0,0.4165268935869541
TERM,1554,1963,0,0.4165268935869541
TERM,1964,2086,0,0.4165268935869541
TERM,2087,2398,0,0.4165268935869541
TERM,2399,2821,0,0.4165268935869541
TERM,2822,2873,0,0.4165268935869541
TERM,2874,2940,0,0.4165268935869541
TERM,2941,2996,0,0.4165268935869541
TERM,2997,3119,0,0.4165268935869541
TERM,3120,3489,0,0.4165268935869541
TERM,3490,3680,0,0.4165268935869541
TERM,3681,3719,0,0.4165268935869541
TERM,3720,4051,0,0.4165268935869541
TERM,4052,4080,0,0.4165268935869541
TERM,4081,4296,0,0.4165268935869541
TERM,4297,4461,0,0.4165268935869541
TERM,4462,4667,0,0.4165268935869541
TERM,4668,4814,0,0.4165268935869541
TERM,4815,4915,0,0.4165268935869541
TERM,4916,5146,0,0.4165268935869541
TERM,5147,5300,0,0.4165268935869541
TERM,5301,5380,0,0.4165268935869541
TERM,5381,5731,0,0.4165268935869541
TERM,5732,5842,0,0.4165268935869541
TERM,5843,6078,0,0.4165268935869541
TERM,6079,6137,0,0.4165268935869541
TERM,6138,6533,0,0.4165268935869541
TERM,6534,6752,0,0.4165268935869541
TERM,6753,6951,0,0.4165268935869541
TERM,6952,7204,0,0.4165268935869541
TERM,7205,7424,0,0.4165268935869541
TERM,7425,7555,0,0.4165268935869541
TERM,7556,7655,0,0.4165268935869541
TERM,7656,7784,0,0.4165268935869541
TERM,7785,8090,0,0.4165268935869541
TERM,8091,8231,0,0.4165268935869541
TERM,8232,8355,0,0.4165268935869541
TERM,8356,8606,0,0.4165268935869541
TERM,8607,8719,0,0.4165268935869541
TERM,8720,8978,0,0.4165268935869541
TERM,8979,8999,0,0.4165268935869541
TERM,9000,9279,0,0.4165268935869541
TERM,9280,9522,0,0.4165268935869541
TERM,9523,9814,0,0.4165268935869541
TERM,9815,10249,0,0.4165268935869541
TERM,10250,10512,0,0.4165268935869541
TERM,10513,10936,0,0.4165268935869541
TERM,10937,11421,0,0.4165268935869541
TERM,11422,11674,0,0.4165268935869541
TERM,11675,11830,0,0.4165268935869541
TERM,11831,12209,0,0.4165268935869541
TERM,12210,12294,0,0.4165268935869541
TERM,12295,12429,0,0.4165268935869541
TERM,12430,12655,0,0.4165268935869541
TERM,12656,12694,0,0.4165268935869541
TERM,12695,13145,0,0.4165268935869541
TERM,13146,13237,0,0.4165268935869541
