channel,start_time,stop_time,label,confidence
TERM,1,140,0,0.5621890684608211
TERM,141,448,0,0.5621890684608211
TERM,449,569,0,0.5621890684608211
TERM,570,941,0,0.5621890684608211
TERM,942,1409,0,0.5621890684608211
TERM,1410,1466,0,0.5621890684608211
TERM,1467,1551,0,0.5621890684608211
TERM,1552,1676,0,0.5621890684608211
TERM,1677,1982,0,0.5621890684608211
TERM,1983,2314,0,0.5621890684608211
TERM,2315,2775,0,0.5621890684608211
TERM,2776,3273,0,0.5621890684608211
TERM,3274,3502,0,0.5621890684608211
TERM,3503,3549,0,0.5621890684608211
TERM,3550,4026,0,0.5621890684608211
TERM,4027,4307,0,0.5621890684608211
TERM,4308,4403,0,0.5621890684608211
TERM,4404,4551,0,0.5621890684608211
TERM,4552,4684,0,0.5621890684608211
TERM,4685,4919,0,0.5621890684608211
TERM,4920,5221,0,0.5621890684608211
TERM,5222,5415,0,0.5621890684608211
TERM,5416,5821,0,0.5621890684608211
TERM,5822,5878,0,0.5621890684608211
TERM,5879,5952,0,0.5621890684608211
TERM,5953,6266,0,0.5621890684608211
TERM,6267,6584,0,0.5621890684608211
TERM,6585,6665,0,0.5621890684608211
TERM,6666,6839,0,0.5621890684608211
TERM,6840,6977,0,0.5621890684608211
TERM,6978,6995,0,0.5621890684608211
TERM,6996,7483,0,0.5621890684608211
TERM,7484,7768,0,0.5621890684608211
TERM,7769,7885,0,0.5621890684608211
TERM,7886,8201,0,0.5621890684608211
TERM,8202,8508,0,0.5621890684608211
TERM,8509,8824,0,0.5621890684608211
TERM,8825,8953,0,0.5621890684608211
TERM,8954,9236,0,0.5621890684608211
TERM,9237,9615,0,0.5621890684608211
TERM,9616,9829,0,0.5621890684608211
TERM,9830,9985,0,0.5621890684608211
TERM,9986,10397,0,0.5621890684608211
TERM,10398,10408,0,0.5621890684608211
TERM,10409,10875,0,0.5621890684608211
TERM,10876,11356,0,0.5621890684608211
TERM,11357,11436,0,0.5621890684608211
TERM,11437,11839,0,0.5621890684608211
