channel,start_time,stop_time,label,confidence
TERM,1,217,0,0.653338040410028
TERM,218,297,0,0.653338040410028
TERM,298,470,0,0.653338040410028
TERM,471,566,0,0.653338040410028
TERM,567,1039,0,0.653338040410028
TERM,1040,1465,0,0.653338040410028
TERM,1466,1880,0,0.653338040410028
TERM,1881,2095,0,0.653338040410028
TERM,2096,2294,0,0.653338040410028
TERM,2295,2594,0,0.653338040410028
TERM,2595,2754,0,0.653338040410028
TERM,2755,2865,0,0.653338040410028
TERM,2866,3314,0,0.653338040410028
TERM,3315,3505,0,0.653338040410028
TERM,3506,3969,0,0.653338040410028
TERM,3970,4374,0,0.653338040410028
TERM,4375,4794,0,0.653338040410028
TERM,4795,5140,0,0.653338040410028
TERM,5141,5231,0,0.653338040410028
TERM,5232,5299,0,0.653338040410028
TERM,5300,5619,0,0.653338040410028
TERM,5620,5800,0,0.653338040410028
TERM,5801,6195,0,0.653338040410028
TERM,6196,6605,0,0.653338040410028
TERM,6606,6784,0,0.653338040410028
TERM,6785,7075,0,0.653338040410028
TERM,7076,7462,0,0.653338040410028
TERM,7463,7882,0,0.653338040410028
TERM,7883,7905,0,0.653338040410028
TERM,7906,8070,0,0.653338040410028
TERM,8071,8098,0,0.653338040410028
TERM,8099,8109,0,0.653338040410028
TERM,8110,8143,0,0.653338040410028
TERM,8144,8549,0,0.653338040410028
TERM,8550,8565,0,0.653338040410028
TERM,8566,8968,0,0.653338040410028
TERM,8969,9146,0,0.653338040410028
TERM,9147,9469,0,0.653338040410028
TERM,9470,9838,0,0.653338040410028
TERM,9839,10161,0,0.653338040410028
TERM,10162,10327,0,0.653338040410028
TERM,10328,10586,0,0.653338040410028
TERM,10587,10679,0,0.653338040410028
TERM,10680,10926,0,0.653338040410028
TERM,10927,11303,0,0.653338040410028
TERM,11304,11638,0,0.653338040410028
TERM,11639,11774,0,0.653338040410028
TERM,11775,12273,0,0.653338040410028
TERM,12274,12433,0,0.653338040410028
TERM,12434,12504,0,0.653338040410028
TERM,12505,12627,0,0.653338040410028
TERM,12628,12862,0,0.653338040410028
TERM,12863,12882,0,0.653338040410028
TERM,12883,13214,0,0.653338040410028
TERM,13215,13646,0,0.653338040410028
TERM,13647,13697,0,0.653338040410028
TERM,13698,13858,0,0.653338040410028
TERM,13859,14018,0,0.653338040410028
TERM,14019,14297,0,0.653338040410028
TERM,14298,14427,0,0.653338040410028
