channel,start_time,stop_time,label,confidence
TERM,1,59,0,0.5461761148621176
TERM,60,271,0,0.5461761148621176
TERM,272,531,0,0.5461761148621176
TERM,532,610,0,0.5461761148621176
TERM,611,982,0,0.5461761148621176
TERM,983,1240,0,0.5461761148621176
TERM,1241,1587,0,0.5461761148621176
TERM,1588,1748,0,0.5461761148621176
TERM,1749,2048,0,0.5461761148621176
TERM,2049,2437,0,0.5461761148621176
TERM,2438,2654,0,0.5461761148621176
TERM,2655,2887,0,0.5461761148621176
TERM,2888,2908,0,0.5461761148621176
TERM,2909,3090,0,0.5461761148621176
TERM,3091,3357,0,0.5461761148621176
