channel,start_time,stop_time,label,confidence
TERM,1,267,0,0.631801032000502
TERM,268,614,0,0.631801032000502
TERM,615,975,0,0.631801032000502
TERM,976,1011,0,0.631801032000502
TERM,1012,1415,0,0.631801032000502
TERM,1416,1710,0,0.631801032000502
TERM,1711,1884,0,0.631801032000502
TERM,1885,1948,0,0.631801032000502
TERM,1949,2254,0,0.631801032000502
TERM,2255,2476,0,0.631801032000502
TERM,2477,2664,0,0.631801032000502
TERM,2665,3071,0,0.631801032000502
TERM,3072,3555,0,0.631801032000502
TERM,3556,4019,0,0.631801032000502
TERM,4020,4415,0,0.631801032000502
TERM,4416,4577,0,0.631801032000502
TERM,4578,4971,0,0.631801032000502
TERM,4972,5188,0,0.631801032000502
TERM,5189,5200,0,0.631801032000502
TERM,5201,5315,0,0.631801032000502
TERM,5316,5385,0,0.631801032000502
TERM,5386,5555,0,0.631801032000502
TERM,5556,6017,0,0.631801032000502
TERM,6018,6255,0,0.631801032000502
TERM,6256,6560,0,0.631801032000502
TERM,6561,6883,0,0.631801032000502
TERM,6884,7059,0,0.631801032000502
TERM,7060,7070,0,0.631801032000502
TERM,7071,7201,0,0.631801032000502
TERM,7202,7562,0,0.631801032000502
TERM,7563,7905,0,0.631801032000502
TERM,7906,8077,0,0.631801032000502
TERM,8078,8328,0,0.631801032000502
TERM,8329,8702,0,0.631801032000502
TERM,8703,8718,0,0.631801032000502
TERM,8719,8955,0,0.631801032000502
TERM,8956,9399,0,0.631801032000502
TERM,9400,9723,0,0.631801032000502
TERM,9724,9893,0,0.631801032000502
TERM,9894,10069,0,0.631801032000502
TERM,10070,10511,0,0.631801032000502
TERM,10512,10826,0,0.631801032000502
TERM,10827,11115,0,0.631801032000502
TERM,11116,11383,0,0.631801032000502
TERM,11384,11828,0,0.631801032000502
TERM,11829,11971,0,0.631801032000502
TERM,11972,12325,0,0.631801032000502
TERM,12326,12805,0,0.631801032000502
TERM,12806,12950,0,0.631801032000502
TERM,12951,13330,0,0.631801032000502
TERM,13331,13794,0,0.631801032000502
TERM,13795,14133,0,0.631801032000502
TERM,14134,14350,0,0.631801032000502
TERM,14351,14718,0,0.631801032000502
TERM,14719,14773,0,0.631801032000502
TERM,14774,15239,0,0.631801032000502
TERM,15240,15736,0,0.631801032000502
TERM,15737,15993,0,0.631801032000502
TERM,15994,16170,0,0.631801032000502
TERM,16171,16391,0,0.631801032000502
