channel,start_time,stop_time,label,confidence
TERM,1,14,0,0.5311116802968283
TERM,15,510,0,0.5311116802968283
TERM,511,861,0,0.5311116802968283
TERM,862,1101,0,0.5311116802968283
TERM,1102,1474,0,0.5311116802968283
TERM,1475,1909,0,0.5311116802968283
TERM,1910,2026,0,0.5311116802968283
TERM,2027,2348,0,0.5311116802968283
TERM,2349,2706,0,0.5311116802968283
TERM,2707,3077,0,0.5311116802968283
TERM,3078,3240,0,0.5311116802968283
TERM,3241,3467,0,0.5311116802968283
TERM,3468,3580,0,0.5311116802968283
TERM,3581,3638,0,0.5311116802968283
TERM,3639,3733,0,0.5311116802968283
TERM,3734,4196,0,0.5311116802968283
TERM,4197,4240,0,0.5311116802968283
TERM,4241,4274,0,0.5311116802968283
TERM,4275,4398,0,0.5311116802968283
TERM,4399,4757,0,0.5311116802968283
TERM,4758,5178,0,0.5311116802968283
TERM,5179,5645,0,0.5311116802968283
TERM,5646,5719,0,0.5311116802968283
TERM,5720,6032,0,0.5311116802968283
