channel,start_time,stop_time,label,confidence
TERM,1,269,0,0.5289403571810422
TERM,270,359,0,0.5289403571810422
TERM,360,810,0,0.5289403571810422
TERM,811,1225,0,0.5289403571810422
TERM,1226,1625,0,0.5289403571810422
TERM,1626,1855,0,0.5289403571810422
TERM,1856,2177,0,0.5289403571810422
TERM,2178,2538,0,0.5289403571810422
TERM,2539,2891,0,0.5289403571810422
TERM,2892,2901,0,0.5289403571810422
TERM,2902,2916,0,0.5289403571810422
TERM,2917,3338,0,0.5289403571810422
TERM,3339,3423,0,0.5289403571810422
TERM,3424,3820,0,0.5289403571810422
TERM,3821,3890,0,0.5289403571810422
TERM,3891,4004,0,0.5289403571810422
TERM,4005,4220,0,0.5289403571810422
TERM,4221,4498,0,0.5289403571810422
TERM,4499,4998,0,0.5289403571810422
TERM,4999,5077,0,0.5289403571810422
TERM,5078,5225,0,0.5289403571810422
TERM,5226,5397,0,0.5289403571810422
