channel,start_time,stop_time,label,confidence
TERM,1,79,0,0.2032919782170786
TERM,80,381,0,0.2032919782170786
TERM,382,538,0,0.2032919782170786
TERM,539,987,0,0.2032919782170786
TERM,988,1454,0,0.2032919782170786
TERM,1455,1679,0,0.2032919782170786
TERM,1680,1855,0,0.2032919782170786
TERM,1856,2004,0,0.2032919782170786
TERM,2005,2205,0,0.2032919782170786
TERM,2206,2389,0,0.2032919782170786
TERM,2390,2567,0,0.2032919782170786
