channel,start_time,stop_time,label,confidence
TERM,1,127,0,0.8642284983713933
TERM,128,226,0,0.8642284983713933
TERM,227,579,0,0.8642284983713933
TERM,580,710,0,0.8642284983713933
TERM,711,943,0,0.8642284983713933
TERM,944,963,0,0.8642284983713933
TERM,964,1334,0,0.8642284983713933
TERM,1335,1373,0,0.8642284983713933
TERM,1374,1652,0,0.8642284983713933
TERM,1653,1774,0,0.8642284983713933
TERM,1775,1981,0,0.8642284983713933
TERM,1982,2207,0,0.8642284983713933
TERM,2208,2591,0,0.8642284983713933
TERM,2592,3020,0,0.8642284983713933
