channel,start_time,stop_time,label,confidence
TERM,1,149,0,0.5753733992747174
TERM,150,181,0,0.5753733992747174
TERM,182,678,0,0.5753733992747174
TERM,679,1119,0,0.5753733992747174
TERM,1120,1599,0,0.5753733992747174
TERM,1600,2065,0,0.5753733992747174
TERM,2066,2403,0,0.5753733992747174
TERM,2404,2513,0,0.5753733992747174
TERM,2514,2536,0,0.5753733992747174
TERM,2537,2926,0,0.5753733992747174
TERM,2927,3275,0,0.5753733992747174
TERM,3276,3601,0,0.5753733992747174
TERM,3602,3951,0,0.5753733992747174
TERM,3952,4248,0,0.5753733992747174
TERM,4249,4624,0,0.5753733992747174
TERM,4625,4652,0,0.5753733992747174
TERM,4653,4665,0,0.5753733992747174
TERM,4666,4917,0,0.5753733992747174
TERM,4918,5109,0,0.5753733992747174
TERM,5110,5326,0,0.5753733992747174
TERM,5327,5756,0,0.5753733992747174
TERM,5757,6046,0,0.5753733992747174
TERM,6047,6114,0,0.5753733992747174
TERM,6115,6596,0,0.5753733992747174
TERM,6597,6640,0,0.5753733992747174
TERM,6641,6897,0,0.5753733992747174
TERM,6898,7063,0,0.5753733992747174
TERM,7064,7423,0,0.5753733992747174
TERM,7424,7899,0,0.5753733992747174
TERM,7900,8131,0,0.5753733992747174
TERM,8132,8539,0,0.5753733992747174
TERM,8540,8899,0,0.5753733992747174
TERM,8900,9001,0,0.5753733992747174
TERM,9002,9427,0,0.5753733992747174
TERM,9428,9504,0,0.5753733992747174
TERM,9505,9572,0,0.5753733992747174
TERM,9573,9728,0,0.5753733992747174
TERM,9729,9908,0,0.5753733992747174
TERM,9909,10138,0,0.5753733992747174
TERM,10139,10611,0,0.5753733992747174
TERM,10612,10949,0,0.5753733992747174
TERM,10950,10963,0,0.5753733992747174
TERM,10964,11320,0,0.5753733992747174
TERM,11321,11483,0,0.5753733992747174
