channel,start_time,stop_time,label,confidence
TERM,1,414,0,0.7163815288797355
TERM,415,654,0,0.7163815288797355
TERM,655,916,0,0.7163815288797355
TERM,917,1276,0,0.7163815288797355
TERM,1277,1551,0,0.7163815288797355
TERM,1552,1694,0,0.7163815288797355
TERM,1695,1836,0,0.7163815288797355
TERM,1837,2313,0,0.7163815288797355
TERM,2314,2337,0,0.7163815288797355
TERM,2338,2409,0,0.7163815288797355
TERM,2410,2463,0,0.7163815288797355
TERM,2464,2716,0,0.7163815288797355
TERM,2717,3035,0,0.7163815288797355
TERM,3036,3348,0,0.7163815288797355
TERM,3349,3730,0,0.7163815288797355
TERM,3731,4122,0,0.7163815288797355
TERM,4123,4570,0,0.7163815288797355
TERM,4571,4888,0,0.7163815288797355
TERM,4889,5160,0,0.7163815288797355
TERM,5161,5375,0,0.7163815288797355
TERM,5376,5607,0,0.7163815288797355
TERM,5608,5853,0,0.7163815288797355
TERM,5854,6020,0,0.7163815288797355
TERM,6021,6263,0,0.7163815288797355
TERM,6264,6333,0,0.7163815288797355
TERM,6334,6833,0,0.7163815288797355
TERM,6834,7320,0,0.7163815288797355
TERM,7321,7659,0,0.7163815288797355
TERM,7660,7908,0,0.7163815288797355
TERM,7909,7945,0,0.7163815288797355
TERM,7946,8272,0,0.7163815288797355
TERM,8273,8464,0,0.7163815288797355
TERM,8465,8500,0,0.7163815288797355
TERM,8501,8833,0,0.7163815288797355
TERM,8834,8887,0,0.7163815288797355
TERM,8888,8953,0,0.7163815288797355
TERM,8954,9076,0,0.7163815288797355
TERM,9077,9341,0,0.7163815288797355
TERM,9342,9589,0,0.7163815288797355
TERM,9590,9603,0,0.7163815288797355
TERM,9604,9710,0,0.7163815288797355
TERM,9711,10023,0,0.7163815288797355
TERM,10024,10323,0,0.7163815288797355
TERM,10324,10662,0,0.7163815288797355
TERM,10663,10942,0,0.7163815288797355
TERM,10943,11001,0,0.7163815288797355
TERM,11002,11383,0,0.7163815288797355
TERM,11384,11663,0,0.7163815288797355
TERM,11664,12049,0,0.7163815288797355
TERM,12050,12355,0,0.7163815288797355
TERM,12356,12611,0,0.7163815288797355
TERM,12612,12993,0,0.7163815288797355
TERM,12994,13039,0,0.7163815288797355
TERM,13040,13424,0,0.7163815288797355
TERM,13425,13682,0,0.7163815288797355
TERM,13683,14070,0,0.7163815288797355
TERM,14071,14535,0,0.7163815288797355
TERM,14536,14799,0,0.7163815288797355
TERM,14800,14918,0,0.7163815288797355
TERM,14919,14959,0,0.7163815288797355
TERM,14960,15100,0,0.7163815288797355
TERM,15101,15185,0,0.7163815288797355
TERM,15186,15323,0,0.7163815288797355
TERM,15324,15360,0,0.7163815288797355
