channel,start_time,stop_time,label,confidence
TERM,1,272,0,0.5710186598844629
TERM,273,370,0,0.5710186598844629
TERM,371,436,0,0.5710186598844629
TERM,437,615,0,0.5710186598844629
TERM,616,776,0,0.5710186598844629
TERM,777,975,0,0.5710186598844629
TERM,976,1461,0,0.5710186598844629
TERM,1462,1721,0,0.5710186598844629
TERM,1722,1755,0,0.5710186598844629
TERM,1756,1985,0,0.5710186598844629
TERM,1986,2176,0,0.5710186598844629
