channel,start_time,stop_time,label,confidence
TERM,1,437,0,0.6546526201630268
TERM,438,680,0,0.6546526201630268
TERM,681,743,0,0.6546526201630268
TERM,744,967,0,0.6546526201630268
TERM,968,1447,0,0.6546526201630268
TERM,1448,1738,0,0.6546526201630268
TERM,1739,1865,0,0.6546526201630268
TERM,1866,2242,0,0.6546526201630268
TERM,2243,2608,0,0.6546526201630268
TERM,2609,3025,0,0.6546526201630268
TERM,3026,3520,0,0.6546526201630268
TERM,3521,3756,0,0.6546526201630268
TERM,3757,3850,0,0.6546526201630268
TERM,3851,4107,0,0.6546526201630268
TERM,4108,4490,0,0.6546526201630268
TERM,4491,4942,0,0.6546526201630268
TERM,4943,5106,0,0.6546526201630268
TERM,5107,5589,0,0.6546526201630268
TERM,5590,5633,0,0.6546526201630268
TERM,5634,6122,0,0.6546526201630268
TERM,6123,6609,0,0.6546526201630268
TERM,6610,6821,0,0.6546526201630268
TERM,6822,6923,0,0.6546526201630268
TERM,6924,7244,0,0.6546526201630268
TERM,7245,7536,0,0.6546526201630268
TERM,7537,7663,0,0.6546526201630268
TERM,7664,8136,0,0.6546526201630268
TERM,8137,8348,0,0.6546526201630268
TERM,8349,8565,0,0.6546526201630268
TERM,8566,8734,0,0.6546526201630268
TERM,8735,9153,0,0.6546526201630268
TERM,9154,9274,0,0.6546526201630268
TERM,9275,9327,0,0.6546526201630268
TERM,9328,9412,0,0.6546526201630268
TERM,9413,9908,0,0.6546526201630268
TERM,9909,10398,0,0.6546526201630268
TERM,10399,10597,0,0.6546526201630268
TERM,10598,10723,0,0.6546526201630268
TERM,10724,11062,0,0.6546526201630268
TERM,11063,11105,0,0.6546526201630268
TERM,11106,11296,0,0.6546526201630268
TERM,11297,11508,0,0.6546526201630268
TERM,11509,11855,0,0.6546526201630268
TERM,11856,12177,0,0.6546526201630268
TERM,12178,12353,0,0.6546526201630268
TERM,12354,12799,0,0.6546526201630268
TERM,12800,12950,0,0.6546526201630268
TERM,12951,13214,0,0.6546526201630268
TERM,13215,13304,0,0.6546526201630268
TERM,13305,13492,0,0.6546526201630268
TERM,13493,13554,0,0.6546526201630268
TERM,13555,13675,0,0.6546526201630268
TERM,13676,14157,0,0.6546526201630268
TERM,14158,14452,0,0.6546526201630268
TERM,14453,14885,0,0.6546526201630268
