channel,start_time,stop_time,label,confidence
TERM,1,486,0,0.5824697908919994
TERM,487,946,0,0.5824697908919994
TERM,947,1092,0,0.5824697908919994
TERM,1093,1555,0,0.5824697908919994
TERM,1556,1874,0,0.5824697908919994
TERM,1875,1921,0,0.5824697908919994
TERM,1922,2110,0,0.5824697908919994
TERM,2111,2485,0,0.5824697908919994
TERM,2486,2792,0,0.5824697908919994
TERM,2793,3166,0,0.5824697908919994
TERM,3167,3212,0,0.5824697908919994
TERM,3213,3225,0,0.5824697908919994
TERM,3226,3682,0,0.5824697908919994
TERM,3683,4072,0,0.5824697908919994
TERM,4073,4314,0,0.5824697908919994
TERM,4315,4344,0,0.5824697908919994
TERM,4345,4717,0,0.5824697908919994
TERM,4718,4891,0,0.5824697908919994
TERM,4892,5103,0,0.5824697908919994
TERM,5104,5180,0,0.5824697908919994
TERM,5181,5361,0,0.5824697908919994
TERM,5362,5678,0,0.5824697908919994
TERM,5679,5709,0,0.5824697908919994
TERM,5710,6115,0,0.5824697908919994
TERM,6116,6515,0,0.5824697908919994
TERM,6516,6600,0,0.5824697908919994
TERM,6601,6693,0,0.5824697908919994
TERM,6694,7120,0,0.5824697908919994
TERM,7121,7456,0,0.5824697908919994
TERM,7457,7740,0,0.5824697908919994
TERM,7741,7872,0,0.5824697908919994
TERM,7873,7903,0,0.5824697908919994
TERM,7904,7934,0,0.5824697908919994
TERM,7935,8423,0,0.5824697908919994
TERM,8424,8496,0,0.5824697908919994
TERM,8497,8952,0,0.5824697908919994
TERM,8953,9416,0,0.5824697908919994
TERM,9417,9850,0,0.5824697908919994
TERM,9851,9923,0,0.5824697908919994
