channel,start_time,stop_time,label,confidence
TERM,1,394,0,0.4142572142754757
TERM,395,882,0,0.4142572142754757
TERM,883,1081,0,0.4142572142754757
TERM,1082,1105,0,0.4142572142754757
TERM,1106,1156,0,0.4142572142754757
TERM,1157,1258,0,0.4142572142754757
TERM,1259,1495,0,0.4142572142754757
TERM,1496,1979,0,0.4142572142754757
TERM,1980,2377,0,0.4142572142754757
TERM,2378,2802,0,0.4142572142754757
TERM,2803,3069,0,0.4142572142754757
TERM,3070,3293,0,0.4142572142754757
