channel,start_time,stop_time,label,confidence
TERM,1,387,0,0.7690321020079268
TERM,388,483,0,0.7690321020079268
TERM,484,894,0,0.7690321020079268
TERM,895,961,0,0.7690321020079268
TERM,962,1421,0,0.7690321020079268
TERM,1422,1597,0,0.7690321020079268
TERM,1598,1828,0,0.7690321020079268
TERM,1829,2100,0,0.7690321020079268
TERM,2101,2314,0,0.7690321020079268
TERM,2315,2466,0,0.7690321020079268
TERM,2467,2962,0,0.7690321020079268
TERM,2963,2990,0,0.7690321020079268
TERM,2991,3110,0,0.7690321020079268
