channel,start_time,stop_time,label,confidence
TERM,1,480,0,0.774213152096078
TERM,481,767,0,0.774213152096078
TERM,768,1241,0,0.774213152096078
TERM,1242,1589,0,0.774213152096078
TERM,1590,1931,0,0.774213152096078
TERM,1932,2200,0,0.774213152096078
TERM,2201,2547,0,0.774213152096078
TERM,2548,3014,0,0.774213152096078
TERM,3015,3056,0,0.774213152096078
TERM,3057,3461,0,0.774213152096078
TERM,3462,3585,0,0.774213152096078
TERM,3586,3720,0,0.774213152096078
TERM,3721,4012,0,0.774213152096078
TERM,4013,4330,0,0.774213152096078
TERM,4331,4519,0,0.774213152096078
TERM,4520,4817,0,0.774213152096078
TERM,4818,5204,0,0.774213152096078
TERM,5205,5579,0,0.774213152096078
TERM,5580,5606,0,0.774213152096078
TERM,5607,5842,0,0.774213152096078
TERM,5843,6155,0,0.774213152096078
TERM,6156,6536,0,0.774213152096078
TERM,6537,6848,0,0.774213152096078
TERM,6849,6903,0,0.774213152096078
TERM,6904,7357,0,0.774213152096078
TERM,7358,7569,0,0.774213152096078
TERM,7570,7608,0,0.774213152096078
TERM,7609,7813,0,0.774213152096078
TERM,7814,7867,0,0.774213152096078
TERM,7868,8200,0,0.774213152096078
TERM,8201,8510,0,0.774213152096078
TERM,8511,8760,0,0.774213152096078
TERM,8761,9105,0,0.774213152096078
TERM,9106,9304,0,0.774213152096078
TERM,9305,9651,0,0.774213152096078
TERM,9652,9953,0,0.774213152096078
TERM,9954,10035,0,0.774213152096078
TERM,10036,10325,0,0.774213152096078
TERM,10326,10630,0,0.774213152096078
TERM,10631,10819,0,0.774213152096078
TERM,10820,10837,0,0.774213152096078
TERM,10838,10868,0,0.774213152096078
TERM,10869,11302,0,0.774213152096078
TERM,11303,11476,0,0.774213152096078
TERM,11477,11580,0,0.774213152096078
