channel,start_time,stop_time,label,confidence
TERM,1,139,0,0.5539197471782094
TERM,140,441,0,0.5539197471782094
TERM,442,864,0,0.5539197471782094
TERM,865,1323,0,0.5539197471782094
TERM,1324,1770,0,0.5539197471782094
TERM,1771,2132,0,0.5539197471782094
TERM,2133,2190,0,0.5539197471782094
TERM,2191,2227,0,0.5539197471782094
TERM,2228,2328,0,0.5539197471782094
TERM,2329,2418,0,0.5539197471782094
TERM,2419,2699,0,0.5539197471782094
TERM,2700,3102,0,0.5539197471782094
TERM,3103,3554,0,0.5539197471782094
TERM,3555,3652,0,0.5539197471782094
TERM,3653,3915,0,0.5539197471782094
TERM,3916,4301,0,0.5539197471782094
TERM,4302,4358,0,0.5539197471782094
TERM,4359,4476,0,0.5539197471782094
TERM,4477,4959,0,0.5539197471782094
TERM,4960,5300,0,0.5539197471782094
TERM,5301,5379,0,0.5539197471782094
TERM,5380,5878,0,0.5539197471782094
TERM,5879,6195,0,0.5539197471782094
TERM,6196,6649,0,0.5539197471782094
TERM,6650,6669,0,0.5539197471782094
TERM,6670,6825,0,0.5539197471782094
TERM,6826,7146,0,0.5539197471782094
TERM,7147,7485,0,0.5539197471782094
TERM,7486,7802,0,0.5539197471782094
TERM,7803,8172,0,0.5539197471782094
TERM,8173,8510,0,0.5539197471782094
TERM,8511,8804,0,0.5539197471782094
TERM,8805,8814,0,0.5539197471782094
TERM,8815,8848,0,0.5539197471782094
TERM,8849,9129,0,0.5539197471782094
TERM,9130,9482,0,0.5539197471782094
TERM,9483,9869,0,0.5539197471782094
TERM,9870,9916,0,0.5539197471782094
TERM,9917,10099,0,0.5539197471782094
TERM,10100,10214,0,0.5539197471782094
TERM,10215,10711,0,0.5539197471782094
TERM,10712,11109,0,0.5539197471782094
TERM,11110,11593,0,0.5539197471782094
TERM,11594,11755,0,0.5539197471782094
TERM,11756,12129,0,0.5539197471782094
TERM,12130,12222,0,0.5539197471782094
TERM,12223,12464,0,0.5539197471782094
TERM,12465,12642,0,0.5539197471782094
TERM,12643,12941,0,0.5539197471782094
TERM,12942,12991,0,0.5539197471782094
TERM,12992,13088,0,0.5539197471782094
TERM,13089,13516,0,0.5539197471782094
TERM,13517,13717,0,0.5539197471782094
TERM,13718,13945,0,0.5539197471782094
TERM,13946,14322,0,0.5539197471782094
