channel,start_time,stop_time,label,confidence
TERM,1,308,0,0.7844869016920635
TERM,309,501,0,0.7844869016920635
TERM,502,731,0,0.7844869016920635
TERM,732,1085,0,0.7844869016920635
TERM,1086,1223,0,0.7844869016920635
TERM,1224,1711,0,0.7844869016920635
TERM,1712,1981,0,0.7844869016920635
TERM,1982,2154,0,0.7844869016920635
TERM,2155,2519,0,0.7844869016920635
TERM,2520,2861,0,0.7844869016920635
TERM,2862,3014,0,0.7844869016920635
TERM,3015,3412,0,0.7844869016920635
TERM,3413,3672,0,0.7844869016920635
TERM,3673,3954,0,0.7844869016920635
TERM,3955,4163,0,0.7844869016920635
