channel,start_time,stop_time,label,confidence
TERM,1,213,0,0.5919228095192014
TERM,214,519,0,0.5919228095192014
TERM,520,607,0,0.5919228095192014
TERM,608,787,0,0.5919228095192014
TERM,788,1127,0,0.5919228095192014
TERM,1128,1180,0,0.5919228095192014
TERM,1181,1625,0,0.5919228095192014
TERM,1626,2001,0,0.5919228095192014
TERM,2002,2435,0,0.5919228095192014
TERM,2436,2784,0,0.5919228095192014
TERM,2785,3180,0,0.5919228095192014
TERM,3181,3542,0,0.5919228095192014
TERM,3543,3856,0,0.5919228095192014
TERM,3857,3869,0,0.5919228095192014
TERM,3870,4365,0,0.5919228095192014
TERM,4366,4770,0,0.5919228095192014
TERM,4771,4826,0,0.5919228095192014
TERM,4827,5053,0,0.5919228095192014
TERM,5054,5503,0,0.5919228095192014
TERM,5504,5521,0,0.5919228095192014
TERM,5522,5818,0,0.5919228095192014
TERM,5819,6313,0,0.5919228095192014
TERM,6314,6772,0,0.5919228095192014
TERM,6773,7069,0,0.5919228095192014
TERM,7070,7479,0,0.5919228095192014
TERM,7480,7629,0,0.5919228095192014
TERM,7630,7705,0,0.5919228095192014
TERM,7706,7959,0,0.5919228095192014
TERM,7960,8336,0,0.5919228095192014
TERM,8337,8480,0,0.5919228095192014
TERM,8481,8763,0,0.5919228095192014
TERM,8764,9056,0,0.5919228095192014
TERM,9057,9412,0,0.5919228095192014
TERM,9413,9591,0,0.5919228095192014
TERM,9592,9692,0,0.5919228095192014
TERM,9693,9787,0,0.5919228095192014
TERM,9788,10018,0,0.5919228095192014
TERM,10019,10375,0,0.5919228095192014
TERM,10376,10766,0,0.5919228095192014
TERM,10767,11033,0,0.5919228095192014
TERM,11034,11162,0,0.5919228095192014
TERM,11163,11229,0,0.5919228095192014
TERM,11230,11321,0,0.5919228095192014
TERM,11322,11545,0,0.5919228095192014
TERM,11546,11731,0,0.5919228095192014
TERM,11732,11833,0,0.5919228095192014
TERM,11834,12078,0,0.5919228095192014
TERM,12079,12395,0,0.5919228095192014
TERM,12396,12674,0,0.5919228095192014
TERM,12675,12854,0,0.5919228095192014
TERM,12855,12994,0,0.5919228095192014
TERM,12995,13254,0,0.5919228095192014
TERM,13255,13697,0,0.5919228095192014
TERM,13698,13912,0,0.5919228095192014
TERM,13913,14303,0,0.5919228095192014
TERM,14304,14366,0,0.5919228095192014
TERM,14367,14418,0,0.5919228095192014
TERM,14419,14710,0,0.5919228095192014
TERM,14711,14956,0,0.5919228095192014
TERM,14957,15432,0,0.5919228095192014
TERM,15433,15650,0,0.5919228095192014
TERM,15651,15890,0,0.5919228095192014
TERM,15891,16350,0,0.5919228095192014
TERM,16351,16547,0,0.5919228095192014
