channel,start_time,stop_time,label,confidence
TERM,1,123,0,0.5641835776260051
TERM,124,381,0,0.5641835776260051
TERM,382,618,0,0.5641835776260051
TERM,619,815,0,0.5641835776260051
TERM,816,1013,0,0.5641835776260051
TERM,1014,1118,0,0.5641835776260051
TERM,1119,1438,0,0.5641835776260051
TERM,1439,1736,0,0.5641835776260051
TERM,1737,2207,0,0.5641835776260051
TERM,2208,2483,0,0.5641835776260051
TERM,2484,2902,0,0.5641835776260051
TERM,2903,2967,0,0.5641835776260051
TERM,2968,3278,0,0.5641835776260051
TERM,3279,3450,0,0.5641835776260051
TERM,3451,3851,0,0.5641835776260051
TERM,3852,3962,0,0.5641835776260051
TERM,3963,4023,0,0.5641835776260051
TERM,4024,4135,0,0.5641835776260051
TERM,4136,4247,0,0.5641835776260051
TERM,4248,4353,0,0.5641835776260051
TERM,4354,4628,0,0.5641835776260051
TERM,4629,4883,0,0.5641835776260051
TERM,4884,5017,0,0.5641835776260051
TERM,5018,5370,0,0.5641835776260051
TERM,5371,5442,0,0.5641835776260051
TERM,5443,5699,0,0.5641835776260051
