channel,start_time,stop_time,label,confidence
TERM,1,128,0,0.5501293386397055
TERM,129,183,0,0.5501293386397055
TERM,184,265,0,0.5501293386397055
TERM,266,301,0,0.5501293386397055
TERM,302,452,0,0.5501293386397055
TERM,453,749,0,0.5501293386397055
TERM,750,948,0,0.5501293386397055
TERM,949,1104,0,0.5501293386397055
TERM,1105,1371,0,0.5501293386397055
TERM,1372,1411,0,0.5501293386397055
TERM,1412,1768,0,0.5501293386397055
TERM,1769,1812,0,0.5501293386397055
TERM,1813,2041,0,0.5501293386397055
TERM,2042,2344,0,0.5501293386397055
TERM,2345,2600,0,0.5501293386397055
TERM,2601,2628,0,0.5501293386397055
TERM,2629,2736,0,0.5501293386397055
TERM,2737,3074,0,0.5501293386397055
TERM,3075,3216,0,0.5501293386397055
TERM,3217,3606,0,0.5501293386397055
TERM,3607,3786,0,0.5501293386397055
TERM,3787,4098,0,0.5501293386397055
TERM,4099,4378,0,0.5501293386397055
TERM,4379,4534,0,0.5501293386397055
TERM,4535,4705,0,0.5501293386397055
TERM,4706,4733,0,0.5501293386397055
TERM,4734,5148,0,0.5501293386397055
TERM,5149,5483,0,0.5501293386397055
TERM,5484,5803,0,0.5501293386397055
TERM,5804,6019,0,0.5501293386397055
TERM,6020,6483,0,0.5501293386397055
TERM,6484,6750,0,0.5501293386397055
TERM,6751,7244,0,0.5501293386397055
TERM,7245,7297,0,0.5501293386397055
TERM,7298,7586,0,0.5501293386397055
TERM,7587,7988,0,0.5501293386397055
TERM,7989,8464,0,0.5501293386397055
TERM,8465,8762,0,0.5501293386397055
TERM,8763,9250,0,0.5501293386397055
TERM,9251,9565,0,0.5501293386397055
TERM,9566,10002,0,0.5501293386397055
TERM,10003,10386,0,0.5501293386397055
TERM,10387,10489,0,0.5501293386397055
TERM,10490,10606,0,0.5501293386397055
TERM,10607,10892,0,0.5501293386397055
TERM,10893,11126,0,0.5501293386397055
TERM,11127,11577,0,0.5501293386397055
TERM,11578,11699,0,0.5501293386397055
TERM,11700,12140,0,0.5501293386397055
TERM,12141,12436,0,0.5501293386397055
TERM,12437,12687,0,0.5501293386397055
TERM,12688,12812,0,0.5501293386397055
