channel,start_time,stop_time,label,confidence
TERM,1,418,0,0.820717258610032
TERM,419,606,0,0.820717258610032
TERM,607,848,0,0.820717258610032
TERM,849,1152,0,0.820717258610032
TERM,1153,1466,0,0.820717258610032
TERM,1467,1749,0,0.820717258610032
TERM,1750,2055,0,0.820717258610032
TERM,2056,2446,0,0.820717258610032
TERM,2447,2537,0,0.820717258610032
TERM,2538,2889,0,0.820717258610032
TERM,2890,2976,0,0.820717258610032
TERM,2977,3168,0,0.820717258610032
TERM,3169,3429,0,0.820717258610032
TERM,3430,3503,0,0.820717258610032
TERM,3504,3559,0,0.820717258610032
TERM,3560,3706,0,0.820717258610032
