channel,start_time,stop_time,label,confidence
TERM,1,481,0,0.443067596487
TERM,482,791,0,0.443067596487
TERM,792,1112,0,0.443067596487
TERM,1113,1208,0,0.443067596487
TERM,1209,1265,0,0.443067596487
TERM,1266,1510,0,0.443067596487
TERM,1511,1614,0,0.443067596487
TERM,1615,1839,0,0.443067596487
TERM,1840,1990,0,0.443067596487
TERM,1991,2300,0,0.443067596487
TERM,2301,2462,0,0.443067596487
TERM,2463,2959,0,0.443067596487
