channel,start_time,stop_time,label,confidence
TERM,1,126,0,0.6212443487257426
TERM,127,219,0,0.6212443487257426
TERM,220,249,0,0.6212443487257426
TERM,250,729,0,0.6212443487257426
TERM,730,852,0,0.6212443487257426
TERM,853,1262,0,0.6212443487257426
TERM,1263,1654,0,0.6212443487257426
TERM,1655,1872,0,0.6212443487257426
TERM,1873,2246,0,0.6212443487257426
TERM,2247,2651,0,0.6212443487257426
TERM,2652,2915,0,0.6212443487257426
TERM,2916,3175,0,0.6212443487257426
TERM,3176,3660,0,0.6212443487257426
TERM,3661,4143,0,0.6212443487257426
TERM,4144,4500,0,0.6212443487257426
TERM,4501,4813,0,0.6212443487257426
TERM,4814,5200,0,0.6212443487257426
TERM,5201,5508,0,0.6212443487257426
TERM,5509,5551,0,0.6212443487257426
TERM,5552,5869,0,0.6212443487257426
TERM,5870,6200,0,0.6212443487257426
TERM,6201,6674,0,0.6212443487257426
TERM,6675,6886,0,0.6212443487257426
TERM,6887,7325,0,0.6212443487257426
TERM,7326,7544,0,0.6212443487257426
TERM,7545,7998,0,0.6212443487257426
TERM,7999,8129,0,0.6212443487257426
TERM,8130,8422,0,0.6212443487257426
TERM,8423,8632,0,0.6212443487257426
TERM,8633,8847,0,0.6212443487257426
TERM,8848,8892,0,0.6212443487257426
TERM,8893,9289,0,0.6212443487257426
TERM,9290,9772,0,0.6212443487257426
TERM,9773,9886,0,0.6212443487257426
TERM,9887,10180,0,0.6212443487257426
TERM,10181,10221,0,0.6212443487257426
TERM,10222,10606,0,0.6212443487257426
TERM,10607,11067,0,0.6212443487257426
TERM,11068,11417,0,0.6212443487257426
TERM,11418,11678,0,0.6212443487257426
TERM,11679,12000,0,0.6212443487257426
TERM,12001,12288,0,0.6212443487257426
TERM,12289,12758,0,0.6212443487257426
TERM,12759,13104,0,0.6212443487257426
TERM,13105,13386,0,0.6212443487257426
TERM,13387,13786,0,0.6212443487257426
TERM,13787,14111,0,0.6212443487257426
TERM,14112,14412,0,0.6212443487257426
TERM,14413,14505,0,0.6212443487257426
TERM,14506,14885,0,0.6212443487257426
TERM,14886,15179,0,0.6212443487257426
TERM,15180,15449,0,0.6212443487257426
TERM,15450,15705,0,0.6212443487257426
TERM,15706,16048,0,0.6212443487257426
TERM,16049,16417,0,0.6212443487257426
TERM,16418,16566,0,0.6212443487257426
TERM,16567,16727,0,0.6212443487257426
TERM,16728,17012,0,0.6212443487257426
TERM,17013,17036,0,0.6212443487257426
TERM,17037,17418,0,0.6212443487257426
