channel,start_time,stop_time,label,confidence
TERM,1,210,0,0.5094945704740796
TERM,211,423,0,0.5094945704740796
TERM,424,787,0,0.5094945704740796
TERM,788,1230,0,0.5094945704740796
TERM,1231,1456,0,0.5094945704740796
TERM,1457,1809,0,0.5094945704740796
TERM,1810,1917,0,0.5094945704740796
TERM,1918,2179,0,0.5094945704740796
TERM,2180,2239,0,0.5094945704740796
TERM,2240,2591,0,0.5094945704740796
TERM,2592,2687,0,0.5094945704740796
TERM,2688,2764,0,0.5094945704740796
TERM,2765,3032,0,0.5094945704740796
TERM,3033,3333,0,0.5094945704740796
TERM,3334,3515,0,0.5094945704740796
TERM,3516,3659,0,0.5094945704740796
TERM,3660,3742,0,0.5094945704740796
TERM,3743,4229,0,0.5094945704740796
TERM,4230,4256,0,0.5094945704740796
TERM,4257,4663,0,0.5094945704740796
TERM,4664,4747,0,0.5094945704740796
TERM,4748,4960,0,0.5094945704740796
