channel,start_time,stop_time,label,confidence
TERM,1,217,0,0.6052094712415206
TERM,218,330,0,0.6052094712415206
TERM,331,348,0,0.6052094712415206
TERM,349,448,0,0.6052094712415206
TERM,449,550,0,0.6052094712415206
TERM,551,808,0,0.6052094712415206
TERM,809,1261,0,0.6052094712415206
TERM,1262,1438,0,0.6052094712415206
TERM,1439,1610,0,0.6052094712415206
TERM,1611,1658,0,0.6052094712415206
TERM,1659,1894,0,0.6052094712415206
TERM,1895,2372,0,0.6052094712415206
TERM,2373,2734,0,0.6052094712415206
TERM,2735,2916,0,0.6052094712415206
