channel,start_time,stop_time,label,confidence
TERM,1,140,0,0.6230405247299289
TERM,141,409,0,0.6230405247299289
TERM,410,564,0,0.6230405247299289
TERM,565,934,0,0.6230405247299289
TERM,935,1068,0,0.6230405247299289
TERM,1069,1475,0,0.6230405247299289
TERM,1476,1543,0,0.6230405247299289
TERM,1544,2020,0,0.6230405247299289
TERM,2021,2328,0,0.6230405247299289
TERM,2329,2693,0,0.6230405247299289
TERM,2694,3132,0,0.6230405247299289
TERM,3133,3189,0,0.6230405247299289
TERM,3190,3381,0,0.6230405247299289
TERM,3382,3394,0,0.6230405247299289
TERM,3395,3601,0,0.6230405247299289
TERM,3602,4037,0,0.6230405247299289
TERM,4038,4089,0,0.6230405247299289
TERM,4090,4250,0,0.6230405247299289
TERM,4251,4563,0,0.6230405247299289
TERM,4564,4723,0,0.6230405247299289
TERM,4724,4831,0,0.6230405247299289
TERM,4832,4942,0,0.6230405247299289
TERM,4943,4994,0,0.6230405247299289
TERM,4995,5238,0,0.6230405247299289
TERM,5239,5499,0,0.6230405247299289
TERM,5500,5931,0,0.6230405247299289
TERM,5932,5986,0,0.6230405247299289
TERM,5987,6476,0,0.6230405247299289
TERM,6477,6871,0,0.6230405247299289
TERM,6872,7205,0,0.6230405247299289
TERM,7206,7526,0,0.6230405247299289
TERM,7527,7921,0,0.6230405247299289
TERM,7922,8347,0,0.6230405247299289
TERM,8348,8543,0,0.6230405247299289
TERM,8544,8596,0,0.6230405247299289
TERM,8597,8606,0,0.6230405247299289
TERM,8607,9092,0,0.6230405247299289
TERM,9093,9466,0,0.6230405247299289
TERM,9467,9630,0,0.6230405247299289
TERM,9631,9643,0,0.6230405247299289
TERM,9644,10119,0,0.6230405247299289
TERM,10120,10183,0,0.6230405247299289
TERM,10184,10534,0,0.6230405247299289
TERM,10535,10583,0,0.6230405247299289
TERM,10584,10962,0,0.6230405247299289
TERM,10963,11008,0,0.6230405247299289
TERM,11009,11494,0,0.6230405247299289
TERM,11495,11888,0,0.6230405247299289
TERM,11889,12214,0,0.6230405247299289
TERM,12215,12253,0,0.6230405247299289
TERM,12254,12723,0,0.6230405247299289
TERM,12724,12762,0,0.6230405247299289
TERM,12763,13153,0,0.6230405247299289
TERM,13154,13531,0,0.6230405247299289
TERM,13532,13818,0,0.6230405247299289
TERM,13819,13927,0,0.6230405247299289
TERM,13928,14349,0,0.6230405247299289
TERM,14350,14692,0,0.6230405247299289
TERM,14693,14960,0,0.6230405247299289
TERM,14961,15335,0,0.6230405247299289
TERM,15336,15689,0,0.6230405247299289
TERM,15690,16041,0,0.6230405247299289
TERM,16042,16509,0,0.6230405247299289
TERM,16510,16658,0,0.6230405247299289
