channel,start_time,stop_time,label,confidence
TERM,1,273,0,0.5620318655565637
TERM,274,329,0,0.5620318655565637
TERM,330,794,0,0.5620318655565637
TERM,795,866,0,0.5620318655565637
TERM,867,1354,0,0.5620318655565637
TERM,1355,1507,0,0.5620318655565637
TERM,1508,1788,0,0.5620318655565637
TERM,1789,1895,0,0.5620318655565637
TERM,1896,2069,0,0.5620318655565637
TERM,2070,2245,0,0.5620318655565637
TERM,2246,2389,0,0.5620318655565637
TERM,2390,2588,0,0.5620318655565637
TERM,2589,3033,0,0.5620318655565637
TERM,3034,3411,0,0.5620318655565637
TERM,3412,3909,0,0.5620318655565637
TERM,3910,4289,0,0.5620318655565637
TERM,4290,4723,0,0.5620318655565637
TERM,4724,4802,0,0.5620318655565637
TERM,4803,5285,0,0.5620318655565637
TERM,5286,5524,0,0.5620318655565637
TERM,5525,5701,0,0.5620318655565637
TERM,5702,5881,0,0.5620318655565637
TERM,5882,6348,0,0.5620318655565637
TERM,6349,6809,0,0.5620318655565637
TERM,6810,7229,0,0.5620318655565637
TERM,7230,7401,0,0.5620318655565637
TERM,7402,7454,0,0.5620318655565637
TERM,7455,7551,0,0.5620318655565637
TERM,7552,7740,0,0.5620318655565637
TERM,7741,7940,0,0.5620318655565637
TERM,7941,8067,0,0.5620318655565637
TERM,8068,8220,0,0.5620318655565637
TERM,8221,8395,0,0.5620318655565637
TERM,8396,8556,0,0.5620318655565637
TERM,8557,9012,0,0.5620318655565637
TERM,9013,9260,0,0.5620318655565637
