channel,start_time,stop_time,label,confidence
TERM,1,493,0,0.6401416979025261
TERM,494,973,0,0.6401416979025261
TERM,974,1198,0,0.6401416979025261
TERM,1199,1253,0,0.6401416979025261
TERM,1254,1689,0,0.6401416979025261
TERM,1690,1755,0,0.6401416979025261
TERM,1756,1831,0,0.6401416979025261
TERM,1832,2081,0,0.6401416979025261
TERM,2082,2427,0,0.6401416979025261
TERM,2428,2499,0,0.6401416979025261
TERM,2500,2551,0,0.6401416979025261
TERM,2552,2787,0,0.6401416979025261
TERM,2788,3213,0,0.6401416979025261
TERM,3214,3699,0,0.6401416979025261
TERM,3700,3976,0,0.6401416979025261
TERM,3977,4381,0,0.6401416979025261
TERM,4382,4562,0,0.6401416979025261
TERM,4563,4836,0,0.6401416979025261
TERM,4837,4905,0,0.6401416979025261
TERM,4906,5106,0,0.6401416979025261
TERM,5107,5599,0,0.6401416979025261
TERM,5600,5988,0,0.6401416979025261
TERM,5989,6314,0,0.6401416979025261
TERM,6315,6665,0,0.6401416979025261
