channel,start_time,stop_time,label,confidence
TERM,1,83,0,0.6047768170021348
TERM,84,440,0,0.6047768170021348
TERM,441,567,0,0.6047768170021348
TERM,568,890,0,0.6047768170021348
TERM,891,1277,0,0.6047768170021348
TERM,1278,1512,0,0.6047768170021348
TERM,1513,1714,0,0.6047768170021348
TERM,1715,2069,0,0.6047768170021348
TERM,2070,2343,0,0.6047768170021348
TERM,2344,2377,0,0.6047768170021348
TERM,2378,2640,0,0.6047768170021348
TERM,2641,2725,0,0.6047768170021348
TERM,2726,2787,0,0.6047768170021348
TERM,2788,2969,0,0.6047768170021348
TERM,2970,3353,0,0.6047768170021348
TERM,3354,3613,0,0.6047768170021348
TERM,3614,3789,0,0.6047768170021348
TERM,3790,4279,0,0.6047768170021348
TERM,4280,4711,0,0.6047768170021348
TERM,4712,5105,0,0.6047768170021348
TERM,5106,5211,0,0.6047768170021348
TERM,5212,5663,0,0.6047768170021348
TERM,5664,6156,0,0.6047768170021348
TERM,6157,6454,0,0.6047768170021348
TERM,6455,6867,0,0.6047768170021348
TERM,6868,7348,0,0.6047768170021348
TERM,7349,7383,0,0.6047768170021348
TERM,7384,7815,0,0.6047768170021348
TERM,7816,8266,0,0.6047768170021348
TERM,8267,8696,0,0.6047768170021348
TERM,8697,8788,0,0.6047768170021348
TERM,8789,8936,0,0.6047768170021348
TERM,8937,9003,0,0.6047768170021348
