channel,start_time,stop_time,label,confidence
TERM,1,297,0,0.5000460812122935
TERM,298,796,0,0.5000460812122935
TERM,797,1041,0,0.5000460812122935
TERM,1042,1199,0,0.5000460812122935
TERM,1200,1584,0,0.5000460812122935
TERM,1585,1758,0,0.5000460812122935
TERM,1759,2103,0,0.5000460812122935
TERM,2104,2364,0,0.5000460812122935
TERM,2365,2616,0,0.5000460812122935
TERM,2617,2877,0,0.5000460812122935
TERM,2878,2959,0,0.5000460812122935
TERM,2960,3435,0,0.5000460812122935
TERM,3436,3466,0,0.5000460812122935
TERM,3467,3836,0,0.5000460812122935
TERM,3837,4308,0,0.5000460812122935
TERM,4309,4604,0,0.5000460812122935
TERM,4605,5027,0,0.5000460812122935
TERM,5028,5505,0,0.5000460812122935
TERM,5506,5822,0,0.5000460812122935
TERM,5823,5971,0,0.5000460812122935
TERM,5972,6032,0,0.5000460812122935
TERM,6033,6352,0,0.5000460812122935
TERM,6353,6679,0,0.5000460812122935
TERM,6680,7003,0,0.5000460812122935
TERM,7004,7106,0,0.5000460812122935
TERM,7107,7499,0,0.5000460812122935
TERM,7500,7605,0,0.5000460812122935
TERM,7606,8092,0,0.5000460812122935
TERM,8093,8113,0,0.5000460812122935
TERM,8114,8568,0,0.5000460812122935
TERM,8569,8740,0,0.5000460812122935
TERM,8741,9208,0,0.5000460812122935
TERM,9209,9415,0,0.5000460812122935
TERM,9416,9903,0,0.5000460812122935
TERM,9904,10296,0,0.5000460812122935
TERM,10297,10571,0,0.5000460812122935
TERM,10572,10954,0,0.5000460812122935
TERM,10955,11132,0,0.5000460812122935
TERM,11133,11486,0,0.5000460812122935
TERM,11487,11643,0,0.5000460812122935
TERM,11644,12003,0,0.5000460812122935
TERM,12004,12019,0,0.5000460812122935
TERM,12020,12480,0,0.5000460812122935
TERM,12481,12845,0,0.5000460812122935
TERM,12846,13208,0,0.5000460812122935
TERM,13209,13549,0,0.5000460812122935
TERM,13550,13876,0,0.5000460812122935
TERM,13877,14125,0,0.5000460812122935
TERM,14126,14209,0,0.5000460812122935
TERM,14210,14374,0,0.5000460812122935
TERM,14375,14627,0,0.5000460812122935
TERM,14628,15111,0,0.5000460812122935
TERM,15112,15603,0,0.5000460812122935
TERM,15604,16100,0,0.5000460812122935
TERM,16101,16325,0,0.5000460812122935
