channel,start_time,stop_time,label,confidence
TERM,1,39,0,0.647442196017264
TERM,40,454,0,0.647442196017264
TERM,455,849,0,0.647442196017264
TERM,850,1314,0,0.647442196017264
TERM,1315,1803,0,0.647442196017264
TERM,1804,1855,0,0.647442196017264
TERM,1856,1871,0,0.647442196017264
TERM,1872,2204,0,0.647442196017264
TERM,2205,2523,0,0.647442196017264
TERM,2524,2607,0,0.647442196017264
TERM,2608,2711,0,0.647442196017264
TERM,2712,3018,0,0.647442196017264
TERM,3019,3320,0,0.647442196017264
TERM,3321,3576,0,0.647442196017264
TERM,3577,3641,0,0.647442196017264
TERM,3642,3925,0,0.647442196017264
TERM,3926,4384,0,0.647442196017264
TERM,4385,4533,0,0.647442196017264
TERM,4534,4755,0,0.647442196017264
TERM,4756,5240,0,0.647442196017264
TERM,5241,5525,0,0.647442196017264
TERM,5526,5601,0,0.647442196017264
TERM,5602,6003,0,0.647442196017264
TERM,6004,6138,0,0.647442196017264
TERM,6139,6636,0,0.647442196017264
TERM,6637,6647,0,0.647442196017264
TERM,6648,6690,0,0.647442196017264
TERM,6691,6958,0,0.647442196017264
TERM,6959,7219,0,0.647442196017264
TERM,7220,7376,0,0.647442196017264
TERM,7377,7682,0,0.647442196017264
TERM,7683,7757,0,0.647442196017264
TERM,7758,8217,0,0.647442196017264
TERM,8218,8493,0,0.647442196017264
TERM,8494,8715,0,0.647442196017264
TERM,8716,9071,0,0.647442196017264
TERM,9072,9229,0,0.647442196017264
TERM,9230,9530,0,0.647442196017264
TERM,9531,9663,0,0.647442196017264
TERM,9664,10035,0,0.647442196017264
TERM,10036,10283,0,0.647442196017264
TERM,10284,10669,0,0.647442196017264
TERM,10670,11076,0,0.647442196017264
TERM,11077,11118,0,0.647442196017264
TERM,11119,11514,0,0.647442196017264
TERM,11515,11699,0,0.647442196017264
TERM,11700,11709,0,0.647442196017264
TERM,11710,11730,0,0.647442196017264
TERM,11731,12172,0,0.647442196017264
TERM,12173,12483,0,0.647442196017264
TERM,12484,12760,0,0.647442196017264
TERM,12761,13181,0,0.647442196017264
TERM,13182,13420,0,0.647442196017264
TERM,13421,13843,0,0.647442196017264
TERM,13844,13940,0,0.647442196017264
