channel,start_time,stop_time,label,confidence
TERM,1,19,0,0.4584220142602169
TERM,20,175,0,0.4584220142602169
TERM,176,569,0,0.4584220142602169
TERM,570,882,0,0.4584220142602169
TERM,883,1047,0,0.4584220142602169
TERM,1048,1542,0,0.4584220142602169
TERM,1543,1650,0,0.4584220142602169
TERM,1651,1940,0,0.4584220142602169
TERM,1941,2121,0,0.4584220142602169
TERM,2122,2352,0,0.4584220142602169
TERM,2353,2755,0,0.4584220142602169
TERM,2756,3061,0,0.4584220142602169
TERM,3062,3217,0,0.4584220142602169
TERM,3218,3330,0,0.4584220142602169
TERM,3331,3391,0,0.4584220142602169
TERM,3392,3472,0,0.4584220142602169
TERM,3473,3697,0,0.4584220142602169
TERM,3698,3738,0,0.4584220142602169
TERM,3739,3804,0,0.4584220142602169
TERM,3805,4271,0,0.4584220142602169
TERM,4272,4383,0,0.4584220142602169
TERM,4384,4804,0,0.4584220142602169
TERM,4805,5087,0,0.4584220142602169
TERM,5088,5420,0,0.4584220142602169
TERM,5421,5610,0,0.4584220142602169
TERM,5611,5865,0,0.4584220142602169
TERM,5866,6276,0,0.4584220142602169
TERM,6277,6425,0,0.4584220142602169
TERM,6426,6653,0,0.4584220142602169
TERM,6654,6967,0,0.4584220142602169
TERM,6968,7050,0,0.4584220142602169
TERM,7051,7383,0,0.4584220142602169
TERM,7384,7400,0,0.4584220142602169
TERM,7401,7743,0,0.4584220142602169
TERM,7744,7980,0,0.4584220142602169
TERM,7981,8054,0,0.4584220142602169
TERM,8055,8241,0,0.4584220142602169
TERM,8242,8359,0,0.4584220142602169
TERM,8360,8798,0,0.4584220142602169
TERM,8799,8934,0,0.4584220142602169
TERM,8935,9202,0,0.4584220142602169
TERM,9203,9406,0,0.4584220142602169
TERM,9407,9878,0,0.4584220142602169
TERM,9879,10173,0,0.4584220142602169
TERM,10174,10470,0,0.4584220142602169
TERM,10471,10734,0,0.4584220142602169
TERM,10735,11153,0,0.4584220142602169
TERM,11154,11576,0,0.4584220142602169
TERM,11577,11650,0,0.4584220142602169
TERM,11651,11706,0,0.4584220142602169
TERM,11707,12095,0,0.4584220142602169
TERM,12096,12257,0,0.4584220142602169
