channel,start_time,stop_time,label,confidence
TERM,1,293,0,0.5304424712632252
TERM,294,357,0,0.5304424712632252
TERM,358,423,0,0.5304424712632252
TERM,424,839,0,0.5304424712632252
TERM,840,857,0,0.5304424712632252
TERM,858,962,0,0.5304424712632252
TERM,963,1150,0,0.5304424712632252
TERM,1151,1650,0,0.5304424712632252
TERM,1651,1809,0,0.5304424712632252
TERM,1810,1870,0,0.5304424712632252
TERM,1871,2022,0,0.5304424712632252
TERM,2023,2136,0,0.5304424712632252
TERM,2137,2612,0,0.5304424712632252
TERM,2613,2710,0,0.5304424712632252
TERM,2711,3085,0,0.5304424712632252
TERM,3086,3288,0,0.5304424712632252
TERM,3289,3373,0,0.5304424712632252
TERM,3374,3730,0,0.5304424712632252
TERM,3731,4190,0,0.5304424712632252
TERM,4191,4681,0,0.5304424712632252
TERM,4682,5138,0,0.5304424712632252
TERM,5139,5568,0,0.5304424712632252
TERM,5569,5717,0,0.5304424712632252
TERM,5718,5893,0,0.5304424712632252
TERM,5894,6102,0,0.5304424712632252
TERM,6103,6376,0,0.5304424712632252
TERM,6377,6870,0,0.5304424712632252
TERM,6871,7287,0,0.5304424712632252
TERM,7288,7318,0,0.5304424712632252
TERM,7319,7801,0,0.5304424712632252
TERM,7802,8057,0,0.5304424712632252
TERM,8058,8442,0,0.5304424712632252
TERM,8443,8797,0,0.5304424712632252
TERM,8798,8969,0,0.5304424712632252
TERM,8970,9197,0,0.5304424712632252
TERM,9198,9241,0,0.5304424712632252
TERM,9242,9309,0,0.5304424712632252
TERM,9310,9327,0,0.5304424712632252
TERM,9328,9348,0,0.5304424712632252
TERM,9349,9729,0,0.5304424712632252
TERM,9730,10166,0,0.5304424712632252
TERM,10167,10193,0,0.5304424712632252
TERM,10194,10464,0,0.5304424712632252
TERM,10465,10847,0,0.5304424712632252
TERM,10848,11186,0,0.5304424712632252
TERM,11187,11277,0,0.5304424712632252
TERM,11278,11536,0,0.5304424712632252
TERM,11537,11557,0,0.5304424712632252
TERM,11558,11848,0,0.5304424712632252
TERM,11849,11993,0,0.5304424712632252
TERM,11994,12061,0,0.5304424712632252
TERM,12062,12532,0,0.5304424712632252
TERM,12533,12966,0,0.5304424712632252
TERM,12967,13347,0,0.5304424712632252
TERM,13348,13486,0,0.5304424712632252
TERM,13487,13632,0,0.5304424712632252
TERM,13633,13860,0,0.5304424712632252
TERM,13861,14300,0,0.5304424712632252
TERM,14301,14789,0,0.5304424712632252
TERM,14790,15192,0,0.5304424712632252
TERM,15193,15325,0,0.5304424712632252
TERM,15326,15444,0,0.5304424712632252
TERM,15445,15660,0,0.5304424712632252
TERM,15661,15730,0,0.5304424712632252
TERM,15731,16026,0,0.5304424712632252
