channel,start_time,stop_time,label,confidence
TERM,1,288,0,0.5433219936932459
TERM,289,680,0,0.5433219936932459
TERM,681,798,0,0.5433219936932459
TERM,799,1200,0,0.5433219936932459
TERM,1201,1491,0,0.5433219936932459
TERM,1492,1729,0,0.5433219936932459
TERM,1730,1795,0,0.5433219936932459
TERM,1796,2090,0,0.5433219936932459
TERM,2091,2235,0,0.5433219936932459
TERM,2236,2519,0,0.5433219936932459
TERM,2520,2592,0,0.5433219936932459
TERM,2593,2817,0,0.5433219936932459
TERM,2818,2891,0,0.5433219936932459
TERM,2892,3072,0,0.5433219936932459
TERM,3073,3146,0,0.5433219936932459
TERM,3147,3279,0,0.5433219936932459
TERM,3280,3381,0,0.5433219936932459
TERM,3382,3694,0,0.5433219936932459
TERM,3695,4180,0,0.5433219936932459
TERM,4181,4646,0,0.5433219936932459
TERM,4647,4852,0,0.5433219936932459
TERM,4853,4906,0,0.5433219936932459
TERM,4907,4934,0,0.5433219936932459
TERM,4935,5300,0,0.5433219936932459
TERM,5301,5331,0,0.5433219936932459
TERM,5332,5400,0,0.5433219936932459
TERM,5401,5781,0,0.5433219936932459
TERM,5782,5968,0,0.5433219936932459
TERM,5969,6166,0,0.5433219936932459
TERM,6167,6411,0,0.5433219936932459
