channel,start_time,stop_time,label,confidence
TERM,1,27,0,0.5176016590771388
TERM,28,176,0,0.5176016590771388
TERM,177,519,0,0.5176016590771388
TERM,520,755,0,0.5176016590771388
TERM,756,968,0,0.5176016590771388
TERM,969,982,0,0.5176016590771388
TERM,983,1181,0,0.5176016590771388
TERM,1182,1208,0,0.5176016590771388
TERM,1209,1266,0,0.5176016590771388
TERM,1267,1433,0,0.5176016590771388
TERM,1434,1788,0,0.5176016590771388
TERM,1789,2202,0,0.5176016590771388
TERM,2203,2394,0,0.5176016590771388
TERM,2395,2466,0,0.5176016590771388
TERM,2467,2673,0,0.5176016590771388
TERM,2674,2819,0,0.5176016590771388
TERM,2820,3151,0,0.5176016590771388
TERM,3152,3255,0,0.5176016590771388
TERM,3256,3634,0,0.5176016590771388
TERM,3635,3947,0,0.5176016590771388
TERM,3948,4421,0,0.5176016590771388
TERM,4422,4853,0,0.5176016590771388
TERM,4854,5306,0,0.5176016590771388
TERM,5307,5587,0,0.5176016590771388
TERM,5588,5803,0,0.5176016590771388
TERM,5804,6242,0,0.5176016590771388
TERM,6243,6424,0,0.5176016590771388
TERM,6425,6909,0,0.5176016590771388
TERM,6910,7070,0,0.5176016590771388
TERM,7071,7421,0,0.5176016590771388
TERM,7422,7709,0,0.5176016590771388
TERM,7710,8066,0,0.5176016590771388
TERM,8067,8517,0,0.5176016590771388
TERM,8518,8736,0,0.5176016590771388
TERM,8737,9156,0,0.5176016590771388
TERM,9157,9481,0,0.5176016590771388
TERM,9482,9661,0,0.5176016590771388
TERM,9662,10096,0,0.5176016590771388
TERM,10097,10129,0,0.5176016590771388
TERM,10130,10607,0,0.5176016590771388
TERM,10608,11090,0,0.5176016590771388
TERM,11091,11448,0,0.5176016590771388
TERM,11449,11833,0,0.5176016590771388
TERM,11834,12016,0,0.5176016590771388
TERM,12017,12371,0,0.5176016590771388
TERM,12372,12588,0,0.5176016590771388
TERM,12589,12634,0,0.5176016590771388
TERM,12635,12764,0,0.5176016590771388
TERM,12765,12852,0,0.5176016590771388
TERM,12853,13278,0,0.5176016590771388
TERM,13279,13443,0,0.5176016590771388
TERM,13444,13773,0,0.5176016590771388
TERM,13774,14201,0,0.5176016590771388
TERM,14202,14695,0,0.5176016590771388
TERM,14696,15193,0,0.5176016590771388
TERM,15194,15339,0,0.5176016590771388
