channel,start_time,stop_time,label,confidence
TERM,1,176,0,0.5703690049484244
TERM,177,459,0,0.5703690049484244
TERM,460,646,0,0.5703690049484244
TERM,647,666,0,0.5703690049484244
TERM,667,828,0,0.5703690049484244
TERM,829,1127,0,0.5703690049484244
TERM,1128,1300,0,0.5703690049484244
TERM,1301,1691,0,0.5703690049484244
TERM,1692,1772,0,0.5703690049484244
TERM,1773,2241,0,0.5703690049484244
TERM,2242,2460,0,0.5703690049484244
TERM,2461,2515,0,0.5703690049484244
TERM,2516,2640,0,0.5703690049484244
TERM,2641,3046,0,0.5703690049484244
TERM,3047,3525,0,0.5703690049484244
TERM,3526,3865,0,0.5703690049484244
TERM,3866,4057,0,0.5703690049484244
TERM,4058,4542,0,0.5703690049484244
TERM,4543,5016,0,0.5703690049484244
TERM,5017,5492,0,0.5703690049484244
TERM,5493,5796,0,0.5703690049484244
TERM,5797,5937,0,0.5703690049484244
TERM,5938,6158,0,0.5703690049484244
TERM,6159,6521,0,0.5703690049484244
TERM,6522,6717,0,0.5703690049484244
TERM,6718,6860,0,0.5703690049484244
TERM,6861,7200,0,0.5703690049484244
TERM,7201,7418,0,0.5703690049484244
TERM,7419,7809,0,0.5703690049484244
TERM,7810,8282,0,0.5703690049484244
TERM,8283,8569,0,0.5703690049484244
TERM,8570,8853,0,0.5703690049484244
TERM,8854,9159,0,0.5703690049484244
TERM,9160,9362,0,0.5703690049484244
TERM,9363,9575,0,0.5703690049484244
TERM,9576,9904,0,0.5703690049484244
TERM,9905,10327,0,0.5703690049484244
TERM,10328,10348,0,0.5703690049484244
TERM,10349,10662,0,0.5703690049484244
TERM,10663,11088,0,0.5703690049484244
TERM,11089,11254,0,0.5703690049484244
TERM,11255,11473,0,0.5703690049484244
TERM,11474,11635,0,0.5703690049484244
TERM,11636,12029,0,0.5703690049484244
TERM,12030,12041,0,0.5703690049484244
TERM,12042,12177,0,0.5703690049484244
TERM,12178,12391,0,0.5703690049484244
TERM,12392,12791,0,0.5703690049484244
TERM,12792,12975,0,0.5703690049484244
TERM,12976,13212,0,0.5703690049484244
TERM,13213,13476,0,0.5703690049484244
TERM,13477,13869,0,0.5703690049484244
