channel,start_time,stop_time,label,confidence
TERM,1,282,0,0.5159367644098967
TERM,283,576,0,0.5159367644098967
TERM,577,594,0,0.5159367644098967
TERM,595,768,0,0.5159367644098967
TERM,769,960,0,0.5159367644098967
TERM,961,1138,0,0.5159367644098967
TERM,1139,1601,0,0.5159367644098967
TERM,1602,1844,0,0.5159367644098967
TERM,1845,2156,0,0.5159367644098967
TERM,2157,2175,0,0.5159367644098967
TERM,2176,2186,0,0.5159367644098967
TERM,2187,2601,0,0.5159367644098967
TERM,2602,3067,0,0.5159367644098967
TERM,3068,3400,0,0.5159367644098967
TERM,3401,3845,0,0.5159367644098967
TERM,3846,4203,0,0.5159367644098967
TERM,4204,4391,0,0.5159367644098967
TERM,4392,4714,0,0.5159367644098967
TERM,4715,5004,0,0.5159367644098967
TERM,5005,5213,0,0.5159367644098967
TERM,5214,5705,0,0.5159367644098967
TERM,5706,5848,0,0.5159367644098967
TERM,5849,6247,0,0.5159367644098967
TERM,6248,6351,0,0.5159367644098967
TERM,6352,6827,0,0.5159367644098967
TERM,6828,7110,0,0.5159367644098967
TERM,7111,7282,0,0.5159367644098967
TERM,7283,7328,0,0.5159367644098967
TERM,7329,7393,0,0.5159367644098967
TERM,7394,7658,0,0.5159367644098967
TERM,7659,7742,0,0.5159367644098967
TERM,7743,7940,0,0.5159367644098967
TERM,7941,8182,0,0.5159367644098967
TERM,8183,8243,0,0.5159367644098967
TERM,8244,8438,0,0.5159367644098967
TERM,8439,8929,0,0.5159367644098967
TERM,8930,9336,0,0.5159367644098967
TERM,9337,9346,0,0.5159367644098967
TERM,9347,9723,0,0.5159367644098967
TERM,9724,10076,0,0.5159367644098967
TERM,10077,10224,0,0.5159367644098967
TERM,10225,10591,0,0.5159367644098967
TERM,10592,10796,0,0.5159367644098967
TERM,10797,10844,0,0.5159367644098967
TERM,10845,11151,0,0.5159367644098967
TERM,11152,11537,0,0.5159367644098967
TERM,11538,11828,0,0.5159367644098967
TERM,11829,12218,0,0.5159367644098967
