channel,start_time,stop_time,label,confidence
TERM,1,312,0,0.5639499299203476
TERM,313,794,0,0.5639499299203476
TERM,795,1196,0,0.5639499299203476
TERM,1197,1598,0,0.5639499299203476
TERM,1599,1738,0,0.5639499299203476
TERM,1739,2023,0,0.5639499299203476
TERM,2024,2072,0,0.5639499299203476
TERM,2073,2121,0,0.5639499299203476
TERM,2122,2410,0,0.5639499299203476
TERM,2411,2607,0,0.5639499299203476
TERM,2608,2802,0,0.5639499299203476
TERM,2803,3135,0,0.5639499299203476
TERM,3136,3466,0,0.5639499299203476
TERM,3467,3550,0,0.5639499299203476
TERM,3551,3718,0,0.5639499299203476
TERM,3719,3969,0,0.5639499299203476
TERM,3970,4198,0,0.5639499299203476
TERM,4199,4548,0,0.5639499299203476
TERM,4549,4647,0,0.5639499299203476
TERM,4648,4892,0,0.5639499299203476
TERM,4893,5054,0,0.5639499299203476
TERM,5055,5098,0,0.5639499299203476
TERM,5099,5435,0,0.5639499299203476
TERM,5436,5486,0,0.5639499299203476
TERM,5487,5948,0,0.5639499299203476
TERM,5949,6098,0,0.5639499299203476
TERM,6099,6385,0,0.5639499299203476
TERM,6386,6695,0,0.5639499299203476
TERM,6696,7191,0,0.5639499299203476
TERM,7192,7536,0,0.5639499299203476
TERM,7537,7774,0,0.5639499299203476
TERM,7775,8243,0,0.5639499299203476
TERM,8244,8560,0,0.5639499299203476
TERM,8561,8914,0,0.5639499299203476
TERM,8915,9261,0,0.5639499299203476
TERM,9262,9501,0,0.5639499299203476
TERM,9502,9819,0,0.5639499299203476
TERM,9820,10175,0,0.5639499299203476
TERM,10176,10561,0,0.5639499299203476
TERM,10562,10970,0,0.5639499299203476
TERM,10971,11061,0,0.5639499299203476
TERM,11062,11403,0,0.5639499299203476
