channel,start_time,stop_time,label,confidence
TERM,1,277,0,0.4964460460135291
TERM,278,731,0,0.4964460460135291
TERM,732,969,0,0.4964460460135291
TERM,970,1232,0,0.4964460460135291
TERM,1233,1307,0,0.4964460460135291
TERM,1308,1787,0,0.4964460460135291
TERM,1788,2143,0,0.4964460460135291
TERM,2144,2478,0,0.4964460460135291
TERM,2479,2733,0,0.4964460460135291
TERM,2734,2926,0,0.4964460460135291
TERM,2927,3228,0,0.4964460460135291
TERM,3229,3377,0,0.4964460460135291
TERM,3378,3452,0,0.4964460460135291
TERM,3453,3927,0,0.4964460460135291
TERM,3928,4427,0,0.4964460460135291
TERM,4428,4757,0,0.4964460460135291
TERM,4758,4872,0,0.4964460460135291
TERM,4873,5252,0,0.4964460460135291
TERM,5253,5605,0,0.4964460460135291
TERM,5606,5704,0,0.4964460460135291
TERM,5705,5842,0,0.4964460460135291
TERM,5843,6015,0,0.4964460460135291
TERM,6016,6045,0,0.4964460460135291
TERM,6046,6491,0,0.4964460460135291
TERM,6492,6655,0,0.4964460460135291
TERM,6656,6904,0,0.4964460460135291
TERM,6905,7368,0,0.4964460460135291
TERM,7369,7534,0,0.4964460460135291
TERM,7535,7679,0,0.4964460460135291
TERM,7680,7900,0,0.4964460460135291
TERM,7901,8219,0,0.4964460460135291
TERM,8220,8503,0,0.4964460460135291
TERM,8504,8976,0,0.4964460460135291
TERM,8977,9319,0,0.4964460460135291
TERM,9320,9580,0,0.4964460460135291
TERM,9581,10028,0,0.4964460460135291
TERM,10029,10098,0,0.4964460460135291
TERM,10099,10584,0,0.4964460460135291
TERM,10585,10893,0,0.4964460460135291
TERM,10894,10954,0,0.4964460460135291
TERM,10955,11115,0,0.4964460460135291
TERM,11116,11195,0,0.4964460460135291
TERM,11196,11487,0,0.4964460460135291
TERM,11488,11522,0,0.4964460460135291
TERM,11523,11740,0,0.4964460460135291
TERM,11741,11937,0,0.4964460460135291
TERM,11938,12092,0,0.4964460460135291
TERM,12093,12287,0,0.4964460460135291
TERM,12288,12541,0,0.4964460460135291
TERM,12542,12740,0,0.4964460460135291
TERM,12741,13164,0,0.4964460460135291
TERM,13165,13531,0,0.4964460460135291
TERM,13532,13748,0,0.4964460460135291
TERM,13749,14239,0,0.4964460460135291
TERM,14240,14677,0,0.4964460460135291
