channel,start_time,stop_time,label,confidence
TERM,1,117,0,0.6862600883032242
TERM,118,342,0,0.6862600883032242
TERM,343,826,0,0.6862600883032242
TERM,827,1190,0,0.6862600883032242
TERM,1191,1281,0,0.6862600883032242
TERM,1282,1688,0,0.6862600883032242
TERM,1689,2045,0,0.6862600883032242
TERM,2046,2195,0,0.6862600883032242
TERM,2196,2655,0,0.6862600883032242
TERM,2656,3148,0,0.6862600883032242
TERM,3149,3642,0,0.6862600883032242
TERM,3643,3858,0,0.6862600883032242
TERM,3859,4195,0,0.6862600883032242
TERM,4196,4579,0,0.6862600883032242
TERM,4580,4815,0,0.6862600883032242
TERM,4816,5243,0,0.6862600883032242
TERM,5244,5389,0,0.6862600883032242
TERM,5390,5661,0,0.6862600883032242
TERM,5662,6093,0,0.6862600883032242
TERM,6094,6582,0,0.6862600883032242
TERM,6583,6958,0,0.6862600883032242
TERM,6959,6990,0,0.6862600883032242
TERM,6991,7452,0,0.6862600883032242
TERM,7453,7747,0,0.6862600883032242
TERM,7748,7814,0,0.6862600883032242
TERM,7815,8161,0,0.6862600883032242
TERM,8162,8619,0,0.6862600883032242
TERM,8620,8933,0,0.6862600883032242
TERM,8934,8956,0,0.6862600883032242
TERM,8957,9001,0,0.6862600883032242
TERM,9002,9084,0,0.6862600883032242
TERM,9085,9103,0,0.6862600883032242
TERM,9104,9378,0,0.6862600883032242
TERM,9379,9754,0,0.6862600883032242
TERM,9755,9968,0,0.6862600883032242
TERM,9969,10322,0,0.6862600883032242
TERM,10323,10513,0,0.6862600883032242
TERM,10514,10772,0,0.6862600883032242
TERM,10773,10847,0,0.6862600883032242
TERM,10848,11289,0,0.6862600883032242
TERM,11290,11384,0,0.6862600883032242
TERM,11385,11828,0,0.6862600883032242
TERM,11829,12234,0,0.6862600883032242
TERM,12235,12586,0,0.6862600883032242
TERM,12587,12892,0,0.6862600883032242
TERM,12893,12953,0,0.6862600883032242
TERM,12954,13178,0,0.6862600883032242
TERM,13179,13194,0,0.6862600883032242
