channel,start_time,stop_time,label,confidence
TERM,1,262,0,0.6301636642180901
TERM,263,499,0,0.6301636642180901
TERM,500,625,0,0.6301636642180901
TERM,626,672,0,0.6301636642180901
TERM,673,1067,0,0.6301636642180901
TERM,1068,1175,0,0.6301636642180901
TERM,1176,1342,0,0.6301636642180901
TERM,1343,1776,0,0.6301636642180901
TERM,1777,2171,0,0.6301636642180901
TERM,2172,2265,0,0.6301636642180901
TERM,2266,2630,0,0.6301636642180901
TERM,2631,2917,0,0.6301636642180901
TERM,2918,3100,0,0.6301636642180901
TERM,3101,3403,0,0.6301636642180901
TERM,3404,3802,0,0.6301636642180901
TERM,3803,4299,0,0.6301636642180901
TERM,4300,4407,0,0.6301636642180901
TERM,4408,4429,0,0.6301636642180901
TERM,4430,4714,0,0.6301636642180901
TERM,4715,4828,0,0.6301636642180901
TERM,4829,5070,0,0.6301636642180901
TERM,5071,5171,0,0.6301636642180901
TERM,5172,5523,0,0.6301636642180901
TERM,5524,5615,0,0.6301636642180901
TERM,5616,5832,0,0.6301636642180901
TERM,5833,6317,0,0.6301636642180901
TERM,6318,6430,0,0.6301636642180901
TERM,6431,6552,0,0.6301636642180901
TERM,6553,6862,0,0.6301636642180901
TERM,6863,7332,0,0.6301636642180901
TERM,7333,7711,0,0.6301636642180901
TERM,7712,7930,0,0.6301636642180901
TERM,7931,8428,0,0.6301636642180901
TERM,8429,8818,0,0.6301636642180901
TERM,8819,8978,0,0.6301636642180901
TERM,8979,9030,0,0.6301636642180901
TERM,9031,9485,0,0.6301636642180901
TERM,9486,9791,0,0.6301636642180901
TERM,9792,10161,0,0.6301636642180901
TERM,10162,10535,0,0.6301636642180901
TERM,10536,10726,0,0.6301636642180901
TERM,10727,10807,0,0.6301636642180901
TERM,10808,10909,0,0.6301636642180901
TERM,10910,10988,0,0.6301636642180901
TERM,10989,11294,0,0.6301636642180901
