channel,start_time,stop_time,label,confidence
TERM,1,130,0,0.6714767932450205
TERM,131,284,0,0.6714767932450205
TERM,285,735,0,0.6714767932450205
TERM,736,1032,0,0.6714767932450205
TERM,1033,1047,0,0.6714767932450205
TERM,1048,1279,0,0.6714767932450205
TERM,1280,1377,0,0.6714767932450205
TERM,1378,1823,0,0.6714767932450205
TERM,1824,2213,0,0.6714767932450205
TERM,2214,2570,0,0.6714767932450205
TERM,2571,2814,0,0.6714767932450205
TERM,2815,2842,0,0.6714767932450205
TERM,2843,3092,0,0.6714767932450205
TERM,3093,3283,0,0.6714767932450205
