channel,start_time,stop_time,label,confidence
TERM,1,56,0,0.5349468778491298
TERM,57,258,0,0.5349468778491298
TERM,259,709,0,0.5349468778491298
TERM,710,836,0,0.5349468778491298
TERM,837,941,0,0.5349468778491298
TERM,942,1015,0,0.5349468778491298
TERM,1016,1192,0,0.5349468778491298
TERM,1193,1647,0,0.5349468778491298
TERM,1648,1827,0,0.5349468778491298
TERM,1828,1889,0,0.5349468778491298
TERM,1890,2307,0,0.5349468778491298
TERM,2308,2780,0,0.5349468778491298
TERM,2781,2877,0,0.5349468778491298
TERM,2878,3257,0,0.5349468778491298
TERM,3258,3634,0,0.5349468778491298
TERM,3635,3703,0,0.5349468778491298
TERM,3704,4020,0,0.5349468778491298
TERM,4021,4044,0,0.5349468778491298
TERM,4045,4105,0,0.5349468778491298
TERM,4106,4299,0,0.5349468778491298
TERM,4300,4718,0,0.5349468778491298
TERM,4719,4925,0,0.5349468778491298
TERM,4926,5116,0,0.5349468778491298
TERM,5117,5148,0,0.5349468778491298
TERM,5149,5330,0,0.5349468778491298
TERM,5331,5498,0,0.5349468778491298
TERM,5499,5700,0,0.5349468778491298
TERM,5701,6009,0,0.5349468778491298
TERM,6010,6028,0,0.5349468778491298
TERM,6029,6076,0,0.5349468778491298
TERM,6077,6496,0,0.5349468778491298
TERM,6497,6699,0,0.5349468778491298
TERM,6700,7101,0,0.5349468778491298
TERM,7102,7470,0,0.5349468778491298
TERM,7471,7759,0,0.5349468778491298
TERM,7760,8068,0,0.5349468778491298
TERM,8069,8307,0,0.5349468778491298
TERM,8308,8321,0,0.5349468778491298
TERM,8322,8732,0,0.5349468778491298
TERM,8733,9224,0,0.5349468778491298
TERM,9225,9513,0,0.5349468778491298
TERM,9514,9951,0,0.5349468778491298
TERM,9952,10312,0,0.5349468778491298
TERM,10313,10482,0,0.5349468778491298
TERM,10483,10533,0,0.5349468778491298
TERM,10534,10708,0,0.5349468778491298
TERM,10709,11025,0,0.5349468778491298
TERM,11026,11525,0,0.5349468778491298
TERM,11526,11983,0,0.5349468778491298
TERM,11984,12242,0,0.5349468778491298
TERM,12243,12347,0,0.5349468778491298
TERM,12348,12644,0,0.5349468778491298
TERM,12645,12889,0,0.5349468778491298
TERM,12890,13173,0,0.5349468778491298
TERM,13174,13282,0,0.5349468778491298
TERM,13283,13745,0,0.5349468778491298
TERM,13746,13854,0,0.5349468778491298
TERM,13855,14014,0,0.5349468778491298
TERM,14015,14461,0,0.5349468778491298
TERM,14462,14646,0,0.5349468778491298
