channel,start_time,stop_time,label,confidence
TERM,1,326,0,0.6075646488231821
TERM,327,768,0,0.6075646488231821
TERM,769,1083,0,0.6075646488231821
TERM,1084,1423,0,0.6075646488231821
TERM,1424,1499,0,0.6075646488231821
TERM,1500,1744,0,0.6075646488231821
TERM,1745,2063,0,0.6075646488231821
TERM,2064,2343,0,0.6075646488231821
TERM,2344,2613,0,0.6075646488231821
TERM,2614,2802,0,0.6075646488231821
TERM,2803,3140,0,0.6075646488231821
TERM,3141,3185,0,0.6075646488231821
TERM,3186,3612,0,0.6075646488231821
TERM,3613,3896,0,0.6075646488231821
TERM,3897,4085,0,0.6075646488231821
TERM,4086,4371,0,0.6075646488231821
TERM,4372,4512,0,0.6075646488231821
TERM,4513,4940,0,0.6075646488231821
TERM,4941,5300,0,0.6075646488231821
TERM,5301,5321,0,0.6075646488231821
TERM,5322,5409,0,0.6075646488231821
TERM,5410,5438,0,0.6075646488231821
TERM,5439,5793,0,0.6075646488231821
TERM,5794,5897,0,0.6075646488231821
TERM,5898,6174,0,0.6075646488231821
TERM,6175,6375,0,0.6075646488231821
TERM,6376,6678,0,0.6075646488231821
TERM,6679,7031,0,0.6075646488231821
TERM,7032,7214,0,0.6075646488231821
TERM,7215,7362,0,0.6075646488231821
TERM,7363,7850,0,0.6075646488231821
TERM,7851,7997,0,0.6075646488231821
TERM,7998,8116,0,0.6075646488231821
TERM,8117,8580,0,0.6075646488231821
TERM,8581,8652,0,0.6075646488231821
TERM,8653,8678,0,0.6075646488231821
TERM,8679,8728,0,0.6075646488231821
TERM,8729,9060,0,0.6075646488231821
TERM,9061,9234,0,0.6075646488231821
TERM,9235,9517,0,0.6075646488231821
TERM,9518,9753,0,0.6075646488231821
TERM,9754,10213,0,0.6075646488231821
TERM,10214,10664,0,0.6075646488231821
TERM,10665,10991,0,0.6075646488231821
TERM,10992,11413,0,0.6075646488231821
TERM,11414,11905,0,0.6075646488231821
TERM,11906,11948,0,0.6075646488231821
TERM,11949,12201,0,0.6075646488231821
TERM,12202,12552,0,0.6075646488231821
TERM,12553,12800,0,0.6075646488231821
TERM,12801,13079,0,0.6075646488231821
TERM,13080,13452,0,0.6075646488231821
TERM,13453,13825,0,0.6075646488231821
TERM,13826,13883,0,0.6075646488231821
TERM,13884,14334,0,0.6075646488231821
TERM,14335,14567,0,0.6075646488231821
TERM,14568,14717,0,0.6075646488231821
TERM,14718,14903,0,0.6075646488231821
TERM,14904,14980,0,0.6075646488231821
TERM,14981,15056,0,0.6075646488231821
TERM,15057,15096,0,0.6075646488231821
TERM,15097,15266,0,0.6075646488231821
TERM,15267,15509,0,0.6075646488231821
TERM,15510,16005,0,0.6075646488231821
TERM,16006,16418,0,0.6075646488231821
