channel,start_time,stop_time,label,confidence
TERM,1,328,0,0.5404528422699455
TERM,329,669,0,0.5404528422699455
TERM,670,1062,0,0.5404528422699455
TERM,1063,1333,0,0.5404528422699455
TERM,1334,1493,0,0.5404528422699455
TERM,1494,1875,0,0.5404528422699455
TERM,1876,2220,0,0.5404528422699455
TERM,2221,2338,0,0.5404528422699455
TERM,2339,2566,0,0.5404528422699455
TERM,2567,2839,0,0.5404528422699455
TERM,2840,3186,0,0.5404528422699455
TERM,3187,3683,0,0.5404528422699455
TERM,3684,3866,0,0.5404528422699455
TERM,3867,4362,0,0.5404528422699455
TERM,4363,4858,0,0.5404528422699455
TERM,4859,5174,0,0.5404528422699455
TERM,5175,5203,0,0.5404528422699455
TERM,5204,5685,0,0.5404528422699455
TERM,5686,5726,0,0.5404528422699455
TERM,5727,5856,0,0.5404528422699455
TERM,5857,5912,0,0.5404528422699455
TERM,5913,6200,0,0.5404528422699455
TERM,6201,6293,0,0.5404528422699455
TERM,6294,6789,0,0.5404528422699455
TERM,6790,6938,0,0.5404528422699455
TERM,6939,7408,0,0.5404528422699455
TERM,7409,7715,0,0.5404528422699455
TERM,7716,8173,0,0.5404528422699455
TERM,8174,8437,0,0.5404528422699455
TERM,8438,8912,0,0.5404528422699455
TERM,8913,9182,0,0.5404528422699455
TERM,9183,9662,0,0.5404528422699455
TERM,9663,9822,0,0.5404528422699455
TERM,9823,10009,0,0.5404528422699455
TERM,10010,10472,0,0.5404528422699455
TERM,10473,10781,0,0.5404528422699455
TERM,10782,10958,0,0.5404528422699455
TERM,10959,11104,0,0.5404528422699455
TERM,11105,11264,0,0.5404528422699455
TERM,11265,11301,0,0.5404528422699455
TERM,11302,11596,0,0.5404528422699455
TERM,11597,11883,0,0.5404528422699455
TERM,11884,12243,0,0.5404528422699455
TERM,12244,12667,0,0.5404528422699455
TERM,12668,12903,0,0.5404528422699455
TERM,12904,13127,0,0.5404528422699455
TERM,13128,13303,0,0.5404528422699455
TERM,13304,13444,0,0.5404528422699455
TERM,13445,13604,0,0.5404528422699455
TERM,13605,13876,0,0.5404528422699455
TERM,13877,14082,0,0.5404528422699455
TERM,14083,14305,0,0.5404528422699455
TERM,14306,14339,0,0.5404528422699455
TERM,14340,14632,0,0.5404528422699455
TERM,14633,14951,0,0.5404528422699455
TERM,14952,15172,0,0.5404528422699455
TERM,15173,15472,0,0.5404528422699455
TERM,15473,15903,0,0.5404528422699455
TERM,15904,16073,0,0.5404528422699455
TERM,16074,16354,0,0.5404528422699455
TERM,16355,16705,0,0.5404528422699455
TERM,16706,16954,0,0.5404528422699455
TERM,16955,17039,0,0.5404528422699455
TERM,17040,17462,0,0.5404528422699455
TERM,17463,17760,0,0.5404528422699455
TERM,17761,18151,0,0.5404528422699455
