channel,start_time,stop_time,label,confidence
TERM,1,114,0,0.5289779793137783
TERM,115,432,0,0.5289779793137783
TERM,433,609,0,0.5289779793137783
TERM,610,935,0,0.5289779793137783
TERM,936,982,0,0.5289779793137783
TERM,983,1464,0,0.5289779793137783
TERM,1465,1874,0,0.5289779793137783
TERM,1875,2274,0,0.5289779793137783
TERM,2275,2645,0,0.5289779793137783
TERM,2646,2816,0,0.5289779793137783
TERM,2817,3023,0,0.5289779793137783
TERM,3024,3092,0,0.5289779793137783
TERM,3093,3291,0,0.5289779793137783
TERM,3292,3312,0,0.5289779793137783
TERM,3313,3419,0,0.5289779793137783
TERM,3420,3853,0,0.5289779793137783
TERM,3854,4089,0,0.5289779793137783
TERM,4090,4273,0,0.5289779793137783
TERM,4274,4551,0,0.5289779793137783
TERM,4552,4575,0,0.5289779793137783
TERM,4576,5065,0,0.5289779793137783
TERM,5066,5112,0,0.5289779793137783
TERM,5113,5184,0,0.5289779793137783
TERM,5185,5393,0,0.5289779793137783
TERM,5394,5550,0,0.5289779793137783
TERM,5551,5680,0,0.5289779793137783
TERM,5681,5922,0,0.5289779793137783
TERM,5923,5960,0,0.5289779793137783
TERM,5961,6334,0,0.5289779793137783
TERM,6335,6730,0,0.5289779793137783
TERM,6731,6800,0,0.5289779793137783
TERM,6801,7165,0,0.5289779793137783
TERM,7166,7377,0,0.5289779793137783
TERM,7378,7853,0,0.5289779793137783
TERM,7854,8279,0,0.5289779793137783
TERM,8280,8637,0,0.5289779793137783
TERM,8638,8723,0,0.5289779793137783
TERM,8724,9162,0,0.5289779793137783
TERM,9163,9642,0,0.5289779793137783
TERM,9643,9805,0,0.5289779793137783
TERM,9806,9921,0,0.5289779793137783
TERM,9922,10142,0,0.5289779793137783
TERM,10143,10292,0,0.5289779793137783
TERM,10293,10343,0,0.5289779793137783
TERM,10344,10400,0,0.5289779793137783
TERM,10401,10771,0,0.5289779793137783
TERM,10772,11059,0,0.5289779793137783
TERM,11060,11553,0,0.5289779793137783
TERM,11554,11661,0,0.5289779793137783
TERM,11662,12046,0,0.5289779793137783
TERM,12047,12289,0,0.5289779793137783
TERM,12290,12654,0,0.5289779793137783
TERM,12655,13081,0,0.5289779793137783
TERM,13082,13145,0,0.5289779793137783
TERM,13146,13250,0,0.5289779793137783
