channel,start_time,stop_time,label,confidence
TERM,1,160,0,0.6310448701894218
TERM,161,436,0,0.6310448701894218
TERM,437,804,0,0.6310448701894218
TERM,805,877,0,0.6310448701894218
TERM,878,1009,0,0.6310448701894218
TERM,1010,1160,0,0.6310448701894218
TERM,1161,1415,0,0.6310448701894218
TERM,1416,1638,0,0.6310448701894218
TERM,1639,1923,0,0.6310448701894218
TERM,1924,2137,0,0.6310448701894218
TERM,2138,2363,0,0.6310448701894218
TERM,2364,2383,0,0.6310448701894218
TERM,2384,2572,0,0.6310448701894218
TERM,2573,2881,0,0.6310448701894218
TERM,2882,2988,0,0.6310448701894218
TERM,2989,3400,0,0.6310448701894218
TERM,3401,3482,0,0.6310448701894218
TERM,3483,3771,0,0.6310448701894218
TERM,3772,4253,0,0.6310448701894218
TERM,4254,4273,0,0.6310448701894218
TERM,4274,4329,0,0.6310448701894218
TERM,4330,4553,0,0.6310448701894218
TERM,4554,4686,0,0.6310448701894218
TERM,4687,5142,0,0.6310448701894218
TERM,5143,5617,0,0.6310448701894218
TERM,5618,5978,0,0.6310448701894218
TERM,5979,6341,0,0.6310448701894218
TERM,6342,6725,0,0.6310448701894218
TERM,6726,6762,0,0.6310448701894218
TERM,6763,6985,0,0.6310448701894218
TERM,6986,7238,0,0.6310448701894218
TERM,7239,7672,0,0.6310448701894218
TERM,7673,7780,0,0.6310448701894218
TERM,7781,8006,0,0.6310448701894218
TERM,8007,8207,0,0.6310448701894218
TERM,8208,8652,0,0.6310448701894218
TERM,8653,8876,0,0.6310448701894218
TERM,8877,9024,0,0.6310448701894218
TERM,9025,9225,0,0.6310448701894218
TERM,9226,9640,0,0.6310448701894218
TERM,9641,9944,0,0.6310448701894218
TERM,9945,10015,0,0.6310448701894218
