channel,start_time,stop_time,label,confidence
TERM,1,128,0,0.5531924481781084
TERM,129,468,0,0.5531924481781084
TERM,469,493,0,0.5531924481781084
TERM,494,802,0,0.5531924481781084
TERM,803,1168,0,0.5531924481781084
TERM,1169,1225,0,0.5531924481781084
TERM,1226,1485,0,0.5531924481781084
TERM,1486,1768,0,0.5531924481781084
TERM,1769,2227,0,0.5531924481781084
TERM,2228,2591,0,0.5531924481781084
TERM,2592,2874,0,0.5531924481781084
TERM,2875,3075,0,0.5531924481781084
TERM,3076,3513,0,0.5531924481781084
TERM,3514,3741,0,0.5531924481781084
TERM,3742,4069,0,0.5531924481781084
TERM,4070,4353,0,0.5531924481781084
TERM,4354,4559,0,0.5531924481781084
TERM,4560,4910,0,0.5531924481781084
TERM,4911,5129,0,0.5531924481781084
TERM,5130,5365,0,0.5531924481781084
TERM,5366,5794,0,0.5531924481781084
TERM,5795,6119,0,0.5531924481781084
TERM,6120,6253,0,0.5531924481781084
TERM,6254,6310,0,0.5531924481781084
TERM,6311,6640,0,0.5531924481781084
TERM,6641,7018,0,0.5531924481781084
TERM,7019,7095,0,0.5531924481781084
TERM,7096,7595,0,0.5531924481781084
TERM,7596,7959,0,0.5531924481781084
TERM,7960,7977,0,0.5531924481781084
TERM,7978,8389,0,0.5531924481781084
TERM,8390,8621,0,0.5531924481781084
TERM,8622,8911,0,0.5531924481781084
TERM,8912,9373,0,0.5531924481781084
TERM,9374,9437,0,0.5531924481781084
TERM,9438,9934,0,0.5531924481781084
TERM,9935,10328,0,0.5531924481781084
TERM,10329,10590,0,0.5531924481781084
TERM,10591,10733,0,0.5531924481781084
