channel,start_time,stop_time,label,confidence
TERM,1,342,0,0.4892281715969058
TERM,343,674,0,0.4892281715969058
TERM,675,1069,0,0.4892281715969058
TERM,1070,1490,0,0.4892281715969058
TERM,1491,1815,0,0.4892281715969058
TERM,1816,2204,0,0.4892281715969058
TERM,2205,2579,0,0.4892281715969058
TERM,2580,3015,0,0.4892281715969058
TERM,3016,3170,0,0.4892281715969058
TERM,3171,3190,0,0.4892281715969058
TERM,3191,3296,0,0.4892281715969058
TERM,3297,3387,0,0.4892281715969058
TERM,3388,3712,0,0.4892281715969058
TERM,3713,4170,0,0.4892281715969058
