channel,start_time,stop_time,label,confidence
TERM,1,256,0,0.7021258408860294
TERM,257,555,0,0.7021258408860294
TERM,556,743,0,0.7021258408860294
TERM,744,1219,0,0.7021258408860294
TERM,1220,1676,0,0.7021258408860294
TERM,1677,2124,0,0.7021258408860294
TERM,2125,2599,0,0.7021258408860294
TERM,2600,2980,0,0.7021258408860294
TERM,2981,3466,0,0.7021258408860294
TERM,3467,3550,0,0.7021258408860294
TERM,3551,3760,0,0.7021258408860294
TERM,3761,3914,0,0.7021258408860294
TERM,3915,4012,0,0.7021258408860294
TERM,4013,4287,0,0.7021258408860294
TERM,4288,4471,0,0.7021258408860294
TERM,4472,4825,0,0.7021258408860294
TERM,4826,5231,0,0.7021258408860294
TERM,5232,5333,0,0.7021258408860294
TERM,5334,5635,0,0.7021258408860294
TERM,5636,5793,0,0.7021258408860294
TERM,5794,5976,0,0.7021258408860294
TERM,5977,6440,0,0.7021258408860294
TERM,6441,6565,0,0.7021258408860294
TERM,6566,7050,0,0.7021258408860294
TERM,7051,7335,0,0.7021258408860294
TERM,7336,7417,0,0.7021258408860294
TERM,7418,7858,0,0.7021258408860294
TERM,7859,8260,0,0.7021258408860294
TERM,8261,8397,0,0.7021258408860294
TERM,8398,8484,0,0.7021258408860294
TERM,8485,8594,0,0.7021258408860294
TERM,8595,8671,0,0.7021258408860294
TERM,8672,8720,0,0.7021258408860294
TERM,8721,8989,0,0.7021258408860294
TERM,8990,9044,0,0.7021258408860294
TERM,9045,9148,0,0.7021258408860294
TERM,9149,9232,0,0.7021258408860294
TERM,9233,9508,0,0.7021258408860294
TERM,9509,9827,0,0.7021258408860294
TERM,9828,9975,0,0.7021258408860294
TERM,9976,10013,0,0.7021258408860294
TERM,10014,10122,0,0.7021258408860294
TERM,10123,10455,0,0.7021258408860294
TERM,10456,10900,0,0.7021258408860294
TERM,10901,10974,0,0.7021258408860294
TERM,10975,11330,0,0.7021258408860294
TERM,11331,11732,0,0.7021258408860294
TERM,11733,12224,0,0.7021258408860294
