channel,start_time,stop_time,label,confidence
TERM,1,96,0,0.6474756365476657
TERM,97,313,0,0.6474756365476657
TERM,314,748,0,0.6474756365476657
TERM,749,912,0,0.6474756365476657
TERM,913,1367,0,0.6474756365476657
TERM,1368,1638,0,0.6474756365476657
TERM,1639,1778,0,0.6474756365476657
TERM,1779,2190,0,0.6474756365476657
TERM,2191,2413,0,0.6474756365476657
TERM,2414,2430,0,0.6474756365476657
TERM,2431,2831,0,0.6474756365476657
TERM,2832,2948,0,0.6474756365476657
TERM,2949,3147,0,0.6474756365476657
TERM,3148,3331,0,0.6474756365476657
TERM,3332,3664,0,0.6474756365476657
TERM,3665,3818,0,0.6474756365476657
TERM,3819,3875,0,0.6474756365476657
TERM,3876,4131,0,0.6474756365476657
TERM,4132,4287,0,0.6474756365476657
TERM,4288,4347,0,0.6474756365476657
TERM,4348,4537,0,0.6474756365476657
TERM,4538,5003,0,0.6474756365476657
