channel,start_time,stop_time,label,confidence
TERM,1,115,0,0.6491863979426729
TERM,116,297,0,0.6491863979426729
TERM,298,429,0,0.6491863979426729
TERM,430,820,0,0.6491863979426729
TERM,821,1137,0,0.6491863979426729
TERM,1138,1595,0,0.6491863979426729
TERM,1596,1732,0,0.6491863979426729
TERM,1733,1763,0,0.6491863979426729
TERM,1764,2072,0,0.6491863979426729
TERM,2073,2397,0,0.6491863979426729
TERM,2398,2615,0,0.6491863979426729
TERM,2616,2719,0,0.6491863979426729
TERM,2720,3085,0,0.6491863979426729
TERM,3086,3405,0,0.6491863979426729
TERM,3406,3528,0,0.6491863979426729
TERM,3529,3625,0,0.6491863979426729
TERM,3626,3733,0,0.6491863979426729
TERM,3734,4077,0,0.6491863979426729
TERM,4078,4403,0,0.6491863979426729
TERM,4404,4546,0,0.6491863979426729
TERM,4547,4892,0,0.6491863979426729
TERM,4893,4930,0,0.6491863979426729
TERM,4931,5210,0,0.6491863979426729
TERM,5211,5463,0,0.6491863979426729
TERM,5464,5701,0,0.6491863979426729
TERM,5702,5880,0,0.6491863979426729
TERM,5881,5904,0,0.6491863979426729
TERM,5905,6139,0,0.6491863979426729
