channel,start_time,stop_time,label,confidence
TERM,1,39,0,0.6371393374821142
TERM,40,416,0,0.6371393374821142
TERM,417,444,0,0.6371393374821142
TERM,445,510,0,0.6371393374821142
TERM,511,736,0,0.6371393374821142
TERM,737,986,0,0.6371393374821142
TERM,987,1084,0,0.6371393374821142
TERM,1085,1484,0,0.6371393374821142
TERM,1485,1889,0,0.6371393374821142
TERM,1890,2389,0,0.6371393374821142
TERM,2390,2460,0,0.6371393374821142
TERM,2461,2900,0,0.6371393374821142
TERM,2901,3009,0,0.6371393374821142
TERM,3010,3379,0,0.6371393374821142
TERM,3380,3515,0,0.6371393374821142
TERM,3516,3808,0,0.6371393374821142
TERM,3809,4219,0,0.6371393374821142
TERM,4220,4440,0,0.6371393374821142
TERM,4441,4905,0,0.6371393374821142
TERM,4906,5112,0,0.6371393374821142
TERM,5113,5525,0,0.6371393374821142
TERM,5526,5659,0,0.6371393374821142
TERM,5660,5960,0,0.6371393374821142
TERM,5961,6027,0,0.6371393374821142
TERM,6028,6219,0,0.6371393374821142
TERM,6220,6302,0,0.6371393374821142
TERM,6303,6338,0,0.6371393374821142
TERM,6339,6664,0,0.6371393374821142
