channel,start_time,stop_time,label,confidence
TERM,1,337,0,0.8190056390198789
TERM,338,416,0,0.8190056390198789
TERM,417,573,0,0.8190056390198789
TERM,574,946,0,0.8190056390198789
TERM,947,1387,0,0.8190056390198789
TERM,1388,1612,0,0.8190056390198789
TERM,1613,1656,0,0.8190056390198789
TERM,1657,1761,0,0.8190056390198789
TERM,1762,2107,0,0.8190056390198789
TERM,2108,2449,0,0.8190056390198789
TERM,2450,2461,0,0.8190056390198789
TERM,2462,2888,0,0.8190056390198789
TERM,2889,2974,0,0.8190056390198789
TERM,2975,3459,0,0.8190056390198789
TERM,3460,3814,0,0.8190056390198789
TERM,3815,4228,0,0.8190056390198789
TERM,4229,4566,0,0.8190056390198789
TERM,4567,4658,0,0.8190056390198789
TERM,4659,4980,0,0.8190056390198789
TERM,4981,5480,0,0.8190056390198789
TERM,5481,5601,0,0.8190056390198789
TERM,5602,5613,0,0.8190056390198789
TERM,5614,6070,0,0.8190056390198789
TERM,6071,6232,0,0.8190056390198789
TERM,6233,6663,0,0.8190056390198789
TERM,6664,7110,0,0.8190056390198789
TERM,7111,7545,0,0.8190056390198789
TERM,7546,7941,0,0.8190056390198789
TERM,7942,8309,0,0.8190056390198789
TERM,8310,8334,0,0.8190056390198789
