channel,start_time,stop_time,label,confidence
TERM,1,344,0,0.6053679278100689
TERM,345,489,0,0.6053679278100689
TERM,490,672,0,0.6053679278100689
TERM,673,1083,0,0.6053679278100689
TERM,1084,1200,0,0.6053679278100689
TERM,1201,1342,0,0.6053679278100689
TERM,1343,1404,0,0.6053679278100689
TERM,1405,1653,0,0.6053679278100689
TERM,1654,1881,0,0.6053679278100689
TERM,1882,2092,0,0.6053679278100689
TERM,2093,2140,0,0.6053679278100689
TERM,2141,2249,0,0.6053679278100689
TERM,2250,2595,0,0.6053679278100689
TERM,2596,2996,0,0.6053679278100689
TERM,2997,3057,0,0.6053679278100689
TERM,3058,3149,0,0.6053679278100689
TERM,3150,3253,0,0.6053679278100689
TERM,3254,3400,0,0.6053679278100689
TERM,3401,3880,0,0.6053679278100689
TERM,3881,4115,0,0.6053679278100689
TERM,4116,4321,0,0.6053679278100689
TERM,4322,4699,0,0.6053679278100689
TERM,4700,4868,0,0.6053679278100689
TERM,4869,4879,0,0.6053679278100689
TERM,4880,5145,0,0.6053679278100689
TERM,5146,5458,0,0.6053679278100689
