channel,start_time,stop_time,label,confidence
TERM,1,311,0,0.5249819223472161
TERM,312,451,0,0.5249819223472161
TERM,452,639,0,0.5249819223472161
TERM,640,735,0,0.5249819223472161
TERM,736,1066,0,0.5249819223472161
TERM,1067,1082,0,0.5249819223472161
TERM,1083,1383,0,0.5249819223472161
TERM,1384,1650,0,0.5249819223472161
TERM,1651,1662,0,0.5249819223472161
TERM,1663,1770,0,0.5249819223472161
TERM,1771,2195,0,0.5249819223472161
TERM,2196,2450,0,0.5249819223472161
TERM,2451,2562,0,0.5249819223472161
TERM,2563,2988,0,0.5249819223472161
TERM,2989,3388,0,0.5249819223472161
TERM,3389,3624,0,0.5249819223472161
TERM,3625,3997,0,0.5249819223472161
TERM,3998,4113,0,0.5249819223472161
TERM,4114,4480,0,0.5249819223472161
TERM,4481,4873,0,0.5249819223472161
TERM,4874,5262,0,0.5249819223472161
TERM,5263,5623,0,0.5249819223472161
TERM,5624,5802,0,0.5249819223472161
TERM,5803,6071,0,0.5249819223472161
TERM,6072,6220,0,0.5249819223472161
TERM,6221,6648,0,0.5249819223472161
TERM,6649,7010,0,0.5249819223472161
TERM,7011,7160,0,0.5249819223472161
TERM,7161,7551,0,0.5249819223472161
TERM,7552,7695,0,0.5249819223472161
TERM,7696,7883,0,0.5249819223472161
TERM,7884,8206,0,0.5249819223472161
TERM,8207,8409,0,0.5249819223472161
TERM,8410,8512,0,0.5249819223472161
TERM,8513,8797,0,0.5249819223472161
TERM,8798,8875,0,0.5249819223472161
TERM,8876,9046,0,0.5249819223472161
TERM,9047,9244,0,0.5249819223472161
TERM,9245,9281,0,0.5249819223472161
TERM,9282,9422,0,0.5249819223472161
TERM,9423,9477,0,0.5249819223472161
TERM,9478,9508,0,0.5249819223472161
TERM,9509,9777,0,0.5249819223472161
TERM,9778,10258,0,0.5249819223472161
TERM,10259,10415,0,0.5249819223472161
TERM,10416,10568,0,0.5249819223472161
TERM,10569,11052,0,0.5249819223472161
TERM,11053,11465,0,0.5249819223472161
TERM,11466,11476,0,0.5249819223472161
TERM,11477,11888,0,0.5249819223472161
TERM,11889,12241,0,0.5249819223472161
TERM,12242,12419,0,0.5249819223472161
TERM,12420,12877,0,0.5249819223472161
TERM,12878,13223,0,0.5249819223472161
TERM,13224,13694,0,0.5249819223472161
TERM,13695,13893,0,0.5249819223472161
TERM,13894,13993,0,0.5249819223472161
TERM,13994,14479,0,0.5249819223472161
TERM,14480,14887,0,0.5249819223472161
TERM,14888,15094,0,0.5249819223472161
TERM,15095,15568,0,0.5249819223472161
TERM,15569,15863,0,0.5249819223472161
TERM,15864,16230,0,0.5249819223472161
TERM,16231,16722,0,0.5249819223472161
TERM,16723,17182,0,0.5249819223472161
TERM,17183,17224,0,0.5249819223472161
