channel,start_time,stop_time,label,confidence
TERM,1,66,0,0.5462107321488143
TERM,67,91,0,0.5462107321488143
TERM,92,223,0,0.5462107321488143
TERM,224,448,0,0.5462107321488143
TERM,449,599,0,0.5462107321488143
TERM,600,785,0,0.5462107321488143
TERM,786,1076,0,0.5462107321488143
TERM,1077,1342,0,0.5462107321488143
TERM,1343,1548,0,0.5462107321488143
TERM,1549,1665,0,0.5462107321488143
TERM,1666,2008,0,0.5462107321488143
TERM,2009,2044,0,0.5462107321488143
TERM,2045,2318,0,0.5462107321488143
TERM,2319,2694,0,0.5462107321488143
TERM,2695,2940,0,0.5462107321488143
TERM,2941,3313,0,0.5462107321488143
TERM,3314,3549,0,0.5462107321488143
TERM,3550,3697,0,0.5462107321488143
TERM,3698,4053,0,0.5462107321488143
TERM,4054,4432,0,0.5462107321488143
TERM,4433,4586,0,0.5462107321488143
TERM,4587,4994,0,0.5462107321488143
TERM,4995,5051,0,0.5462107321488143
TERM,5052,5373,0,0.5462107321488143
TERM,5374,5807,0,0.5462107321488143
TERM,5808,6195,0,0.5462107321488143
TERM,6196,6265,0,0.5462107321488143
TERM,6266,6540,0,0.5462107321488143
TERM,6541,6785,0,0.5462107321488143
TERM,6786,7066,0,0.5462107321488143
TERM,7067,7364,0,0.5462107321488143
TERM,7365,7409,0,0.5462107321488143
TERM,7410,7577,0,0.5462107321488143
TERM,7578,7785,0,0.5462107321488143
TERM,7786,7899,0,0.5462107321488143
TERM,7900,7990,0,0.5462107321488143
TERM,7991,8388,0,0.5462107321488143
TERM,8389,8408,0,0.5462107321488143
TERM,8409,8814,0,0.5462107321488143
TERM,8815,9189,0,0.5462107321488143
TERM,9190,9426,0,0.5462107321488143
TERM,9427,9586,0,0.5462107321488143
