channel,start_time,stop_time,label,confidence
TERM,1,342,0,0.5872032687430826
TERM,343,429,0,0.5872032687430826
TERM,430,445,0,0.5872032687430826
TERM,446,918,0,0.5872032687430826
TERM,919,1284,0,0.5872032687430826
TERM,1285,1621,0,0.5872032687430826
TERM,1622,1914,0,0.5872032687430826
TERM,1915,2217,0,0.5872032687430826
TERM,2218,2683,0,0.5872032687430826
TERM,2684,2831,0,0.5872032687430826
TERM,2832,3073,0,0.5872032687430826
TERM,3074,3491,0,0.5872032687430826
TERM,3492,3731,0,0.5872032687430826
TERM,3732,3839,0,0.5872032687430826
TERM,3840,4014,0,0.5872032687430826
TERM,4015,4182,0,0.5872032687430826
TERM,4183,4257,0,0.5872032687430826
TERM,4258,4746,0,0.5872032687430826
TERM,4747,5069,0,0.5872032687430826
TERM,5070,5376,0,0.5872032687430826
TERM,5377,5577,0,0.5872032687430826
TERM,5578,5899,0,0.5872032687430826
TERM,5900,6083,0,0.5872032687430826
TERM,6084,6583,0,0.5872032687430826
TERM,6584,6815,0,0.5872032687430826
TERM,6816,6934,0,0.5872032687430826
TERM,6935,7104,0,0.5872032687430826
TERM,7105,7151,0,0.5872032687430826
TERM,7152,7227,0,0.5872032687430826
TERM,7228,7659,0,0.5872032687430826
TERM,7660,8082,0,0.5872032687430826
TERM,8083,8523,0,0.5872032687430826
TERM,8524,8751,0,0.5872032687430826
TERM,8752,9104,0,0.5872032687430826
TERM,9105,9123,0,0.5872032687430826
TERM,9124,9271,0,0.5872032687430826
TERM,9272,9345,0,0.5872032687430826
TERM,9346,9450,0,0.5872032687430826
TERM,9451,9741,0,0.5872032687430826
TERM,9742,10112,0,0.5872032687430826
TERM,10113,10280,0,0.5872032687430826
TERM,10281,10627,0,0.5872032687430826
TERM,10628,10755,0,0.5872032687430826
TERM,10756,10784,0,0.5872032687430826
TERM,10785,11199,0,0.5872032687430826
