channel,start_time,stop_time,label,confidence
TERM,1,414,0,0.82088890711248
TERM,415,550,0,0.82088890711248
TERM,551,576,0,0.82088890711248
TERM,577,586,0,0.82088890711248
TERM,587,922,0,0.82088890711248
TERM,923,1409,0,0.82088890711248
TERM,1410,1475,0,0.82088890711248
TERM,1476,1817,0,0.82088890711248
TERM,1818,2063,0,0.82088890711248
TERM,2064,2089,0,0.82088890711248
TERM,2090,2160,0,0.82088890711248
TERM,2161,2616,0,0.82088890711248
TERM,2617,3012,0,0.82088890711248
TERM,3013,3022,0,0.82088890711248
TERM,3023,3356,0,0.82088890711248
TERM,3357,3853,0,0.82088890711248
