channel,start_time,stop_time,label,confidence
TERM,1,147,0,0.5038816227136043
TERM,148,157,0,0.5038816227136043
TERM,158,269,0,0.5038816227136043
TERM,270,660,0,0.5038816227136043
TERM,661,712,0,0.5038816227136043
TERM,713,764,0,0.5038816227136043
TERM,765,1097,0,0.5038816227136043
TERM,1098,1122,0,0.5038816227136043
TERM,1123,1280,0,0.5038816227136043
TERM,1281,1442,0,0.5038816227136043
TERM,1443,1463,0,0.5038816227136043
TERM,1464,1750,0,0.5038816227136043
TERM,1751,1922,0,0.5038816227136043
TERM,1923,2095,0,0.5038816227136043
TERM,2096,2370,0,0.5038816227136043
TERM,2371,2819,0,0.5038816227136043
TERM,2820,2912,0,0.5038816227136043
TERM,2913,3046,0,0.5038816227136043
TERM,3047,3444,0,0.5038816227136043
TERM,3445,3664,0,0.5038816227136043
TERM,3665,3683,0,0.5038816227136043
TERM,3684,4133,0,0.5038816227136043
TERM,4134,4482,0,0.5038816227136043
TERM,4483,4710,0,0.5038816227136043
TERM,4711,4908,0,0.5038816227136043
TERM,4909,5229,0,0.5038816227136043
TERM,5230,5336,0,0.5038816227136043
TERM,5337,5384,0,0.5038816227136043
TERM,5385,5879,0,0.5038816227136043
TERM,5880,6021,0,0.5038816227136043
TERM,6022,6076,0,0.5038816227136043
TERM,6077,6119,0,0.5038816227136043
TERM,6120,6355,0,0.5038816227136043
TERM,6356,6369,0,0.5038816227136043
TERM,6370,6655,0,0.5038816227136043
TERM,6656,6744,0,0.5038816227136043
TERM,6745,7019,0,0.5038816227136043
TERM,7020,7153,0,0.5038816227136043
TERM,7154,7472,0,0.5038816227136043
TERM,7473,7914,0,0.5038816227136043
TERM,7915,8405,0,0.5038816227136043
TERM,8406,8879,0,0.5038816227136043
TERM,8880,8896,0,0.5038816227136043
TERM,8897,9083,0,0.5038816227136043
TERM,9084,9236,0,0.5038816227136043
