channel,start_time,stop_time,label,confidence
TERM,1,107,0,0.4571017857243832
TERM,108,599,0,0.4571017857243832
TERM,600,1072,0,0.4571017857243832
TERM,1073,1197,0,0.4571017857243832
TERM,1198,1469,0,0.4571017857243832
TERM,1470,1814,0,0.4571017857243832
TERM,1815,2158,0,0.4571017857243832
TERM,2159,2180,0,0.4571017857243832
TERM,2181,2361,0,0.4571017857243832
TERM,2362,2508,0,0.4571017857243832
TERM,2509,2579,0,0.4571017857243832
TERM,2580,2870,0,0.4571017857243832
TERM,2871,3368,0,0.4571017857243832
TERM,3369,3567,0,0.4571017857243832
TERM,3568,4047,0,0.4571017857243832
TERM,4048,4468,0,0.4571017857243832
TERM,4469,4899,0,0.4571017857243832
TERM,4900,5034,0,0.4571017857243832
TERM,5035,5192,0,0.4571017857243832
TERM,5193,5429,0,0.4571017857243832
TERM,5430,5716,0,0.4571017857243832
TERM,5717,6116,0,0.4571017857243832
TERM,6117,6226,0,0.4571017857243832
TERM,6227,6305,0,0.4571017857243832
TERM,6306,6727,0,0.4571017857243832
TERM,6728,6819,0,0.4571017857243832
TERM,6820,7255,0,0.4571017857243832
TERM,7256,7614,0,0.4571017857243832
TERM,7615,7848,0,0.4571017857243832
TERM,7849,7978,0,0.4571017857243832
TERM,7979,8019,0,0.4571017857243832
TERM,8020,8263,0,0.4571017857243832
TERM,8264,8593,0,0.4571017857243832
TERM,8594,8624,0,0.4571017857243832
TERM,8625,9082,0,0.4571017857243832
TERM,9083,9150,0,0.4571017857243832
TERM,9151,9238,0,0.4571017857243832
TERM,9239,9600,0,0.4571017857243832
TERM,9601,9906,0,0.4571017857243832
TERM,9907,9967,0,0.4571017857243832
TERM,9968,10060,0,0.4571017857243832
TERM,10061,10234,0,0.4571017857243832
