channel,start_time,stop_time,label,confidence
TERM,1,203,0,0.8065486819942081
TERM,204,619,0,0.8065486819942081
TERM,620,951,0,0.8065486819942081
TERM,952,1290,0,0.8065486819942081
TERM,1291,1461,0,0.8065486819942081
TERM,1462,1700,0,0.8065486819942081
TERM,1701,2196,0,0.8065486819942081
TERM,2197,2679,0,0.8065486819942081
TERM,2680,2795,0,0.8065486819942081
TERM,2796,3124,0,0.8065486819942081
TERM,3125,3217,0,0.8065486819942081
TERM,3218,3368,0,0.8065486819942081
TERM,3369,3738,0,0.8065486819942081
TERM,3739,4071,0,0.8065486819942081
TERM,4072,4221,0,0.8065486819942081
TERM,4222,4344,0,0.8065486819942081
