channel,start_time,stop_time,label,confidence
TERM,1,125,0,0.584116495557283
TERM,126,450,0,0.584116495557283
TERM,451,753,0,0.584116495557283
TERM,754,1084,0,0.584116495557283
TERM,1085,1507,0,0.584116495557283
TERM,1508,1525,0,0.584116495557283
TERM,1526,1913,0,0.584116495557283
TERM,1914,2313,0,0.584116495557283
TERM,2314,2737,0,0.584116495557283
TERM,2738,3225,0,0.584116495557283
TERM,3226,3601,0,0.584116495557283
TERM,3602,4075,0,0.584116495557283
TERM,4076,4432,0,0.584116495557283
TERM,4433,4790,0,0.584116495557283
TERM,4791,5282,0,0.584116495557283
TERM,5283,5337,0,0.584116495557283
TERM,5338,5497,0,0.584116495557283
TERM,5498,5712,0,0.584116495557283
TERM,5713,6105,0,0.584116495557283
TERM,6106,6527,0,0.584116495557283
TERM,6528,6544,0,0.584116495557283
TERM,6545,6680,0,0.584116495557283
TERM,6681,6918,0,0.584116495557283
TERM,6919,6950,0,0.584116495557283
TERM,6951,7387,0,0.584116495557283
TERM,7388,7467,0,0.584116495557283
TERM,7468,7795,0,0.584116495557283
TERM,7796,8168,0,0.584116495557283
TERM,8169,8486,0,0.584116495557283
TERM,8487,8859,0,0.584116495557283
TERM,8860,9078,0,0.584116495557283
TERM,9079,9296,0,0.584116495557283
TERM,9297,9688,0,0.584116495557283
