channel,start_time,stop_time,label,confidence
TERM,1,358,0,0.4322393769062591
TERM,359,758,0,0.4322393769062591
TERM,759,1231,0,0.4322393769062591
TERM,1232,1647,0,0.4322393769062591
TERM,1648,1840,0,0.4322393769062591
TERM,1841,2204,0,0.4322393769062591
TERM,2205,2361,0,0.4322393769062591
TERM,2362,2743,0,0.4322393769062591
TERM,2744,2867,0,0.4322393769062591
TERM,2868,2910,0,0.4322393769062591
TERM,2911,3383,0,0.4322393769062591
TERM,3384,3666,0,0.4322393769062591
TERM,3667,3905,0,0.4322393769062591
TERM,3906,3938,0,0.4322393769062591
TERM,3939,4214,0,0.4322393769062591
TERM,4215,4291,0,0.4322393769062591
TERM,4292,4547,0,0.4322393769062591
TERM,4548,4582,0,0.4322393769062591
TERM,4583,4946,0,0.4322393769062591
TERM,4947,5364,0,0.4322393769062591
TERM,5365,5794,0,0.4322393769062591
TERM,5795,5968,0,0.4322393769062591
