channel,start_time,stop_time,label,confidence
TERM,1,43,0,0.8340902657730476
TERM,44,202,0,0.8340902657730476
TERM,203,510,0,0.8340902657730476
TERM,511,684,0,0.8340902657730476
TERM,685,803,0,0.8340902657730476
TERM,804,1113,0,0.8340902657730476
TERM,1114,1255,0,0.8340902657730476
TERM,1256,1725,0,0.8340902657730476
TERM,1726,1956,0,0.8340902657730476
TERM,1957,2029,0,0.8340902657730476
TERM,2030,2426,0,0.8340902657730476
TERM,2427,2909,0,0.8340902657730476
TERM,2910,3339,0,0.8340902657730476
TERM,3340,3622,0,0.8340902657730476
TERM,3623,3680,0,0.8340902657730476
TERM,3681,3780,0,0.8340902657730476
TERM,3781,3877,0,0.8340902657730476
TERM,3878,3940,0,0.8340902657730476
TERM,3941,3981,0,0.8340902657730476
TERM,3982,4164,0,0.8340902657730476
TERM,4165,4235,0,0.8340902657730476
TERM,4236,4578,0,0.8340902657730476
TERM,4579,5049,0,0.8340902657730476
TERM,5050,5347,0,0.8340902657730476
TERM,5348,5551,0,0.8340902657730476
TERM,5552,6018,0,0.8340902657730476
TERM,6019,6303,0,0.8340902657730476
TERM,6304,6320,0,0.8340902657730476
TERM,6321,6355,0,0.8340902657730476
TERM,6356,6816,0,0.8340902657730476
TERM,6817,6896,0,0.8340902657730476
TERM,6897,7095,0,0.8340902657730476
