channel,start_time,stop_time,label,confidence
TERM,1,402,0,0.5669508028241389
TERM,403,509,0,0.5669508028241389
TERM,510,545,0,0.5669508028241389
TERM,546,771,0,0.5669508028241389
TERM,772,1255,0,0.5669508028241389
TERM,1256,1437,0,0.5669508028241389
TERM,1438,1655,0,0.5669508028241389
TERM,1656,1987,0,0.5669508028241389
TERM,1988,2228,0,0.5669508028241389
TERM,2229,2243,0,0.5669508028241389
TERM,2244,2571,0,0.5669508028241389
TERM,2572,2945,0,0.5669508028241389
TERM,2946,3367,0,0.5669508028241389
TERM,3368,3850,0,0.5669508028241389
TERM,3851,3983,0,0.5669508028241389
TERM,3984,4081,0,0.5669508028241389
TERM,4082,4534,0,0.5669508028241389
TERM,4535,4729,0,0.5669508028241389
TERM,4730,4996,0,0.5669508028241389
TERM,4997,5362,0,0.5669508028241389
TERM,5363,5812,0,0.5669508028241389
TERM,5813,6011,0,0.5669508028241389
TERM,6012,6298,0,0.5669508028241389
TERM,6299,6485,0,0.5669508028241389
TERM,6486,6700,0,0.5669508028241389
TERM,6701,6922,0,0.5669508028241389
TERM,6923,7242,0,0.5669508028241389
TERM,7243,7676,0,0.5669508028241389
TERM,7677,8096,0,0.5669508028241389
TERM,8097,8517,0,0.5669508028241389
TERM,8518,8677,0,0.5669508028241389
TERM,8678,9101,0,0.5669508028241389
TERM,9102,9264,0,0.5669508028241389
TERM,9265,9399,0,0.5669508028241389
TERM,9400,9587,0,0.5669508028241389
TERM,9588,9963,0,0.5669508028241389
TERM,9964,10096,0,0.5669508028241389
TERM,10097,10450,0,0.5669508028241389
TERM,10451,10862,0,0.5669508028241389
TERM,10863,11277,0,0.5669508028241389
TERM,11278,11493,0,0.5669508028241389
TERM,11494,11546,0,0.5669508028241389
