channel,start_time,stop_time,label,confidence
TERM,1,13,0,0.5686908629527845
TERM,14,155,0,0.5686908629527845
TERM,156,309,0,0.5686908629527845
TERM,310,512,0,0.5686908629527845
TERM,513,1003,0,0.5686908629527845
TERM,1004,1341,0,0.5686908629527845
TERM,1342,1568,0,0.5686908629527845
TERM,1569,1636,0,0.5686908629527845
TERM,1637,1752,0,0.5686908629527845
TERM,1753,2121,0,0.5686908629527845
TERM,2122,2501,0,0.5686908629527845
TERM,2502,2582,0,0.5686908629527845
TERM,2583,2601,0,0.5686908629527845
TERM,2602,2965,0,0.5686908629527845
TERM,2966,3456,0,0.5686908629527845
TERM,3457,3858,0,0.5686908629527845
TERM,3859,4209,0,0.5686908629527845
TERM,4210,4315,0,0.5686908629527845
TERM,4316,4571,0,0.5686908629527845
TERM,4572,4682,0,0.5686908629527845
TERM,4683,5101,0,0.5686908629527845
TERM,5102,5326,0,0.5686908629527845
TERM,5327,5768,0,0.5686908629527845
TERM,5769,5987,0,0.5686908629527845
TERM,5988,6027,0,0.5686908629527845
TERM,6028,6191,0,0.5686908629527845
TERM,6192,6596,0,0.5686908629527845
TERM,6597,6853,0,0.5686908629527845
TERM,6854,6975,0,0.5686908629527845
TERM,6976,7429,0,0.5686908629527845
TERM,7430,7490,0,0.5686908629527845
TERM,7491,7897,0,0.5686908629527845
TERM,7898,8000,0,0.5686908629527845
TERM,8001,8141,0,0.5686908629527845
TERM,8142,8514,0,0.5686908629527845
TERM,8515,8608,0,0.5686908629527845
TERM,8609,8836,0,0.5686908629527845
TERM,8837,9214,0,0.5686908629527845
TERM,9215,9420,0,0.5686908629527845
TERM,9421,9728,0,0.5686908629527845
TERM,9729,10038,0,0.5686908629527845
TERM,10039,10215,0,0.5686908629527845
TERM,10216,10508,0,0.5686908629527845
TERM,10509,10776,0,0.5686908629527845
TERM,10777,11253,0,0.5686908629527845
TERM,11254,11596,0,0.5686908629527845
TERM,11597,12046,0,0.5686908629527845
TERM,12047,12391,0,0.5686908629527845
TERM,12392,12682,0,0.5686908629527845
TERM,12683,13167,0,0.5686908629527845
TERM,13168,13209,0,0.5686908629527845
TERM,13210,13311,0,0.5686908629527845
TERM,13312,13757,0,0.5686908629527845
TERM,13758,14070,0,0.5686908629527845
TERM,14071,14269,0,0.5686908629527845
