channel,start_time,stop_time,label,confidence
TERM,1,51,0,0.612092953996562
TERM,52,371,0,0.612092953996562
TERM,372,856,0,0.612092953996562
TERM,857,1078,0,0.612092953996562
TERM,1079,1354,0,0.612092953996562
TERM,1355,1524,0,0.612092953996562
TERM,1525,1579,0,0.612092953996562
TERM,1580,2015,0,0.612092953996562
TERM,2016,2458,0,0.612092953996562
TERM,2459,2717,0,0.612092953996562
TERM,2718,3142,0,0.612092953996562
