channel,start_time,stop_time,label,confidence
TERM,1,164,0,0.5130364229584858
TERM,165,175,0,0.5130364229584858
TERM,176,454,0,0.5130364229584858
TERM,455,914,0,0.5130364229584858
TERM,915,1197,0,0.5130364229584858
TERM,1198,1235,0,0.5130364229584858
TERM,1236,1425,0,0.5130364229584858
TERM,1426,1882,0,0.5130364229584858
TERM,1883,1981,0,0.5130364229584858
TERM,1982,2079,0,0.5130364229584858
TERM,2080,2337,0,0.5130364229584858
TERM,2338,2587,0,0.5130364229584858
TERM,2588,2867,0,0.5130364229584858
TERM,2868,3191,0,0.5130364229584858
TERM,3192,3581,0,0.5130364229584858
TERM,3582,3681,0,0.5130364229584858
TERM,3682,3873,0,0.5130364229584858
TERM,3874,4094,0,0.5130364229584858
TERM,4095,4247,0,0.5130364229584858
TERM,4248,4720,0,0.5130364229584858
TERM,4721,4871,0,0.5130364229584858
TERM,4872,5213,0,0.5130364229584858
TERM,5214,5667,0,0.5130364229584858
TERM,5668,5915,0,0.5130364229584858
TERM,5916,5959,0,0.5130364229584858
TERM,5960,6374,0,0.5130364229584858
TERM,6375,6505,0,0.5130364229584858
TERM,6506,6550,0,0.5130364229584858
TERM,6551,6710,0,0.5130364229584858
TERM,6711,6750,0,0.5130364229584858
TERM,6751,6808,0,0.5130364229584858
TERM,6809,6966,0,0.5130364229584858
TERM,6967,7236,0,0.5130364229584858
TERM,7237,7369,0,0.5130364229584858
TERM,7370,7855,0,0.5130364229584858
TERM,7856,8339,0,0.5130364229584858
TERM,8340,8807,0,0.5130364229584858
TERM,8808,9301,0,0.5130364229584858
TERM,9302,9332,0,0.5130364229584858
TERM,9333,9370,0,0.5130364229584858
TERM,9371,9491,0,0.5130364229584858
TERM,9492,9754,0,0.5130364229584858
TERM,9755,9982,0,0.5130364229584858
TERM,9983,10295,0,0.5130364229584858
TERM,10296,10652,0,0.5130364229584858
TERM,10653,10748,0,0.5130364229584858
TERM,10749,11121,0,0.5130364229584858
TERM,11122,11620,0,0.5130364229584858
TERM,11621,11910,0,0.5130364229584858
TERM,11911,12098,0,0.5130364229584858
TERM,12099,12310,0,0.5130364229584858
TERM,12311,12627,0,0.5130364229584858
TERM,12628,13019,0,0.5130364229584858
TERM,13020,13395,0,0.5130364229584858
TERM,13396,13431,0,0.5130364229584858
