channel,start_time,stop_time,label,confidence
TERM,1,26,0,0.5364600477533403
TERM,27,173,0,0.5364600477533403
TERM,174,225,0,0.5364600477533403
TERM,226,498,0,0.5364600477533403
TERM,499,824,0,0.5364600477533403
TERM,825,1210,0,0.5364600477533403
TERM,1211,1627,0,0.5364600477533403
TERM,1628,2115,0,0.5364600477533403
TERM,2116,2273,0,0.5364600477533403
TERM,2274,2356,0,0.5364600477533403
TERM,2357,2843,0,0.5364600477533403
TERM,2844,2883,0,0.5364600477533403
TERM,2884,3221,0,0.5364600477533403
TERM,3222,3353,0,0.5364600477533403
TERM,3354,3493,0,0.5364600477533403
TERM,3494,3904,0,0.5364600477533403
TERM,3905,4393,0,0.5364600477533403
TERM,4394,4544,0,0.5364600477533403
TERM,4545,4886,0,0.5364600477533403
TERM,4887,5088,0,0.5364600477533403
TERM,5089,5277,0,0.5364600477533403
TERM,5278,5765,0,0.5364600477533403
TERM,5766,5815,0,0.5364600477533403
TERM,5816,6072,0,0.5364600477533403
TERM,6073,6314,0,0.5364600477533403
TERM,6315,6498,0,0.5364600477533403
TERM,6499,6779,0,0.5364600477533403
TERM,6780,7180,0,0.5364600477533403
TERM,7181,7208,0,0.5364600477533403
TERM,7209,7489,0,0.5364600477533403
TERM,7490,7727,0,0.5364600477533403
TERM,7728,8038,0,0.5364600477533403
TERM,8039,8139,0,0.5364600477533403
TERM,8140,8354,0,0.5364600477533403
TERM,8355,8745,0,0.5364600477533403
TERM,8746,9124,0,0.5364600477533403
TERM,9125,9477,0,0.5364600477533403
TERM,9478,9622,0,0.5364600477533403
TERM,9623,9739,0,0.5364600477533403
TERM,9740,9894,0,0.5364600477533403
TERM,9895,10162,0,0.5364600477533403
TERM,10163,10515,0,0.5364600477533403
TERM,10516,10955,0,0.5364600477533403
TERM,10956,11375,0,0.5364600477533403
TERM,11376,11447,0,0.5364600477533403
TERM,11448,11661,0,0.5364600477533403
TERM,11662,11991,0,0.5364600477533403
TERM,11992,12440,0,0.5364600477533403
TERM,12441,12751,0,0.5364600477533403
TERM,12752,13009,0,0.5364600477533403
TERM,13010,13175,0,0.5364600477533403
TERM,13176,13556,0,0.5364600477533403
TERM,13557,13605,0,0.5364600477533403
TERM,13606,13671,0,0.5364600477533403
TERM,13672,13843,0,0.5364600477533403
TERM,13844,14202,0,0.5364600477533403
TERM,14203,14362,0,0.5364600477533403
TERM,14363,14826,0,0.5364600477533403
TERM,14827,15314,0,0.5364600477533403
TERM,15315,15798,0,0.5364600477533403
TERM,15799,15979,0,0.5364600477533403
TERM,15980,16118,0,0.5364600477533403
TERM,16119,16501,0,0.5364600477533403
TERM,16502,16896,0,0.5364600477533403
TERM,16897,17120,0,0.5364600477533403
TERM,17121,17342,0,0.5364600477533403
