channel,start_time,stop_time,label,confidence
TERM,1,254,0,0.4869159236522714
TERM,255,373,0,0.4869159236522714
TERM,374,805,0,0.4869159236522714
TERM,806,855,0,0.4869159236522714
TERM,856,1001,0,0.4869159236522714
TERM,1002,1102,0,0.4869159236522714
TERM,1103,1348,0,0.4869159236522714
TERM,1349,1490,0,0.4869159236522714
TERM,1491,1970,0,0.4869159236522714
TERM,1971,2071,0,0.4869159236522714
TERM,2072,2249,0,0.4869159236522714
TERM,2250,2512,0,0.4869159236522714
TERM,2513,2849,0,0.4869159236522714
TERM,2850,3288,0,0.4869159236522714
TERM,3289,3454,0,0.4869159236522714
TERM,3455,3911,0,0.4869159236522714
TERM,3912,4242,0,0.4869159236522714
TERM,4243,4517,0,0.4869159236522714
TERM,4518,4695,0,0.4869159236522714
TERM,4696,4953,0,0.4869159236522714
TERM,4954,5240,0,0.4869159236522714
TERM,5241,5382,0,0.4869159236522714
TERM,5383,5808,0,0.4869159236522714
TERM,5809,6007,0,0.4869159236522714
TERM,6008,6053,0,0.4869159236522714
TERM,6054,6238,0,0.4869159236522714
TERM,6239,6701,0,0.4869159236522714
TERM,6702,7197,0,0.4869159236522714
TERM,7198,7358,0,0.4869159236522714
TERM,7359,7415,0,0.4869159236522714
TERM,7416,7582,0,0.4869159236522714
TERM,7583,7920,0,0.4869159236522714
TERM,7921,7960,0,0.4869159236522714
TERM,7961,8406,0,0.4869159236522714
TERM,8407,8881,0,0.4869159236522714
TERM,8882,9150,0,0.4869159236522714
