channel,start_time,stop_time,label,confidence
TERM,1,312,0,0.5564381489789927
TERM,313,373,0,0.5564381489789927
TERM,374,426,0,0.5564381489789927
TERM,427,595,0,0.5564381489789927
TERM,596,762,0,0.5564381489789927
TERM,763,1024,0,0.5564381489789927
TERM,1025,1278,0,0.5564381489789927
TERM,1279,1472,0,0.5564381489789927
TERM,1473,1625,0,0.5564381489789927
TERM,1626,1696,0,0.5564381489789927
TERM,1697,1958,0,0.5564381489789927
TERM,1959,2174,0,0.5564381489789927
TERM,2175,2547,0,0.5564381489789927
TERM,2548,2943,0,0.5564381489789927
TERM,2944,3322,0,0.5564381489789927
TERM,3323,3558,0,0.5564381489789927
TERM,3559,3890,0,0.5564381489789927
TERM,3891,3958,0,0.5564381489789927
TERM,3959,4291,0,0.5564381489789927
TERM,4292,4501,0,0.5564381489789927
TERM,4502,4987,0,0.5564381489789927
TERM,4988,5282,0,0.5564381489789927
TERM,5283,5297,0,0.5564381489789927
TERM,5298,5315,0,0.5564381489789927
TERM,5316,5518,0,0.5564381489789927
TERM,5519,5658,0,0.5564381489789927
TERM,5659,5756,0,0.5564381489789927
TERM,5757,5770,0,0.5564381489789927
TERM,5771,5837,0,0.5564381489789927
TERM,5838,6199,0,0.5564381489789927
TERM,6200,6545,0,0.5564381489789927
TERM,6546,6904,0,0.5564381489789927
TERM,6905,7018,0,0.5564381489789927
TERM,7019,7068,0,0.5564381489789927
TERM,7069,7349,0,0.5564381489789927
TERM,7350,7751,0,0.5564381489789927
TERM,7752,7793,0,0.5564381489789927
TERM,7794,8277,0,0.5564381489789927
TERM,8278,8585,0,0.5564381489789927
