channel,start_time,stop_time,label,confidence
TERM,1,263,0,0.6288548516242117
TERM,264,757,0,0.6288548516242117
TERM,758,923,0,0.6288548516242117
TERM,924,1381,0,0.6288548516242117
TERM,1382,1840,0,0.6288548516242117
TERM,1841,2018,0,0.6288548516242117
TERM,2019,2389,0,0.6288548516242117
TERM,2390,2488,0,0.6288548516242117
TERM,2489,2786,0,0.6288548516242117
TERM,2787,3240,0,0.6288548516242117
TERM,3241,3386,0,0.6288548516242117
TERM,3387,3723,0,0.6288548516242117
TERM,3724,4196,0,0.6288548516242117
TERM,4197,4656,0,0.6288548516242117
TERM,4657,4797,0,0.6288548516242117
TERM,4798,4825,0,0.6288548516242117
TERM,4826,4902,0,0.6288548516242117
TERM,4903,5308,0,0.6288548516242117
TERM,5309,5511,0,0.6288548516242117
TERM,5512,5780,0,0.6288548516242117
TERM,5781,6083,0,0.6288548516242117
TERM,6084,6201,0,0.6288548516242117
TERM,6202,6600,0,0.6288548516242117
TERM,6601,6896,0,0.6288548516242117
TERM,6897,7372,0,0.6288548516242117
TERM,7373,7688,0,0.6288548516242117
TERM,7689,8167,0,0.6288548516242117
TERM,8168,8537,0,0.6288548516242117
TERM,8538,8950,0,0.6288548516242117
TERM,8951,9104,0,0.6288548516242117
TERM,9105,9342,0,0.6288548516242117
TERM,9343,9758,0,0.6288548516242117
TERM,9759,9982,0,0.6288548516242117
TERM,9983,10362,0,0.6288548516242117
TERM,10363,10779,0,0.6288548516242117
TERM,10780,11002,0,0.6288548516242117
TERM,11003,11352,0,0.6288548516242117
TERM,11353,11450,0,0.6288548516242117
TERM,11451,11843,0,0.6288548516242117
TERM,11844,12266,0,0.6288548516242117
TERM,12267,12641,0,0.6288548516242117
TERM,12642,12821,0,0.6288548516242117
TERM,12822,13280,0,0.6288548516242117
TERM,13281,13464,0,0.6288548516242117
TERM,13465,13963,0,0.6288548516242117
TERM,13964,14156,0,0.6288548516242117
TERM,14157,14173,0,0.6288548516242117
TERM,14174,14469,0,0.6288548516242117
TERM,14470,14693,0,0.6288548516242117
TERM,14694,15137,0,0.6288548516242117
TERM,15138,15508,0,0.6288548516242117
TERM,15509,15637,0,0.6288548516242117
TERM,15638,15701,0,0.6288548516242117
TERM,15702,16088,0,0.6288548516242117
TERM,16089,16549,0,0.6288548516242117
TERM,16550,16849,0,0.6288548516242117
TERM,16850,16888,0,0.6288548516242117
TERM,16889,17179,0,0.6288548516242117
TERM,17180,17603,0,0.6288548516242117
TERM,17604,17922,0,0.6288548516242117
