channel,start_time,stop_time,label,confidence
TERM,1,475,0,0.6363109146995911
TERM,476,745,0,0.6363109146995911
TERM,746,1130,0,0.6363109146995911
TERM,1131,1510,0,0.6363109146995911
TERM,1511,1659,0,0.6363109146995911
TERM,1660,1833,0,0.6363109146995911
TERM,1834,2014,0,0.6363109146995911
TERM,2015,2327,0,0.6363109146995911
TERM,2328,2604,0,0.6363109146995911
TERM,2605,2805,0,0.6363109146995911
TERM,2806,3299,0,0.6363109146995911
TERM,3300,3382,0,0.6363109146995911
