channel,start_time,stop_time,label,confidence
TERM,1,249,0,0.5621822379014495
TERM,250,601,0,0.5621822379014495
TERM,602,791,0,0.5621822379014495
TERM,792,1061,0,0.5621822379014495
TERM,1062,1104,0,0.5621822379014495
TERM,1105,1305,0,0.5621822379014495
TERM,1306,1631,0,0.5621822379014495
TERM,1632,1748,0,0.5621822379014495
TERM,1749,1798,0,0.5621822379014495
TERM,1799,2259,0,0.5621822379014495
TERM,2260,2314,0,0.5621822379014495
TERM,2315,2379,0,0.5621822379014495
TERM,2380,2675,0,0.5621822379014495
TERM,2676,2789,0,0.5621822379014495
TERM,2790,2981,0,0.5621822379014495
TERM,2982,3210,0,0.5621822379014495
TERM,3211,3692,0,0.5621822379014495
TERM,3693,3805,0,0.5621822379014495
TERM,3806,4262,0,0.5621822379014495
TERM,4263,4285,0,0.5621822379014495
TERM,4286,4545,0,0.5621822379014495
TERM,4546,4733,0,0.5621822379014495
