channel,start_time,stop_time,label,confidence
TERM,1,302,0,0.5410775973188198
TERM,303,767,0,0.5410775973188198
TERM,768,790,0,0.5410775973188198
TERM,791,1012,0,0.5410775973188198
TERM,1013,1106,0,0.5410775973188198
TERM,1107,1469,0,0.5410775973188198
TERM,1470,1835,0,0.5410775973188198
TERM,1836,2243,0,0.5410775973188198
TERM,2244,2387,0,0.5410775973188198
TERM,2388,2504,0,0.5410775973188198
TERM,2505,2919,0,0.5410775973188198
TERM,2920,3397,0,0.5410775973188198
TERM,3398,3746,0,0.5410775973188198
TERM,3747,4061,0,0.5410775973188198
