channel,start_time,stop_time,label,confidence
TERM,1,104,0,0.6572358148701889
TERM,105,233,0,0.6572358148701889
TERM,234,611,0,0.6572358148701889
TERM,612,1045,0,0.6572358148701889
TERM,1046,1303,0,0.6572358148701889
TERM,1304,1723,0,0.6572358148701889
TERM,1724,2171,0,0.6572358148701889
TERM,2172,2282,0,0.6572358148701889
TERM,2283,2318,0,0.6572358148701889
TERM,2319,2399,0,0.6572358148701889
TERM,2400,2512,0,0.6572358148701889
TERM,2513,2932,0,0.6572358148701889
TERM,2933,3019,0,0.6572358148701889
TERM,3020,3195,0,0.6572358148701889
TERM,3196,3476,0,0.6572358148701889
TERM,3477,3621,0,0.6572358148701889
TERM,3622,3910,0,0.6572358148701889
TERM,3911,4305,0,0.6572358148701889
TERM,4306,4367,0,0.6572358148701889
TERM,4368,4648,0,0.6572358148701889
TERM,4649,4965,0,0.6572358148701889
TERM,4966,5268,0,0.6572358148701889
TERM,5269,5573,0,0.6572358148701889
TERM,5574,5887,0,0.6572358148701889
TERM,5888,6175,0,0.6572358148701889
TERM,6176,6197,0,0.6572358148701889
TERM,6198,6375,0,0.6572358148701889
TERM,6376,6592,0,0.6572358148701889
TERM,6593,6769,0,0.6572358148701889
TERM,6770,6841,0,0.6572358148701889
TERM,6842,7000,0,0.6572358148701889
TERM,7001,7075,0,0.6572358148701889
TERM,7076,7423,0,0.6572358148701889
TERM,7424,7856,0,0.6572358148701889
TERM,7857,7969,0,0.6572358148701889
TERM,7970,8461,0,0.6572358148701889
TERM,8462,8518,0,0.6572358148701889
TERM,8519,8764,0,0.6572358148701889
TERM,8765,9251,0,0.6572358148701889
TERM,9252,9495,0,0.6572358148701889
TERM,9496,9877,0,0.6572358148701889
TERM,9878,10114,0,0.6572358148701889
