channel,start_time,stop_time,label,confidence
TERM,1,120,0,0.609869633601072
TERM,121,434,0,0.609869633601072
TERM,435,735,0,0.609869633601072
TERM,736,1184,0,0.609869633601072
TERM,1185,1528,0,0.609869633601072
TERM,1529,1596,0,0.609869633601072
TERM,1597,1647,0,0.609869633601072
TERM,1648,2038,0,0.609869633601072
TERM,2039,2358,0,0.609869633601072
TERM,2359,2715,0,0.609869633601072
TERM,2716,2948,0,0.609869633601072
TERM,2949,3284,0,0.609869633601072
TERM,3285,3503,0,0.609869633601072
TERM,3504,3766,0,0.609869633601072
TERM,3767,4022,0,0.609869633601072
TERM,4023,4416,0,0.609869633601072
TERM,4417,4466,0,0.609869633601072
TERM,4467,4933,0,0.609869633601072
TERM,4934,5248,0,0.609869633601072
TERM,5249,5710,0,0.609869633601072
TERM,5711,5918,0,0.609869633601072
TERM,5919,5997,0,0.609869633601072
TERM,5998,6198,0,0.609869633601072
TERM,6199,6366,0,0.609869633601072
TERM,6367,6413,0,0.609869633601072
TERM,6414,6480,0,0.609869633601072
TERM,6481,6972,0,0.609869633601072
TERM,6973,7282,0,0.609869633601072
TERM,7283,7747,0,0.609869633601072
TERM,7748,8011,0,0.609869633601072
TERM,8012,8409,0,0.609869633601072
TERM,8410,8631,0,0.609869633601072
TERM,8632,8905,0,0.609869633601072
TERM,8906,8962,0,0.609869633601072
TERM,8963,9067,0,0.609869633601072
TERM,9068,9556,0,0.609869633601072
TERM,9557,9829,0,0.609869633601072
TERM,9830,10164,0,0.609869633601072
TERM,10165,10489,0,0.609869633601072
TERM,10490,10834,0,0.609869633601072
TERM,10835,10946,0,0.609869633601072
TERM,10947,11093,0,0.609869633601072
TERM,11094,11514,0,0.609869633601072
TERM,11515,11702,0,0.609869633601072
TERM,11703,12181,0,0.609869633601072
TERM,12182,12479,0,0.609869633601072
TERM,12480,12688,0,0.609869633601072
TERM,12689,12876,0,0.609869633601072
TERM,12877,13226,0,0.609869633601072
TERM,13227,13605,0,0.609869633601072
TERM,13606,13734,0,0.609869633601072
TERM,13735,14008,0,0.609869633601072
TERM,14009,14316,0,0.609869633601072
TERM,14317,14576,0,0.609869633601072
TERM,14577,15015,0,0.609869633601072
TERM,15016,15217,0,0.609869633601072
TERM,15218,15370,0,0.609869633601072
TERM,15371,15702,0,0.609869633601072
TERM,15703,15787,0,0.609869633601072
TERM,15788,15944,0,0.609869633601072
TERM,15945,16381,0,0.609869633601072
TERM,16382,16483,0,0.609869633601072
TERM,16484,16765,0,0.609869633601072
TERM,16766,16828,0,0.609869633601072
