channel,start_time,stop_time,label,confidence
TERM,1,262,0,0.6040811248137674
TERM,263,676,0,0.6040811248137674
TERM,677,840,0,0.6040811248137674
TERM,841,1212,0,0.6040811248137674
TERM,1213,1356,0,0.6040811248137674
TERM,1357,1459,0,0.6040811248137674
TERM,1460,1780,0,0.6040811248137674
TERM,1781,1867,0,0.6040811248137674
TERM,1868,2183,0,0.6040811248137674
TERM,2184,2403,0,0.6040811248137674
TERM,2404,2859,0,0.6040811248137674
TERM,2860,3146,0,0.6040811248137674
TERM,3147,3227,0,0.6040811248137674
TERM,3228,3368,0,0.6040811248137674
TERM,3369,3783,0,0.6040811248137674
TERM,3784,3933,0,0.6040811248137674
TERM,3934,4348,0,0.6040811248137674
TERM,4349,4788,0,0.6040811248137674
TERM,4789,4868,0,0.6040811248137674
TERM,4869,5176,0,0.6040811248137674
TERM,5177,5191,0,0.6040811248137674
TERM,5192,5624,0,0.6040811248137674
TERM,5625,5663,0,0.6040811248137674
TERM,5664,5904,0,0.6040811248137674
TERM,5905,6316,0,0.6040811248137674
TERM,6317,6604,0,0.6040811248137674
TERM,6605,6902,0,0.6040811248137674
TERM,6903,6926,0,0.6040811248137674
TERM,6927,7107,0,0.6040811248137674
TERM,7108,7450,0,0.6040811248137674
TERM,7451,7632,0,0.6040811248137674
TERM,7633,8103,0,0.6040811248137674
TERM,8104,8301,0,0.6040811248137674
TERM,8302,8551,0,0.6040811248137674
TERM,8552,8696,0,0.6040811248137674
TERM,8697,9083,0,0.6040811248137674
TERM,9084,9396,0,0.6040811248137674
TERM,9397,9629,0,0.6040811248137674
TERM,9630,9778,0,0.6040811248137674
TERM,9779,10156,0,0.6040811248137674
TERM,10157,10265,0,0.6040811248137674
TERM,10266,10714,0,0.6040811248137674
