channel,start_time,stop_time,label,confidence
TERM,1,403,0,0.4778263529371416
TERM,404,624,0,0.4778263529371416
TERM,625,779,0,0.4778263529371416
TERM,780,977,0,0.4778263529371416
TERM,978,1066,0,0.4778263529371416
TERM,1067,1163,0,0.4778263529371416
TERM,1164,1308,0,0.4778263529371416
TERM,1309,1349,0,0.4778263529371416
TERM,1350,1832,0,0.4778263529371416
TERM,1833,1927,0,0.4778263529371416
TERM,1928,2413,0,0.4778263529371416
TERM,2414,2505,0,0.4778263529371416
TERM,2506,2533,0,0.4778263529371416
TERM,2534,2559,0,0.4778263529371416
TERM,2560,3054,0,0.4778263529371416
TERM,3055,3322,0,0.4778263529371416
TERM,3323,3730,0,0.4778263529371416
TERM,3731,3986,0,0.4778263529371416
TERM,3987,4096,0,0.4778263529371416
TERM,4097,4253,0,0.4778263529371416
TERM,4254,4416,0,0.4778263529371416
TERM,4417,4642,0,0.4778263529371416
TERM,4643,4787,0,0.4778263529371416
TERM,4788,4810,0,0.4778263529371416
TERM,4811,5019,0,0.4778263529371416
TERM,5020,5371,0,0.4778263529371416
TERM,5372,5451,0,0.4778263529371416
TERM,5452,5931,0,0.4778263529371416
TERM,5932,6413,0,0.4778263529371416
TERM,6414,6644,0,0.4778263529371416
TERM,6645,7000,0,0.4778263529371416
TERM,7001,7385,0,0.4778263529371416
TERM,7386,7880,0,0.4778263529371416
TERM,7881,7921,0,0.4778263529371416
TERM,7922,8154,0,0.4778263529371416
TERM,8155,8477,0,0.4778263529371416
TERM,8478,8790,0,0.4778263529371416
TERM,8791,9010,0,0.4778263529371416
TERM,9011,9210,0,0.4778263529371416
TERM,9211,9261,0,0.4778263529371416
TERM,9262,9639,0,0.4778263529371416
TERM,9640,10041,0,0.4778263529371416
TERM,10042,10355,0,0.4778263529371416
TERM,10356,10622,0,0.4778263529371416
TERM,10623,10995,0,0.4778263529371416
TERM,10996,11371,0,0.4778263529371416
TERM,11372,11845,0,0.4778263529371416
TERM,11846,11910,0,0.4778263529371416
