channel,start_time,stop_time,label,confidence
TERM,1,18,0,0.8322573724648386
TERM,19,317,0,0.8322573724648386
TERM,318,416,0,0.8322573724648386
TERM,417,449,0,0.8322573724648386
TERM,450,783,0,0.8322573724648386
TERM,784,1008,0,0.8322573724648386
TERM,1009,1270,0,0.8322573724648386
TERM,1271,1401,0,0.8322573724648386
TERM,1402,1482,0,0.8322573724648386
TERM,1483,1566,0,0.8322573724648386
TERM,1567,1748,0,0.8322573724648386
