channel,start_time,stop_time,label,confidence
TERM,1,212,0,0.522720809033695
TERM,213,272,0,0.522720809033695
TERM,273,538,0,0.522720809033695
TERM,539,801,0,0.522720809033695
TERM,802,1269,0,0.522720809033695
TERM,1270,1419,0,0.522720809033695
TERM,1420,1871,0,0.522720809033695
TERM,1872,1884,0,0.522720809033695
TERM,1885,2235,0,0.522720809033695
TERM,2236,2287,0,0.522720809033695
TERM,2288,2568,0,0.522720809033695
TERM,2569,2807,0,0.522720809033695
TERM,2808,3302,0,0.522720809033695
TERM,3303,3519,0,0.522720809033695
TERM,3520,3939,0,0.522720809033695
TERM,3940,4130,0,0.522720809033695
TERM,4131,4628,0,0.522720809033695
TERM,4629,4784,0,0.522720809033695
TERM,4785,5070,0,0.522720809033695
TERM,5071,5204,0,0.522720809033695
TERM,5205,5635,0,0.522720809033695
TERM,5636,5786,0,0.522720809033695
TERM,5787,6073,0,0.522720809033695
TERM,6074,6551,0,0.522720809033695
TERM,6552,6682,0,0.522720809033695
TERM,6683,7115,0,0.522720809033695
TERM,7116,7459,0,0.522720809033695
TERM,7460,7865,0,0.522720809033695
TERM,7866,8266,0,0.522720809033695
TERM,8267,8622,0,0.522720809033695
TERM,8623,8997,0,0.522720809033695
TERM,8998,9301,0,0.522720809033695
TERM,9302,9637,0,0.522720809033695
TERM,9638,9785,0,0.522720809033695
TERM,9786,10176,0,0.522720809033695
TERM,10177,10227,0,0.522720809033695
TERM,10228,10630,0,0.522720809033695
TERM,10631,10705,0,0.522720809033695
TERM,10706,11073,0,0.522720809033695
TERM,11074,11318,0,0.522720809033695
TERM,11319,11635,0,0.522720809033695
TERM,11636,11663,0,0.522720809033695
TERM,11664,11927,0,0.522720809033695
TERM,11928,11971,0,0.522720809033695
TERM,11972,12309,0,0.522720809033695
TERM,12310,12387,0,0.522720809033695
TERM,12388,12465,0,0.522720809033695
TERM,12466,12869,0,0.522720809033695
