channel,start_time,stop_time,label,confidence
TERM,1,367,0,0.3819104298954524
TERM,368,413,0,0.3819104298954524
TERM,414,837,0,0.3819104298954524
TERM,838,1188,0,0.3819104298954524
TERM,1189,1341,0,0.3819104298954524
TERM,1342,1415,0,0.3819104298954524
TERM,1416,1432,0,0.3819104298954524
TERM,1433,1754,0,0.3819104298954524
TERM,1755,2199,0,0.3819104298954524
TERM,2200,2363,0,0.3819104298954524
TERM,2364,2601,0,0.3819104298954524
TERM,2602,3050,0,0.3819104298954524
TERM,3051,3216,0,0.3819104298954524
TERM,3217,3550,0,0.3819104298954524
TERM,3551,3647,0,0.3819104298954524
TERM,3648,4129,0,0.3819104298954524
TERM,4130,4177,0,0.3819104298954524
TERM,4178,4383,0,0.3819104298954524
TERM,4384,4409,0,0.3819104298954524
TERM,4410,4776,0,0.3819104298954524
TERM,4777,5233,0,0.3819104298954524
TERM,5234,5396,0,0.3819104298954524
TERM,5397,5522,0,0.3819104298954524
TERM,5523,5839,0,0.3819104298954524
TERM,5840,6158,0,0.3819104298954524
TERM,6159,6246,0,0.3819104298954524
TERM,6247,6364,0,0.3819104298954524
TERM,6365,6745,0,0.3819104298954524
TERM,6746,6883,0,0.3819104298954524
TERM,6884,7144,0,0.3819104298954524
TERM,7145,7208,0,0.3819104298954524
TERM,7209,7275,0,0.3819104298954524
TERM,7276,7661,0,0.3819104298954524
TERM,7662,8140,0,0.3819104298954524
TERM,8141,8254,0,0.3819104298954524
TERM,8255,8438,0,0.3819104298954524
