channel,start_time,stop_time,label,confidence
TERM,1,372,0,0.7843597085868068
TERM,373,698,0,0.7843597085868068
TERM,699,911,0,0.7843597085868068
TERM,912,1340,0,0.7843597085868068
TERM,1341,1709,0,0.7843597085868068
TERM,1710,2133,0,0.7843597085868068
TERM,2134,2186,0,0.7843597085868068
TERM,2187,2356,0,0.7843597085868068
TERM,2357,2747,0,0.7843597085868068
TERM,2748,2890,0,0.7843597085868068
TERM,2891,3030,0,0.7843597085868068
TERM,3031,3292,0,0.7843597085868068
TERM,3293,3307,0,0.7843597085868068
TERM,3308,3549,0,0.7843597085868068
TERM,3550,3731,0,0.7843597085868068
TERM,3732,4006,0,0.7843597085868068
