channel,start_time,stop_time,label,confidence
TERM,1,288,0,0.5343351003838215
TERM,289,386,0,0.5343351003838215
TERM,387,688,0,0.5343351003838215
TERM,689,744,0,0.5343351003838215
TERM,745,1228,0,0.5343351003838215
TERM,1229,1605,0,0.5343351003838215
TERM,1606,1672,0,0.5343351003838215
TERM,1673,1926,0,0.5343351003838215
TERM,1927,2100,0,0.5343351003838215
TERM,2101,2309,0,0.5343351003838215
TERM,2310,2452,0,0.5343351003838215
TERM,2453,2634,0,0.5343351003838215
TERM,2635,3101,0,0.5343351003838215
TERM,3102,3336,0,0.5343351003838215
TERM,3337,3679,0,0.5343351003838215
TERM,3680,3890,0,0.5343351003838215
TERM,3891,4327,0,0.5343351003838215
TERM,4328,4488,0,0.5343351003838215
TERM,4489,4902,0,0.5343351003838215
TERM,4903,5200,0,0.5343351003838215
TERM,5201,5245,0,0.5343351003838215
TERM,5246,5469,0,0.5343351003838215
TERM,5470,5630,0,0.5343351003838215
TERM,5631,5684,0,0.5343351003838215
TERM,5685,6101,0,0.5343351003838215
TERM,6102,6230,0,0.5343351003838215
TERM,6231,6373,0,0.5343351003838215
TERM,6374,6571,0,0.5343351003838215
TERM,6572,6624,0,0.5343351003838215
TERM,6625,6748,0,0.5343351003838215
TERM,6749,6865,0,0.5343351003838215
TERM,6866,7203,0,0.5343351003838215
TERM,7204,7407,0,0.5343351003838215
TERM,7408,7435,0,0.5343351003838215
TERM,7436,7929,0,0.5343351003838215
TERM,7930,8418,0,0.5343351003838215
TERM,8419,8584,0,0.5343351003838215
TERM,8585,8996,0,0.5343351003838215
TERM,8997,9060,0,0.5343351003838215
TERM,9061,9168,0,0.5343351003838215
TERM,9169,9535,0,0.5343351003838215
TERM,9536,9870,0,0.5343351003838215
TERM,9871,10336,0,0.5343351003838215
TERM,10337,10601,0,0.5343351003838215
TERM,10602,10808,0,0.5343351003838215
TERM,10809,10924,0,0.5343351003838215
TERM,10925,11363,0,0.5343351003838215
TERM,11364,11687,0,0.5343351003838215
TERM,11688,12030,0,0.5343351003838215
TERM,12031,12373,0,0.5343351003838215
TERM,12374,12818,0,0.5343351003838215
TERM,12819,13114,0,0.5343351003838215
TERM,13115,13607,0,0.5343351003838215
TERM,13608,13942,0,0.5343351003838215
TERM,13943,14000,0,0.5343351003838215
