channel,start_time,stop_time,label,confidence
TERM,1,297,0,0.522042323085112
TERM,298,381,0,0.522042323085112
TERM,382,524,0,0.522042323085112
TERM,525,584,0,0.522042323085112
TERM,585,838,0,0.522042323085112
TERM,839,1030,0,0.522042323085112
TERM,1031,1224,0,0.522042323085112
TERM,1225,1436,0,0.522042323085112
TERM,1437,1487,0,0.522042323085112
TERM,1488,1889,0,0.522042323085112
TERM,1890,2220,0,0.522042323085112
TERM,2221,2468,0,0.522042323085112
TERM,2469,2641,0,0.522042323085112
TERM,2642,2901,0,0.522042323085112
TERM,2902,3230,0,0.522042323085112
TERM,3231,3595,0,0.522042323085112
TERM,3596,3910,0,0.522042323085112
TERM,3911,4151,0,0.522042323085112
TERM,4152,4648,0,0.522042323085112
TERM,4649,4785,0,0.522042323085112
TERM,4786,5025,0,0.522042323085112
TERM,5026,5084,0,0.522042323085112
TERM,5085,5150,0,0.522042323085112
TERM,5151,5414,0,0.522042323085112
TERM,5415,5557,0,0.522042323085112
TERM,5558,5880,0,0.522042323085112
TERM,5881,6255,0,0.522042323085112
TERM,6256,6309,0,0.522042323085112
TERM,6310,6581,0,0.522042323085112
TERM,6582,6936,0,0.522042323085112
TERM,6937,7198,0,0.522042323085112
TERM,7199,7381,0,0.522042323085112
TERM,7382,7833,0,0.522042323085112
TERM,7834,8159,0,0.522042323085112
TERM,8160,8372,0,0.522042323085112
TERM,8373,8581,0,0.522042323085112
TERM,8582,8794,0,0.522042323085112
TERM,8795,9182,0,0.522042323085112
TERM,9183,9548,0,0.522042323085112
TERM,9549,9983,0,0.522042323085112
TERM,9984,10437,0,0.522042323085112
TERM,10438,10627,0,0.522042323085112
TERM,10628,10963,0,0.522042323085112
TERM,10964,11055,0,0.522042323085112
TERM,11056,11459,0,0.522042323085112
TERM,11460,11906,0,0.522042323085112
TERM,11907,11984,0,0.522042323085112
TERM,11985,12220,0,0.522042323085112
TERM,12221,12462,0,0.522042323085112
TERM,12463,12475,0,0.522042323085112
TERM,12476,12662,0,0.522042323085112
TERM,12663,12770,0,0.522042323085112
TERM,12771,13184,0,0.522042323085112
TERM,13185,13583,0,0.522042323085112
TERM,13584,14054,0,0.522042323085112
TERM,14055,14128,0,0.522042323085112
TERM,14129,14341,0,0.522042323085112
TERM,14342,14652,0,0.522042323085112
TERM,14653,14727,0,0.522042323085112
TERM,14728,15030,0,0.522042323085112
