channel,start_time,stop_time,label,confidence
TERM,1,106,0,0.6447998246094144
TERM,107,542,0,0.6447998246094144
TERM,543,797,0,0.6447998246094144
TERM,798,1048,0,0.6447998246094144
TERM,1049,1307,0,0.6447998246094144
TERM,1308,1333,0,0.6447998246094144
TERM,1334,1414,0,0.6447998246094144
TERM,1415,1593,0,0.6447998246094144
TERM,1594,1842,0,0.6447998246094144
TERM,1843,2167,0,0.6447998246094144
TERM,2168,2634,0,0.6447998246094144
TERM,2635,3011,0,0.6447998246094144
TERM,3012,3412,0,0.6447998246094144
TERM,3413,3524,0,0.6447998246094144
TERM,3525,3790,0,0.6447998246094144
TERM,3791,3888,0,0.6447998246094144
TERM,3889,4038,0,0.6447998246094144
TERM,4039,4342,0,0.6447998246094144
TERM,4343,4418,0,0.6447998246094144
TERM,4419,4437,0,0.6447998246094144
TERM,4438,4794,0,0.6447998246094144
TERM,4795,4963,0,0.6447998246094144
TERM,4964,5426,0,0.6447998246094144
TERM,5427,5648,0,0.6447998246094144
TERM,5649,6003,0,0.6447998246094144
TERM,6004,6309,0,0.6447998246094144
TERM,6310,6438,0,0.6447998246094144
TERM,6439,6695,0,0.6447998246094144
TERM,6696,7097,0,0.6447998246094144
TERM,7098,7134,0,0.6447998246094144
TERM,7135,7401,0,0.6447998246094144
TERM,7402,7704,0,0.6447998246094144
TERM,7705,8187,0,0.6447998246094144
TERM,8188,8513,0,0.6447998246094144
TERM,8514,8854,0,0.6447998246094144
TERM,8855,8919,0,0.6447998246094144
TERM,8920,8966,0,0.6447998246094144
TERM,8967,9109,0,0.6447998246094144
TERM,9110,9572,0,0.6447998246094144
TERM,9573,9620,0,0.6447998246094144
TERM,9621,10065,0,0.6447998246094144
TERM,10066,10189,0,0.6447998246094144
TERM,10190,10602,0,0.6447998246094144
TERM,10603,10786,0,0.6447998246094144
TERM,10787,11266,0,0.6447998246094144
TERM,11267,11709,0,0.6447998246094144
TERM,11710,12041,0,0.6447998246094144
TERM,12042,12437,0,0.6447998246094144
TERM,12438,12724,0,0.6447998246094144
TERM,12725,12741,0,0.6447998246094144
TERM,12742,12825,0,0.6447998246094144
TERM,12826,12885,0,0.6447998246094144
