channel,start_time,stop_time,label,confidence
TERM,1,370,0,0.6155146740528155
TERM,371,806,0,0.6155146740528155
TERM,807,934,0,0.6155146740528155
TERM,935,1406,0,0.6155146740528155
TERM,1407,1840,0,0.6155146740528155
TERM,1841,2036,0,0.6155146740528155
TERM,2037,2110,0,0.6155146740528155
TERM,2111,2485,0,0.6155146740528155
TERM,2486,2859,0,0.6155146740528155
TERM,2860,2979,0,0.6155146740528155
TERM,2980,3255,0,0.6155146740528155
TERM,3256,3437,0,0.6155146740528155
TERM,3438,3534,0,0.6155146740528155
TERM,3535,3756,0,0.6155146740528155
TERM,3757,3871,0,0.6155146740528155
TERM,3872,3993,0,0.6155146740528155
TERM,3994,4087,0,0.6155146740528155
TERM,4088,4136,0,0.6155146740528155
TERM,4137,4413,0,0.6155146740528155
TERM,4414,4868,0,0.6155146740528155
TERM,4869,5258,0,0.6155146740528155
TERM,5259,5567,0,0.6155146740528155
TERM,5568,5612,0,0.6155146740528155
TERM,5613,5709,0,0.6155146740528155
