channel,start_time,stop_time,label,confidence
TERM,1,403,0,0.6840115627170456
TERM,404,711,0,0.6840115627170456
TERM,712,819,0,0.6840115627170456
TERM,820,1040,0,0.6840115627170456
TERM,1041,1106,0,0.6840115627170456
TERM,1107,1183,0,0.6840115627170456
TERM,1184,1368,0,0.6840115627170456
TERM,1369,1504,0,0.6840115627170456
TERM,1505,1642,0,0.6840115627170456
TERM,1643,2000,0,0.6840115627170456
TERM,2001,2051,0,0.6840115627170456
TERM,2052,2516,0,0.6840115627170456
TERM,2517,2614,0,0.6840115627170456
TERM,2615,2720,0,0.6840115627170456
TERM,2721,3141,0,0.6840115627170456
TERM,3142,3334,0,0.6840115627170456
TERM,3335,3632,0,0.6840115627170456
TERM,3633,3723,0,0.6840115627170456
TERM,3724,4021,0,0.6840115627170456
TERM,4022,4298,0,0.6840115627170456
TERM,4299,4549,0,0.6840115627170456
TERM,4550,4697,0,0.6840115627170456
TERM,4698,5111,0,0.6840115627170456
TERM,5112,5335,0,0.6840115627170456
TERM,5336,5609,0,0.6840115627170456
TERM,5610,5661,0,0.6840115627170456
TERM,5662,5793,0,0.6840115627170456
TERM,5794,5972,0,0.6840115627170456
TERM,5973,6338,0,0.6840115627170456
TERM,6339,6725,0,0.6840115627170456
TERM,6726,6745,0,0.6840115627170456
TERM,6746,7148,0,0.6840115627170456
TERM,7149,7565,0,0.6840115627170456
TERM,7566,7969,0,0.6840115627170456
TERM,7970,8146,0,0.6840115627170456
TERM,8147,8597,0,0.6840115627170456
TERM,8598,8872,0,0.6840115627170456
TERM,8873,9174,0,0.6840115627170456
TERM,9175,9618,0,0.6840115627170456
TERM,9619,10001,0,0.6840115627170456
TERM,10002,10212,0,0.6840115627170456
TERM,10213,10435,0,0.6840115627170456
TERM,10436,10707,0,0.6840115627170456
TERM,10708,10870,0,0.6840115627170456
TERM,10871,11180,0,0.6840115627170456
TERM,11181,11360,0,0.6840115627170456
TERM,11361,11786,0,0.6840115627170456
TERM,11787,12175,0,0.6840115627170456
TERM,12176,12665,0,0.6840115627170456
TERM,12666,12807,0,0.6840115627170456
TERM,12808,13105,0,0.6840115627170456
TERM,13106,13526,0,0.6840115627170456
TERM,13527,13743,0,0.6840115627170456
TERM,13744,13896,0,0.6840115627170456
TERM,13897,14208,0,0.6840115627170456
TERM,14209,14542,0,0.6840115627170456
TERM,14543,14837,0,0.6840115627170456
TERM,14838,14896,0,0.6840115627170456
TERM,14897,15097,0,0.6840115627170456
TERM,15098,15237,0,0.6840115627170456
TERM,15238,15524,0,0.6840115627170456
TERM,15525,15689,0,0.6840115627170456
TERM,15690,15971,0,0.6840115627170456
TERM,15972,16459,0,0.6840115627170456
