channel,start_time,stop_time,label,confidence
TERM,1,342,0,0.5427624479595066
TERM,343,400,0,0.5427624479595066
TERM,401,854,0,0.5427624479595066
TERM,855,1349,0,0.5427624479595066
TERM,1350,1836,0,0.5427624479595066
TERM,1837,2172,0,0.5427624479595066
TERM,2173,2270,0,0.5427624479595066
TERM,2271,2394,0,0.5427624479595066
TERM,2395,2649,0,0.5427624479595066
TERM,2650,3091,0,0.5427624479595066
TERM,3092,3515,0,0.5427624479595066
TERM,3516,3801,0,0.5427624479595066
TERM,3802,4184,0,0.5427624479595066
TERM,4185,4264,0,0.5427624479595066
TERM,4265,4317,0,0.5427624479595066
