channel,start_time,stop_time,label,confidence
TERM,1,371,0,0.5886192666929846
TERM,372,823,0,0.5886192666929846
TERM,824,1028,0,0.5886192666929846
TERM,1029,1040,0,0.5886192666929846
TERM,1041,1494,0,0.5886192666929846
TERM,1495,1826,0,0.5886192666929846
TERM,1827,2281,0,0.5886192666929846
TERM,2282,2553,0,0.5886192666929846
TERM,2554,2974,0,0.5886192666929846
TERM,2975,3093,0,0.5886192666929846
TERM,3094,3109,0,0.5886192666929846
TERM,3110,3216,0,0.5886192666929846
TERM,3217,3415,0,0.5886192666929846
TERM,3416,3735,0,0.5886192666929846
TERM,3736,4016,0,0.5886192666929846
TERM,4017,4253,0,0.5886192666929846
TERM,4254,4374,0,0.5886192666929846
TERM,4375,4528,0,0.5886192666929846
TERM,4529,4675,0,0.5886192666929846
TERM,4676,4855,0,0.5886192666929846
TERM,4856,5318,0,0.5886192666929846
TERM,5319,5602,0,0.5886192666929846
TERM,5603,5832,0,0.5886192666929846
TERM,5833,6102,0,0.5886192666929846
TERM,6103,6520,0,0.5886192666929846
TERM,6521,6809,0,0.5886192666929846
TERM,6810,6887,0,0.5886192666929846
TERM,6888,7276,0,0.5886192666929846
TERM,7277,7659,0,0.5886192666929846
TERM,7660,7880,0,0.5886192666929846
TERM,7881,7908,0,0.5886192666929846
TERM,7909,8049,0,0.5886192666929846
TERM,8050,8136,0,0.5886192666929846
TERM,8137,8294,0,0.5886192666929846
TERM,8295,8563,0,0.5886192666929846
TERM,8564,8871,0,0.5886192666929846
TERM,8872,9336,0,0.5886192666929846
TERM,9337,9491,0,0.5886192666929846
TERM,9492,9948,0,0.5886192666929846
TERM,9949,10080,0,0.5886192666929846
TERM,10081,10508,0,0.5886192666929846
TERM,10509,10710,0,0.5886192666929846
TERM,10711,11205,0,0.5886192666929846
TERM,11206,11525,0,0.5886192666929846
TERM,11526,11686,0,0.5886192666929846
TERM,11687,12160,0,0.5886192666929846
TERM,12161,12653,0,0.5886192666929846
TERM,12654,13055,0,0.5886192666929846
TERM,13056,13196,0,0.5886192666929846
TERM,13197,13233,0,0.5886192666929846
TERM,13234,13557,0,0.5886192666929846
TERM,13558,14045,0,0.5886192666929846
