channel,start_time,stop_time,label,confidence
TERM,1,303,0,0.6029312401432185
TERM,304,397,0,0.6029312401432185
TERM,398,593,0,0.6029312401432185
TERM,594,1046,0,0.6029312401432185
TERM,1047,1539,0,0.6029312401432185
TERM,1540,1708,0,0.6029312401432185
TERM,1709,2030,0,0.6029312401432185
TERM,2031,2517,0,0.6029312401432185
TERM,2518,2730,0,0.6029312401432185
TERM,2731,3172,0,0.6029312401432185
TERM,3173,3644,0,0.6029312401432185
TERM,3645,3822,0,0.6029312401432185
TERM,3823,3940,0,0.6029312401432185
TERM,3941,4381,0,0.6029312401432185
TERM,4382,4524,0,0.6029312401432185
TERM,4525,4684,0,0.6029312401432185
TERM,4685,4774,0,0.6029312401432185
TERM,4775,5147,0,0.6029312401432185
TERM,5148,5162,0,0.6029312401432185
TERM,5163,5559,0,0.6029312401432185
TERM,5560,5638,0,0.6029312401432185
TERM,5639,6072,0,0.6029312401432185
TERM,6073,6416,0,0.6029312401432185
TERM,6417,6658,0,0.6029312401432185
TERM,6659,6868,0,0.6029312401432185
TERM,6869,7066,0,0.6029312401432185
TERM,7067,7493,0,0.6029312401432185
TERM,7494,7560,0,0.6029312401432185
