channel,start_time,stop_time,label,confidence
TERM,1,202,0,0.6283775121401731
TERM,203,412,0,0.6283775121401731
TERM,413,649,0,0.6283775121401731
TERM,650,1016,0,0.6283775121401731
TERM,1017,1342,0,0.6283775121401731
TERM,1343,1808,0,0.6283775121401731
TERM,1809,1933,0,0.6283775121401731
TERM,1934,2399,0,0.6283775121401731
TERM,2400,2658,0,0.6283775121401731
TERM,2659,2935,0,0.6283775121401731
TERM,2936,3297,0,0.6283775121401731
TERM,3298,3454,0,0.6283775121401731
