channel,start_time,stop_time,label,confidence
TERM,1,225,0,0.7290001842891234
TERM,226,633,0,0.7290001842891234
TERM,634,824,0,0.7290001842891234
TERM,825,1100,0,0.7290001842891234
TERM,1101,1513,0,0.7290001842891234
TERM,1514,1763,0,0.7290001842891234
TERM,1764,2215,0,0.7290001842891234
TERM,2216,2577,0,0.7290001842891234
TERM,2578,2664,0,0.7290001842891234
TERM,2665,3123,0,0.7290001842891234
TERM,3124,3502,0,0.7290001842891234
TERM,3503,3858,0,0.7290001842891234
TERM,3859,4101,0,0.7290001842891234
TERM,4102,4377,0,0.7290001842891234
TERM,4378,4414,0,0.7290001842891234
TERM,4415,4736,0,0.7290001842891234
TERM,4737,5050,0,0.7290001842891234
TERM,5051,5326,0,0.7290001842891234
TERM,5327,5789,0,0.7290001842891234
TERM,5790,6269,0,0.7290001842891234
TERM,6270,6615,0,0.7290001842891234
TERM,6616,6832,0,0.7290001842891234
TERM,6833,7281,0,0.7290001842891234
TERM,7282,7526,0,0.7290001842891234
TERM,7527,7722,0,0.7290001842891234
TERM,7723,8090,0,0.7290001842891234
TERM,8091,8456,0,0.7290001842891234
TERM,8457,8474,0,0.7290001842891234
TERM,8475,8893,0,0.7290001842891234
TERM,8894,9093,0,0.7290001842891234
TERM,9094,9537,0,0.7290001842891234
TERM,9538,9915,0,0.7290001842891234
TERM,9916,10333,0,0.7290001842891234
TERM,10334,10650,0,0.7290001842891234
TERM,10651,10981,0,0.7290001842891234
TERM,10982,11219,0,0.7290001842891234
TERM,11220,11603,0,0.7290001842891234
TERM,11604,11634,0,0.7290001842891234
TERM,11635,12113,0,0.7290001842891234
TERM,12114,12125,0,0.7290001842891234
TERM,12126,12276,0,0.7290001842891234
TERM,12277,12420,0,0.7290001842891234
TERM,12421,12728,0,0.7290001842891234
TERM,12729,13023,0,0.7290001842891234
TERM,13024,13200,0,0.7290001842891234
TERM,13201,13508,0,0.7290001842891234
TERM,13509,13544,0,0.7290001842891234
TERM,13545,13693,0,0.7290001842891234
