channel,start_time,stop_time,label,confidence
TERM,1,281,0,0.6128608911585078
TERM,282,530,0,0.6128608911585078
TERM,531,1013,0,0.6128608911585078
TERM,1014,1347,0,0.6128608911585078
TERM,1348,1587,0,0.6128608911585078
TERM,1588,1610,0,0.6128608911585078
TERM,1611,1684,0,0.6128608911585078
TERM,1685,1701,0,0.6128608911585078
TERM,1702,1715,0,0.6128608911585078
TERM,1716,2154,0,0.6128608911585078
TERM,2155,2220,0,0.6128608911585078
TERM,2221,2674,0,0.6128608911585078
TERM,2675,2703,0,0.6128608911585078
TERM,2704,3173,0,0.6128608911585078
TERM,3174,3468,0,0.6128608911585078
TERM,3469,3927,0,0.6128608911585078
TERM,3928,4263,0,0.6128608911585078
TERM,4264,4644,0,0.6128608911585078
TERM,4645,4772,0,0.6128608911585078
TERM,4773,4972,0,0.6128608911585078
TERM,4973,5430,0,0.6128608911585078
TERM,5431,5480,0,0.6128608911585078
TERM,5481,5808,0,0.6128608911585078
TERM,5809,6284,0,0.6128608911585078
TERM,6285,6342,0,0.6128608911585078
TERM,6343,6625,0,0.6128608911585078
TERM,6626,7104,0,0.6128608911585078
TERM,7105,7550,0,0.6128608911585078
TERM,7551,7879,0,0.6128608911585078
TERM,7880,8135,0,0.6128608911585078
TERM,8136,8241,0,0.6128608911585078
TERM,8242,8630,0,0.6128608911585078
TERM,8631,9003,0,0.6128608911585078
TERM,9004,9468,0,0.6128608911585078
TERM,9469,9712,0,0.6128608911585078
TERM,9713,10119,0,0.6128608911585078
TERM,10120,10486,0,0.6128608911585078
TERM,10487,10767,0,0.6128608911585078
TERM,10768,10994,0,0.6128608911585078
TERM,10995,11017,0,0.6128608911585078
TERM,11018,11375,0,0.6128608911585078
TERM,11376,11809,0,0.6128608911585078
TERM,11810,11981,0,0.6128608911585078
TERM,11982,12162,0,0.6128608911585078
TERM,12163,12514,0,0.6128608911585078
TERM,12515,12593,0,0.6128608911585078
TERM,12594,12742,0,0.6128608911585078
TERM,12743,12942,0,0.6128608911585078
TERM,12943,13035,0,0.6128608911585078
TERM,13036,13391,0,0.6128608911585078
TERM,13392,13756,0,0.6128608911585078
TERM,13757,13918,0,0.6128608911585078
