channel,start_time,stop_time,label,confidence
TERM,1,376,0,0.8369896913875028
TERM,377,425,0,0.8369896913875028
TERM,426,661,0,0.8369896913875028
TERM,662,1029,0,0.8369896913875028
TERM,1030,1395,0,0.8369896913875028
TERM,1396,1788,0,0.8369896913875028
TERM,1789,2032,0,0.8369896913875028
TERM,2033,2493,0,0.8369896913875028
TERM,2494,2602,0,0.8369896913875028
TERM,2603,3092,0,0.8369896913875028
TERM,3093,3269,0,0.8369896913875028
TERM,3270,3417,0,0.8369896913875028
