channel,start_time,stop_time,label,confidence
TERM,1,335,0,0.65347641331355
TERM,336,545,0,0.65347641331355
TERM,546,793,0,0.65347641331355
TERM,794,916,0,0.65347641331355
TERM,917,1061,0,0.65347641331355
TERM,1062,1533,0,0.65347641331355
TERM,1534,1938,0,0.65347641331355
TERM,1939,2177,0,0.65347641331355
TERM,2178,2290,0,0.65347641331355
TERM,2291,2414,0,0.65347641331355
TERM,2415,2646,0,0.65347641331355
TERM,2647,2724,0,0.65347641331355
TERM,2725,2993,0,0.65347641331355
TERM,2994,3037,0,0.65347641331355
TERM,3038,3212,0,0.65347641331355
TERM,3213,3496,0,0.65347641331355
TERM,3497,3642,0,0.65347641331355
TERM,3643,3917,0,0.65347641331355
TERM,3918,4382,0,0.65347641331355
TERM,4383,4524,0,0.65347641331355
TERM,4525,4816,0,0.65347641331355
TERM,4817,5130,0,0.65347641331355
TERM,5131,5487,0,0.65347641331355
TERM,5488,5874,0,0.65347641331355
TERM,5875,6048,0,0.65347641331355
TERM,6049,6446,0,0.65347641331355
TERM,6447,6458,0,0.65347641331355
TERM,6459,6643,0,0.65347641331355
TERM,6644,7021,0,0.65347641331355
TERM,7022,7451,0,0.65347641331355
TERM,7452,7803,0,0.65347641331355
TERM,7804,8241,0,0.65347641331355
TERM,8242,8574,0,0.65347641331355
TERM,8575,8829,0,0.65347641331355
TERM,8830,9285,0,0.65347641331355
TERM,9286,9457,0,0.65347641331355
TERM,9458,9748,0,0.65347641331355
TERM,9749,10230,0,0.65347641331355
TERM,10231,10416,0,0.65347641331355
TERM,10417,10637,0,0.65347641331355
TERM,10638,11072,0,0.65347641331355
TERM,11073,11404,0,0.65347641331355
