channel,start_time,stop_time,label,confidence
TERM,1,191,0,0.7099768363275083
TERM,192,636,0,0.7099768363275083
TERM,637,777,0,0.7099768363275083
TERM,778,1087,0,0.7099768363275083
TERM,1088,1260,0,0.7099768363275083
TERM,1261,1654,0,0.7099768363275083
TERM,1655,2114,0,0.7099768363275083
TERM,2115,2365,0,0.7099768363275083
TERM,2366,2435,0,0.7099768363275083
TERM,2436,2811,0,0.7099768363275083
TERM,2812,3203,0,0.7099768363275083
TERM,3204,3646,0,0.7099768363275083
TERM,3647,4037,0,0.7099768363275083
TERM,4038,4513,0,0.7099768363275083
TERM,4514,4649,0,0.7099768363275083
TERM,4650,4952,0,0.7099768363275083
TERM,4953,5085,0,0.7099768363275083
TERM,5086,5565,0,0.7099768363275083
TERM,5566,6000,0,0.7099768363275083
TERM,6001,6296,0,0.7099768363275083
TERM,6297,6754,0,0.7099768363275083
TERM,6755,7086,0,0.7099768363275083
TERM,7087,7338,0,0.7099768363275083
TERM,7339,7687,0,0.7099768363275083
TERM,7688,7726,0,0.7099768363275083
TERM,7727,7973,0,0.7099768363275083
TERM,7974,8355,0,0.7099768363275083
TERM,8356,8608,0,0.7099768363275083
TERM,8609,8904,0,0.7099768363275083
TERM,8905,8942,0,0.7099768363275083
TERM,8943,9194,0,0.7099768363275083
TERM,9195,9569,0,0.7099768363275083
TERM,9570,9884,0,0.7099768363275083
TERM,9885,10182,0,0.7099768363275083
TERM,10183,10418,0,0.7099768363275083
TERM,10419,10755,0,0.7099768363275083
TERM,10756,11097,0,0.7099768363275083
TERM,11098,11301,0,0.7099768363275083
TERM,11302,11459,0,0.7099768363275083
TERM,11460,11796,0,0.7099768363275083
TERM,11797,12051,0,0.7099768363275083
TERM,12052,12423,0,0.7099768363275083
TERM,12424,12457,0,0.7099768363275083
TERM,12458,12690,0,0.7099768363275083
TERM,12691,12815,0,0.7099768363275083
TERM,12816,13273,0,0.7099768363275083
TERM,13274,13410,0,0.7099768363275083
TERM,13411,13791,0,0.7099768363275083
