channel,start_time,stop_time,label,confidence
TERM,1,250,0,0.5262473931885625
TERM,251,494,0,0.5262473931885625
TERM,495,709,0,0.5262473931885625
TERM,710,1088,0,0.5262473931885625
TERM,1089,1497,0,0.5262473931885625
TERM,1498,1672,0,0.5262473931885625
TERM,1673,1918,0,0.5262473931885625
TERM,1919,2098,0,0.5262473931885625
TERM,2099,2190,0,0.5262473931885625
TERM,2191,2651,0,0.5262473931885625
TERM,2652,2708,0,0.5262473931885625
TERM,2709,3155,0,0.5262473931885625
TERM,3156,3457,0,0.5262473931885625
TERM,3458,3841,0,0.5262473931885625
TERM,3842,4303,0,0.5262473931885625
TERM,4304,4327,0,0.5262473931885625
TERM,4328,4660,0,0.5262473931885625
TERM,4661,4672,0,0.5262473931885625
TERM,4673,4716,0,0.5262473931885625
TERM,4717,4728,0,0.5262473931885625
TERM,4729,5097,0,0.5262473931885625
TERM,5098,5580,0,0.5262473931885625
TERM,5581,5936,0,0.5262473931885625
TERM,5937,6147,0,0.5262473931885625
TERM,6148,6290,0,0.5262473931885625
TERM,6291,6625,0,0.5262473931885625
TERM,6626,6763,0,0.5262473931885625
TERM,6764,7001,0,0.5262473931885625
TERM,7002,7332,0,0.5262473931885625
TERM,7333,7653,0,0.5262473931885625
TERM,7654,7716,0,0.5262473931885625
TERM,7717,8074,0,0.5262473931885625
TERM,8075,8467,0,0.5262473931885625
