channel,start_time,stop_time,label,confidence
TERM,1,154,0,0.3461511621528501
TERM,155,626,0,0.3461511621528501
TERM,627,763,0,0.3461511621528501
TERM,764,778,0,0.3461511621528501
TERM,779,1186,0,0.3461511621528501
TERM,1187,1343,0,0.3461511621528501
TERM,1344,1700,0,0.3461511621528501
TERM,1701,2186,0,0.3461511621528501
TERM,2187,2622,0,0.3461511621528501
TERM,2623,3048,0,0.3461511621528501
TERM,3049,3249,0,0.3461511621528501
TERM,3250,3390,0,0.3461511621528501
