channel,start_time,stop_time,label,confidence
TERM,1,118,0,0.7742858588297838
TERM,119,618,0,0.7742858588297838
TERM,619,868,0,0.7742858588297838
TERM,869,1023,0,0.7742858588297838
TERM,1024,1444,0,0.7742858588297838
TERM,1445,1850,0,0.7742858588297838
TERM,1851,2185,0,0.7742858588297838
TERM,2186,2472,0,0.7742858588297838
TERM,2473,2649,0,0.7742858588297838
TERM,2650,2739,0,0.7742858588297838
TERM,2740,2807,0,0.7742858588297838
TERM,2808,3266,0,0.7742858588297838
TERM,3267,3757,0,0.7742858588297838
TERM,3758,4133,0,0.7742858588297838
TERM,4134,4313,0,0.7742858588297838
TERM,4314,4631,0,0.7742858588297838
TERM,4632,4805,0,0.7742858588297838
TERM,4806,4937,0,0.7742858588297838
TERM,4938,5352,0,0.7742858588297838
TERM,5353,5402,0,0.7742858588297838
TERM,5403,5417,0,0.7742858588297838
TERM,5418,5541,0,0.7742858588297838
TERM,5542,5927,0,0.7742858588297838
TERM,5928,5972,0,0.7742858588297838
TERM,5973,6056,0,0.7742858588297838
TERM,6057,6233,0,0.7742858588297838
TERM,6234,6646,0,0.7742858588297838
TERM,6647,6915,0,0.7742858588297838
TERM,6916,6953,0,0.7742858588297838
TERM,6954,7424,0,0.7742858588297838
TERM,7425,7574,0,0.7742858588297838
TERM,7575,7741,0,0.7742858588297838
TERM,7742,8080,0,0.7742858588297838
TERM,8081,8288,0,0.7742858588297838
TERM,8289,8588,0,0.7742858588297838
TERM,8589,8904,0,0.7742858588297838
TERM,8905,9378,0,0.7742858588297838
TERM,9379,9862,0,0.7742858588297838
TERM,9863,10081,0,0.7742858588297838
TERM,10082,10317,0,0.7742858588297838
TERM,10318,10586,0,0.7742858588297838
TERM,10587,10707,0,0.7742858588297838
TERM,10708,10721,0,0.7742858588297838
TERM,10722,11140,0,0.7742858588297838
TERM,11141,11239,0,0.7742858588297838
TERM,11240,11634,0,0.7742858588297838
TERM,11635,11975,0,0.7742858588297838
TERM,11976,12224,0,0.7742858588297838
