channel,start_time,stop_time,label,confidence
TERM,1,328,0,0.6684874277749018
TERM,329,363,0,0.6684874277749018
TERM,364,544,0,0.6684874277749018
TERM,545,800,0,0.6684874277749018
TERM,801,1064,0,0.6684874277749018
TERM,1065,1196,0,0.6684874277749018
TERM,1197,1416,0,0.6684874277749018
TERM,1417,1843,0,0.6684874277749018
TERM,1844,2030,0,0.6684874277749018
TERM,2031,2359,0,0.6684874277749018
TERM,2360,2524,0,0.6684874277749018
TERM,2525,2780,0,0.6684874277749018
TERM,2781,2903,0,0.6684874277749018
TERM,2904,3218,0,0.6684874277749018
TERM,3219,3379,0,0.6684874277749018
TERM,3380,3607,0,0.6684874277749018
TERM,3608,3967,0,0.6684874277749018
TERM,3968,4445,0,0.6684874277749018
TERM,4446,4918,0,0.6684874277749018
TERM,4919,5293,0,0.6684874277749018
TERM,5294,5478,0,0.6684874277749018
TERM,5479,5827,0,0.6684874277749018
TERM,5828,6140,0,0.6684874277749018
TERM,6141,6290,0,0.6684874277749018
TERM,6291,6451,0,0.6684874277749018
TERM,6452,6772,0,0.6684874277749018
TERM,6773,7025,0,0.6684874277749018
TERM,7026,7353,0,0.6684874277749018
TERM,7354,7600,0,0.6684874277749018
TERM,7601,7858,0,0.6684874277749018
TERM,7859,8145,0,0.6684874277749018
TERM,8146,8331,0,0.6684874277749018
TERM,8332,8389,0,0.6684874277749018
TERM,8390,8635,0,0.6684874277749018
TERM,8636,8983,0,0.6684874277749018
TERM,8984,9479,0,0.6684874277749018
TERM,9480,9816,0,0.6684874277749018
TERM,9817,10070,0,0.6684874277749018
TERM,10071,10532,0,0.6684874277749018
TERM,10533,10776,0,0.6684874277749018
TERM,10777,11119,0,0.6684874277749018
TERM,11120,11515,0,0.6684874277749018
TERM,11516,11579,0,0.6684874277749018
TERM,11580,12001,0,0.6684874277749018
TERM,12002,12219,0,0.6684874277749018
TERM,12220,12697,0,0.6684874277749018
TERM,12698,12779,0,0.6684874277749018
TERM,12780,13201,0,0.6684874277749018
TERM,13202,13417,0,0.6684874277749018
TERM,13418,13513,0,0.6684874277749018
TERM,13514,13750,0,0.6684874277749018
TERM,13751,14071,0,0.6684874277749018
TERM,14072,14165,0,0.6684874277749018
TERM,14166,14620,0,0.6684874277749018
TERM,14621,14990,0,0.6684874277749018
TERM,14991,15399,0,0.6684874277749018
TERM,15400,15560,0,0.6684874277749018
TERM,15561,15709,0,0.6684874277749018
TERM,15710,16041,0,0.6684874277749018
TERM,16042,16258,0,0.6684874277749018
TERM,16259,16464,0,0.6684874277749018
TERM,16465,16576,0,0.6684874277749018
TERM,16577,17035,0,0.6684874277749018
TERM,17036,17248,0,0.6684874277749018
