channel,start_time,stop_time,label,confidence
TERM,1,69,0,0.5478121008254886
TERM,70,565,0,0.5478121008254886
TERM,566,722,0,0.5478121008254886
TERM,723,1080,0,0.5478121008254886
TERM,1081,1571,0,0.5478121008254886
TERM,1572,1600,0,0.5478121008254886
TERM,1601,1998,0,0.5478121008254886
TERM,1999,2210,0,0.5478121008254886
TERM,2211,2453,0,0.5478121008254886
TERM,2454,2513,0,0.5478121008254886
TERM,2514,2834,0,0.5478121008254886
TERM,2835,3004,0,0.5478121008254886
TERM,3005,3344,0,0.5478121008254886
TERM,3345,3381,0,0.5478121008254886
TERM,3382,3515,0,0.5478121008254886
TERM,3516,3684,0,0.5478121008254886
TERM,3685,4116,0,0.5478121008254886
TERM,4117,4425,0,0.5478121008254886
TERM,4426,4607,0,0.5478121008254886
TERM,4608,4838,0,0.5478121008254886
TERM,4839,5136,0,0.5478121008254886
TERM,5137,5170,0,0.5478121008254886
TERM,5171,5358,0,0.5478121008254886
TERM,5359,5463,0,0.5478121008254886
TERM,5464,5598,0,0.5478121008254886
TERM,5599,5629,0,0.5478121008254886
TERM,5630,6066,0,0.5478121008254886
TERM,6067,6445,0,0.5478121008254886
TERM,6446,6552,0,0.5478121008254886
TERM,6553,6918,0,0.5478121008254886
TERM,6919,7286,0,0.5478121008254886
TERM,7287,7323,0,0.5478121008254886
TERM,7324,7614,0,0.5478121008254886
TERM,7615,7832,0,0.5478121008254886
TERM,7833,8074,0,0.5478121008254886
TERM,8075,8127,0,0.5478121008254886
