channel,start_time,stop_time,label,confidence
TERM,1,368,0,0.508512784606912
TERM,369,545,0,0.508512784606912
TERM,546,636,0,0.508512784606912
TERM,637,650,0,0.508512784606912
TERM,651,988,0,0.508512784606912
TERM,989,1169,0,0.508512784606912
TERM,1170,1419,0,0.508512784606912
TERM,1420,1602,0,0.508512784606912
TERM,1603,1678,0,0.508512784606912
TERM,1679,2006,0,0.508512784606912
TERM,2007,2248,0,0.508512784606912
TERM,2249,2689,0,0.508512784606912
TERM,2690,2830,0,0.508512784606912
TERM,2831,3015,0,0.508512784606912
TERM,3016,3257,0,0.508512784606912
TERM,3258,3750,0,0.508512784606912
TERM,3751,4113,0,0.508512784606912
TERM,4114,4491,0,0.508512784606912
TERM,4492,4694,0,0.508512784606912
TERM,4695,5066,0,0.508512784606912
TERM,5067,5096,0,0.508512784606912
TERM,5097,5564,0,0.508512784606912
TERM,5565,5799,0,0.508512784606912
TERM,5800,5868,0,0.508512784606912
TERM,5869,5954,0,0.508512784606912
TERM,5955,6421,0,0.508512784606912
TERM,6422,6800,0,0.508512784606912
TERM,6801,6827,0,0.508512784606912
TERM,6828,7153,0,0.508512784606912
TERM,7154,7425,0,0.508512784606912
TERM,7426,7640,0,0.508512784606912
TERM,7641,7790,0,0.508512784606912
TERM,7791,8255,0,0.508512784606912
TERM,8256,8281,0,0.508512784606912
TERM,8282,8490,0,0.508512784606912
TERM,8491,8911,0,0.508512784606912
TERM,8912,9317,0,0.508512784606912
TERM,9318,9444,0,0.508512784606912
TERM,9445,9791,0,0.508512784606912
TERM,9792,9875,0,0.508512784606912
TERM,9876,9963,0,0.508512784606912
TERM,9964,10449,0,0.508512784606912
TERM,10450,10677,0,0.508512784606912
TERM,10678,11151,0,0.508512784606912
TERM,11152,11458,0,0.508512784606912
TERM,11459,11662,0,0.508512784606912
TERM,11663,11977,0,0.508512784606912
TERM,11978,12277,0,0.508512784606912
TERM,12278,12372,0,0.508512784606912
TERM,12373,12632,0,0.508512784606912
TERM,12633,12912,0,0.508512784606912
TERM,12913,13188,0,0.508512784606912
