channel,start_time,stop_time,label,confidence
TERM,1,33,0,0.5936560627080125
TERM,34,530,0,0.5936560627080125
TERM,531,601,0,0.5936560627080125
TERM,602,708,0,0.5936560627080125
TERM,709,828,0,0.5936560627080125
TERM,829,1118,0,0.5936560627080125
TERM,1119,1275,0,0.5936560627080125
TERM,1276,1552,0,0.5936560627080125
TERM,1553,2044,0,0.5936560627080125
TERM,2045,2290,0,0.5936560627080125
TERM,2291,2582,0,0.5936560627080125
TERM,2583,2656,0,0.5936560627080125
TERM,2657,2917,0,0.5936560627080125
TERM,2918,3167,0,0.5936560627080125
TERM,3168,3372,0,0.5936560627080125
TERM,3373,3512,0,0.5936560627080125
TERM,3513,3804,0,0.5936560627080125
TERM,3805,4125,0,0.5936560627080125
TERM,4126,4245,0,0.5936560627080125
TERM,4246,4466,0,0.5936560627080125
TERM,4467,4802,0,0.5936560627080125
TERM,4803,5043,0,0.5936560627080125
TERM,5044,5083,0,0.5936560627080125
TERM,5084,5224,0,0.5936560627080125
TERM,5225,5520,0,0.5936560627080125
TERM,5521,5715,0,0.5936560627080125
TERM,5716,5960,0,0.5936560627080125
TERM,5961,6280,0,0.5936560627080125
