channel,start_time,stop_time,label,confidence
TERM,1,348,0,0.6955460199535739
TERM,349,557,0,0.6955460199535739
TERM,558,739,0,0.6955460199535739
TERM,740,887,0,0.6955460199535739
TERM,888,1127,0,0.6955460199535739
TERM,1128,1259,0,0.6955460199535739
TERM,1260,1339,0,0.6955460199535739
TERM,1340,1649,0,0.6955460199535739
TERM,1650,1926,0,0.6955460199535739
TERM,1927,2105,0,0.6955460199535739
TERM,2106,2404,0,0.6955460199535739
