channel,start_time,stop_time,label,confidence
TERM,1,291,0,0.3146550179591839
TERM,292,765,0,0.3146550179591839
TERM,766,1141,0,0.3146550179591839
TERM,1142,1376,0,0.3146550179591839
TERM,1377,1689,0,0.3146550179591839
TERM,1690,1975,0,0.3146550179591839
TERM,1976,2267,0,0.3146550179591839
TERM,2268,2709,0,0.3146550179591839
TERM,2710,2797,0,0.3146550179591839
TERM,2798,3043,0,0.3146550179591839
TERM,3044,3383,0,0.3146550179591839
TERM,3384,3545,0,0.3146550179591839
