channel,start_time,stop_time,label,confidence
TERM,1,16,0,0.5455449966819159
TERM,17,306,0,0.5455449966819159
TERM,307,732,0,0.5455449966819159
TERM,733,1117,0,0.5455449966819159
TERM,1118,1469,0,0.5455449966819159
TERM,1470,1799,0,0.5455449966819159
TERM,1800,1912,0,0.5455449966819159
TERM,1913,2252,0,0.5455449966819159
TERM,2253,2462,0,0.5455449966819159
TERM,2463,2570,0,0.5455449966819159
TERM,2571,3017,0,0.5455449966819159
TERM,3018,3305,0,0.5455449966819159
TERM,3306,3368,0,0.5455449966819159
TERM,3369,3770,0,0.5455449966819159
TERM,3771,4132,0,0.5455449966819159
TERM,4133,4153,0,0.5455449966819159
TERM,4154,4621,0,0.5455449966819159
TERM,4622,4845,0,0.5455449966819159
TERM,4846,5135,0,0.5455449966819159
TERM,5136,5219,0,0.5455449966819159
TERM,5220,5287,0,0.5455449966819159
TERM,5288,5517,0,0.5455449966819159
TERM,5518,5719,0,0.5455449966819159
TERM,5720,5836,0,0.5455449966819159
TERM,5837,6196,0,0.5455449966819159
TERM,6197,6319,0,0.5455449966819159
TERM,6320,6435,0,0.5455449966819159
TERM,6436,6800,0,0.5455449966819159
TERM,6801,6855,0,0.5455449966819159
TERM,6856,6904,0,0.5455449966819159
TERM,6905,7134,0,0.5455449966819159
TERM,7135,7150,0,0.5455449966819159
