channel,start_time,stop_time,label,confidence
TERM,1,253,0,0.7512366139738132
TERM,254,430,0,0.7512366139738132
TERM,431,663,0,0.7512366139738132
TERM,664,950,0,0.7512366139738132
TERM,951,1236,0,0.7512366139738132
TERM,1237,1507,0,0.7512366139738132
TERM,1508,1653,0,0.7512366139738132
TERM,1654,1856,0,0.7512366139738132
TERM,1857,2125,0,0.7512366139738132
TERM,2126,2219,0,0.7512366139738132
TERM,2220,2600,0,0.7512366139738132
TERM,2601,2636,0,0.7512366139738132
TERM,2637,3061,0,0.7512366139738132
TERM,3062,3274,0,0.7512366139738132
TERM,3275,3631,0,0.7512366139738132
TERM,3632,3677,0,0.7512366139738132
TERM,3678,4087,0,0.7512366139738132
TERM,4088,4237,0,0.7512366139738132
TERM,4238,4620,0,0.7512366139738132
TERM,4621,4770,0,0.7512366139738132
TERM,4771,5181,0,0.7512366139738132
TERM,5182,5217,0,0.7512366139738132
TERM,5218,5704,0,0.7512366139738132
TERM,5705,5817,0,0.7512366139738132
TERM,5818,5845,0,0.7512366139738132
TERM,5846,6102,0,0.7512366139738132
TERM,6103,6296,0,0.7512366139738132
TERM,6297,6433,0,0.7512366139738132
TERM,6434,6684,0,0.7512366139738132
TERM,6685,6847,0,0.7512366139738132
TERM,6848,6999,0,0.7512366139738132
TERM,7000,7326,0,0.7512366139738132
TERM,7327,7563,0,0.7512366139738132
TERM,7564,7711,0,0.7512366139738132
TERM,7712,7946,0,0.7512366139738132
TERM,7947,8173,0,0.7512366139738132
TERM,8174,8415,0,0.7512366139738132
TERM,8416,8784,0,0.7512366139738132
TERM,8785,8899,0,0.7512366139738132
TERM,8900,9162,0,0.7512366139738132
TERM,9163,9418,0,0.7512366139738132
TERM,9419,9772,0,0.7512366139738132
TERM,9773,10153,0,0.7512366139738132
TERM,10154,10630,0,0.7512366139738132
TERM,10631,10755,0,0.7512366139738132
TERM,10756,10803,0,0.7512366139738132
TERM,10804,11155,0,0.7512366139738132
TERM,11156,11253,0,0.7512366139738132
TERM,11254,11470,0,0.7512366139738132
TERM,11471,11804,0,0.7512366139738132
TERM,11805,12209,0,0.7512366139738132
TERM,12210,12284,0,0.7512366139738132
TERM,12285,12737,0,0.7512366139738132
TERM,12738,13221,0,0.7512366139738132
TERM,13222,13457,0,0.7512366139738132
TERM,13458,13478,0,0.7512366139738132
TERM,13479,13715,0,0.7512366139738132
TERM,13716,14109,0,0.7512366139738132
TERM,14110,14603,0,0.7512366139738132
TERM,14604,14671,0,0.7512366139738132
TERM,14672,14793,0,0.7512366139738132
TERM,14794,14821,0,0.7512366139738132
TERM,14822,14884,0,0.7512366139738132
TERM,14885,15304,0,0.7512366139738132
