channel,start_time,stop_time,label,confidence
TERM,1,326,0,0.8445243028940691
TERM,327,539,0,0.8445243028940691
TERM,540,881,0,0.8445243028940691
TERM,882,1012,0,0.8445243028940691
TERM,1013,1116,0,0.8445243028940691
TERM,1117,1213,0,0.8445243028940691
TERM,1214,1261,0,0.8445243028940691
TERM,1262,1456,0,0.8445243028940691
TERM,1457,1569,0,0.8445243028940691
TERM,1570,1830,0,0.8445243028940691
TERM,1831,1862,0,0.8445243028940691
TERM,1863,1935,0,0.8445243028940691
TERM,1936,2050,0,0.8445243028940691
TERM,2051,2314,0,0.8445243028940691
TERM,2315,2813,0,0.8445243028940691
TERM,2814,2829,0,0.8445243028940691
