channel,start_time,stop_time,label,confidence
TERM,1,24,0,0.6184397772549526
TERM,25,237,0,0.6184397772549526
TERM,238,593,0,0.6184397772549526
TERM,594,963,0,0.6184397772549526
TERM,964,1261,0,0.6184397772549526
TERM,1262,1586,0,0.6184397772549526
TERM,1587,1729,0,0.6184397772549526
TERM,1730,1875,0,0.6184397772549526
TERM,1876,1937,0,0.6184397772549526
TERM,1938,2001,0,0.6184397772549526
TERM,2002,2383,0,0.6184397772549526
TERM,2384,2735,0,0.6184397772549526
TERM,2736,2869,0,0.6184397772549526
TERM,2870,3088,0,0.6184397772549526
TERM,3089,3549,0,0.6184397772549526
TERM,3550,3791,0,0.6184397772549526
TERM,3792,4186,0,0.6184397772549526
TERM,4187,4660,0,0.6184397772549526
TERM,4661,5029,0,0.6184397772549526
TERM,5030,5251,0,0.6184397772549526
TERM,5252,5588,0,0.6184397772549526
TERM,5589,5717,0,0.6184397772549526
TERM,5718,5873,0,0.6184397772549526
TERM,5874,6120,0,0.6184397772549526
TERM,6121,6264,0,0.6184397772549526
TERM,6265,6516,0,0.6184397772549526
TERM,6517,6618,0,0.6184397772549526
TERM,6619,6740,0,0.6184397772549526
TERM,6741,6845,0,0.6184397772549526
TERM,6846,6952,0,0.6184397772549526
TERM,6953,7258,0,0.6184397772549526
TERM,7259,7448,0,0.6184397772549526
TERM,7449,7842,0,0.6184397772549526
TERM,7843,8287,0,0.6184397772549526
TERM,8288,8510,0,0.6184397772549526
TERM,8511,8940,0,0.6184397772549526
TERM,8941,9411,0,0.6184397772549526
TERM,9412,9727,0,0.6184397772549526
TERM,9728,10171,0,0.6184397772549526
TERM,10172,10491,0,0.6184397772549526
TERM,10492,10908,0,0.6184397772549526
TERM,10909,11276,0,0.6184397772549526
TERM,11277,11731,0,0.6184397772549526
TERM,11732,12214,0,0.6184397772549526
TERM,12215,12369,0,0.6184397772549526
TERM,12370,12674,0,0.6184397772549526
TERM,12675,13107,0,0.6184397772549526
TERM,13108,13460,0,0.6184397772549526
TERM,13461,13729,0,0.6184397772549526
TERM,13730,14210,0,0.6184397772549526
TERM,14211,14566,0,0.6184397772549526
TERM,14567,14754,0,0.6184397772549526
TERM,14755,14933,0,0.6184397772549526
TERM,14934,15012,0,0.6184397772549526
TERM,15013,15114,0,0.6184397772549526
TERM,15115,15177,0,0.6184397772549526
TERM,15178,15554,0,0.6184397772549526
TERM,15555,15597,0,0.6184397772549526
TERM,15598,16032,0,0.6184397772549526
TERM,16033,16247,0,0.6184397772549526
