channel,start_time,stop_time,label,confidence
TERM,1,68,0,0.7306501612865577
TERM,69,420,0,0.7306501612865577
TERM,421,473,0,0.7306501612865577
TERM,474,911,0,0.7306501612865577
TERM,912,1095,0,0.7306501612865577
TERM,1096,1255,0,0.7306501612865577
TERM,1256,1522,0,0.7306501612865577
TERM,1523,1715,0,0.7306501612865577
TERM,1716,1992,0,0.7306501612865577
TERM,1993,2416,0,0.7306501612865577
TERM,2417,2856,0,0.7306501612865577
TERM,2857,2908,0,0.7306501612865577
TERM,2909,3256,0,0.7306501612865577
TERM,3257,3273,0,0.7306501612865577
TERM,3274,3614,0,0.7306501612865577
TERM,3615,3809,0,0.7306501612865577
TERM,3810,4143,0,0.7306501612865577
TERM,4144,4323,0,0.7306501612865577
TERM,4324,4412,0,0.7306501612865577
TERM,4413,4896,0,0.7306501612865577
TERM,4897,4936,0,0.7306501612865577
TERM,4937,5317,0,0.7306501612865577
TERM,5318,5473,0,0.7306501612865577
TERM,5474,5722,0,0.7306501612865577
TERM,5723,5938,0,0.7306501612865577
TERM,5939,6204,0,0.7306501612865577
TERM,6205,6663,0,0.7306501612865577
TERM,6664,7005,0,0.7306501612865577
