channel,start_time,stop_time,label,confidence
TERM,1,142,0,0.6011138438643933
TERM,143,480,0,0.6011138438643933
TERM,481,576,0,0.6011138438643933
TERM,577,931,0,0.6011138438643933
TERM,932,1418,0,0.6011138438643933
TERM,1419,1593,0,0.6011138438643933
TERM,1594,1983,0,0.6011138438643933
TERM,1984,2033,0,0.6011138438643933
TERM,2034,2332,0,0.6011138438643933
TERM,2333,2427,0,0.6011138438643933
TERM,2428,2694,0,0.6011138438643933
TERM,2695,2967,0,0.6011138438643933
TERM,2968,3378,0,0.6011138438643933
TERM,3379,3579,0,0.6011138438643933
TERM,3580,3878,0,0.6011138438643933
TERM,3879,4294,0,0.6011138438643933
TERM,4295,4737,0,0.6011138438643933
TERM,4738,4856,0,0.6011138438643933
TERM,4857,4986,0,0.6011138438643933
TERM,4987,5303,0,0.6011138438643933
TERM,5304,5608,0,0.6011138438643933
TERM,5609,6055,0,0.6011138438643933
TERM,6056,6388,0,0.6011138438643933
TERM,6389,6694,0,0.6011138438643933
TERM,6695,7112,0,0.6011138438643933
TERM,7113,7224,0,0.6011138438643933
TERM,7225,7566,0,0.6011138438643933
TERM,7567,7603,0,0.6011138438643933
TERM,7604,7665,0,0.6011138438643933
TERM,7666,7939,0,0.6011138438643933
TERM,7940,8215,0,0.6011138438643933
TERM,8216,8332,0,0.6011138438643933
TERM,8333,8664,0,0.6011138438643933
TERM,8665,9163,0,0.6011138438643933
TERM,9164,9358,0,0.6011138438643933
TERM,9359,9583,0,0.6011138438643933
TERM,9584,9903,0,0.6011138438643933
TERM,9904,10276,0,0.6011138438643933
TERM,10277,10686,0,0.6011138438643933
TERM,10687,10851,0,0.6011138438643933
TERM,10852,11109,0,0.6011138438643933
TERM,11110,11606,0,0.6011138438643933
TERM,11607,12016,0,0.6011138438643933
TERM,12017,12156,0,0.6011138438643933
TERM,12157,12414,0,0.6011138438643933
TERM,12415,12880,0,0.6011138438643933
TERM,12881,13292,0,0.6011138438643933
TERM,13293,13491,0,0.6011138438643933
TERM,13492,13915,0,0.6011138438643933
TERM,13916,14308,0,0.6011138438643933
TERM,14309,14434,0,0.6011138438643933
TERM,14435,14789,0,0.6011138438643933
TERM,14790,15168,0,0.6011138438643933
TERM,15169,15602,0,0.6011138438643933
TERM,15603,15763,0,0.6011138438643933
TERM,15764,16219,0,0.6011138438643933
TERM,16220,16509,0,0.6011138438643933
TERM,16510,16834,0,0.6011138438643933
TERM,16835,17303,0,0.6011138438643933
TERM,17304,17534,0,0.6011138438643933
TERM,17535,17815,0,0.6011138438643933
TERM,17816,18091,0,0.6011138438643933
TERM,18092,18205,0,0.6011138438643933
TERM,18206,18413,0,0.6011138438643933
TERM,18414,18819,0,0.6011138438643933
