channel,start_time,stop_time,label,confidence
TERM,1,233,0,0.5303318537941012
TERM,234,519,0,0.5303318537941012
TERM,520,999,0,0.5303318537941012
TERM,1000,1407,0,0.5303318537941012
TERM,1408,1580,0,0.5303318537941012
TERM,1581,1714,0,0.5303318537941012
TERM,1715,1737,0,0.5303318537941012
TERM,1738,2075,0,0.5303318537941012
TERM,2076,2319,0,0.5303318537941012
TERM,2320,2403,0,0.5303318537941012
TERM,2404,2437,0,0.5303318537941012
TERM,2438,2617,0,0.5303318537941012
TERM,2618,3076,0,0.5303318537941012
TERM,3077,3274,0,0.5303318537941012
TERM,3275,3669,0,0.5303318537941012
TERM,3670,4099,0,0.5303318537941012
TERM,4100,4425,0,0.5303318537941012
TERM,4426,4890,0,0.5303318537941012
TERM,4891,5217,0,0.5303318537941012
TERM,5218,5660,0,0.5303318537941012
TERM,5661,5803,0,0.5303318537941012
TERM,5804,6260,0,0.5303318537941012
TERM,6261,6691,0,0.5303318537941012
TERM,6692,6948,0,0.5303318537941012
TERM,6949,7105,0,0.5303318537941012
TERM,7106,7441,0,0.5303318537941012
TERM,7442,7756,0,0.5303318537941012
TERM,7757,8169,0,0.5303318537941012
TERM,8170,8644,0,0.5303318537941012
TERM,8645,8674,0,0.5303318537941012
TERM,8675,8840,0,0.5303318537941012
TERM,8841,9328,0,0.5303318537941012
TERM,9329,9640,0,0.5303318537941012
TERM,9641,10067,0,0.5303318537941012
TERM,10068,10328,0,0.5303318537941012
TERM,10329,10612,0,0.5303318537941012
TERM,10613,10644,0,0.5303318537941012
TERM,10645,10821,0,0.5303318537941012
TERM,10822,11197,0,0.5303318537941012
TERM,11198,11300,0,0.5303318537941012
TERM,11301,11454,0,0.5303318537941012
TERM,11455,11851,0,0.5303318537941012
TERM,11852,12262,0,0.5303318537941012
TERM,12263,12615,0,0.5303318537941012
TERM,12616,12684,0,0.5303318537941012
TERM,12685,12987,0,0.5303318537941012
TERM,12988,13082,0,0.5303318537941012
TERM,13083,13466,0,0.5303318537941012
TERM,13467,13788,0,0.5303318537941012
TERM,13789,14287,0,0.5303318537941012
TERM,14288,14379,0,0.5303318537941012
TERM,14380,14599,0,0.5303318537941012
TERM,14600,14882,0,0.5303318537941012
TERM,14883,15182,0,0.5303318537941012
TERM,15183,15329,0,0.5303318537941012
TERM,15330,15594,0,0.5303318537941012
TERM,15595,15820,0,0.5303318537941012
TERM,15821,16006,0,0.5303318537941012
TERM,16007,16032,0,0.5303318537941012
TERM,16033,16450,0,0.5303318537941012
