channel,start_time,stop_time,label,confidence
TERM,1,184,0,0.3895202517807776
TERM,185,207,0,0.3895202517807776
TERM,208,505,0,0.3895202517807776
TERM,506,869,0,0.3895202517807776
TERM,870,1194,0,0.3895202517807776
TERM,1195,1552,0,0.3895202517807776
TERM,1553,1798,0,0.3895202517807776
TERM,1799,1809,0,0.3895202517807776
TERM,1810,1926,0,0.3895202517807776
TERM,1927,2010,0,0.3895202517807776
TERM,2011,2243,0,0.3895202517807776
