channel,start_time,stop_time,label,confidence
TERM,1,250,0,0.4000180149732361
TERM,251,587,0,0.4000180149732361
TERM,588,719,0,0.4000180149732361
TERM,720,1069,0,0.4000180149732361
TERM,1070,1255,0,0.4000180149732361
TERM,1256,1745,0,0.4000180149732361
TERM,1746,2021,0,0.4000180149732361
TERM,2022,2319,0,0.4000180149732361
TERM,2320,2566,0,0.4000180149732361
TERM,2567,2595,0,0.4000180149732361
TERM,2596,2820,0,0.4000180149732361
TERM,2821,2951,0,0.4000180149732361
TERM,2952,3100,0,0.4000180149732361
TERM,3101,3125,0,0.4000180149732361
TERM,3126,3480,0,0.4000180149732361
TERM,3481,3509,0,0.4000180149732361
TERM,3510,3904,0,0.4000180149732361
TERM,3905,4044,0,0.4000180149732361
TERM,4045,4118,0,0.4000180149732361
TERM,4119,4534,0,0.4000180149732361
TERM,4535,4673,0,0.4000180149732361
TERM,4674,5114,0,0.4000180149732361
