channel,start_time,stop_time,label,confidence
TERM,1,137,0,0.5969747656667249
TERM,138,356,0,0.5969747656667249
TERM,357,579,0,0.5969747656667249
TERM,580,741,0,0.5969747656667249
TERM,742,1024,0,0.5969747656667249
TERM,1025,1427,0,0.5969747656667249
TERM,1428,1861,0,0.5969747656667249
TERM,1862,2329,0,0.5969747656667249
TERM,2330,2588,0,0.5969747656667249
TERM,2589,2737,0,0.5969747656667249
TERM,2738,3227,0,0.5969747656667249
TERM,3228,3623,0,0.5969747656667249
TERM,3624,3996,0,0.5969747656667249
TERM,3997,4014,0,0.5969747656667249
TERM,4015,4056,0,0.5969747656667249
TERM,4057,4549,0,0.5969747656667249
TERM,4550,4864,0,0.5969747656667249
TERM,4865,4940,0,0.5969747656667249
TERM,4941,5307,0,0.5969747656667249
TERM,5308,5733,0,0.5969747656667249
TERM,5734,5929,0,0.5969747656667249
TERM,5930,5999,0,0.5969747656667249
TERM,6000,6301,0,0.5969747656667249
TERM,6302,6678,0,0.5969747656667249
TERM,6679,6782,0,0.5969747656667249
TERM,6783,6861,0,0.5969747656667249
TERM,6862,6964,0,0.5969747656667249
TERM,6965,7433,0,0.5969747656667249
TERM,7434,7629,0,0.5969747656667249
TERM,7630,7746,0,0.5969747656667249
TERM,7747,8243,0,0.5969747656667249
TERM,8244,8450,0,0.5969747656667249
TERM,8451,8801,0,0.5969747656667249
TERM,8802,9002,0,0.5969747656667249
TERM,9003,9041,0,0.5969747656667249
TERM,9042,9105,0,0.5969747656667249
TERM,9106,9585,0,0.5969747656667249
TERM,9586,9723,0,0.5969747656667249
TERM,9724,9859,0,0.5969747656667249
TERM,9860,10226,0,0.5969747656667249
TERM,10227,10628,0,0.5969747656667249
TERM,10629,10818,0,0.5969747656667249
TERM,10819,10866,0,0.5969747656667249
TERM,10867,11270,0,0.5969747656667249
TERM,11271,11475,0,0.5969747656667249
TERM,11476,11537,0,0.5969747656667249
TERM,11538,11597,0,0.5969747656667249
TERM,11598,11830,0,0.5969747656667249
TERM,11831,12329,0,0.5969747656667249
TERM,12330,12691,0,0.5969747656667249
TERM,12692,13081,0,0.5969747656667249
TERM,13082,13370,0,0.5969747656667249
TERM,13371,13859,0,0.5969747656667249
TERM,13860,14182,0,0.5969747656667249
TERM,14183,14496,0,0.5969747656667249
TERM,14497,14965,0,0.5969747656667249
TERM,14966,15235,0,0.5969747656667249
TERM,15236,15603,0,0.5969747656667249
TERM,15604,15981,0,0.5969747656667249
TERM,15982,16213,0,0.5969747656667249
