channel,start_time,stop_time,label,confidence
TERM,1,417,0,0.6610733407111757
TERM,418,443,0,0.6610733407111757
TERM,444,477,0,0.6610733407111757
TERM,478,497,0,0.6610733407111757
TERM,498,849,0,0.6610733407111757
TERM,850,1219,0,0.6610733407111757
TERM,1220,1299,0,0.6610733407111757
TERM,1300,1684,0,0.6610733407111757
TERM,1685,1840,0,0.6610733407111757
TERM,1841,2011,0,0.6610733407111757
TERM,2012,2393,0,0.6610733407111757
TERM,2394,2452,0,0.6610733407111757
TERM,2453,2536,0,0.6610733407111757
TERM,2537,2729,0,0.6610733407111757
TERM,2730,3088,0,0.6610733407111757
TERM,3089,3297,0,0.6610733407111757
TERM,3298,3321,0,0.6610733407111757
TERM,3322,3396,0,0.6610733407111757
TERM,3397,3647,0,0.6610733407111757
TERM,3648,3743,0,0.6610733407111757
TERM,3744,4097,0,0.6610733407111757
TERM,4098,4415,0,0.6610733407111757
TERM,4416,4877,0,0.6610733407111757
TERM,4878,4887,0,0.6610733407111757
TERM,4888,5347,0,0.6610733407111757
TERM,5348,5445,0,0.6610733407111757
TERM,5446,5744,0,0.6610733407111757
TERM,5745,6076,0,0.6610733407111757
TERM,6077,6459,0,0.6610733407111757
TERM,6460,6701,0,0.6610733407111757
TERM,6702,6857,0,0.6610733407111757
TERM,6858,7065,0,0.6610733407111757
TERM,7066,7407,0,0.6610733407111757
TERM,7408,7690,0,0.6610733407111757
TERM,7691,7960,0,0.6610733407111757
TERM,7961,8279,0,0.6610733407111757
TERM,8280,8420,0,0.6610733407111757
TERM,8421,8845,0,0.6610733407111757
TERM,8846,9062,0,0.6610733407111757
TERM,9063,9268,0,0.6610733407111757
TERM,9269,9477,0,0.6610733407111757
TERM,9478,9780,0,0.6610733407111757
TERM,9781,10187,0,0.6610733407111757
TERM,10188,10251,0,0.6610733407111757
TERM,10252,10420,0,0.6610733407111757
TERM,10421,10742,0,0.6610733407111757
TERM,10743,11227,0,0.6610733407111757
TERM,11228,11427,0,0.6610733407111757
TERM,11428,11767,0,0.6610733407111757
TERM,11768,11976,0,0.6610733407111757
TERM,11977,12089,0,0.6610733407111757
TERM,12090,12224,0,0.6610733407111757
TERM,12225,12553,0,0.6610733407111757
TERM,12554,12917,0,0.6610733407111757
TERM,12918,12970,0,0.6610733407111757
TERM,12971,13382,0,0.6610733407111757
TERM,13383,13540,0,0.6610733407111757
TERM,13541,13696,0,0.6610733407111757
TERM,13697,14105,0,0.6610733407111757
TERM,14106,14302,0,0.6610733407111757
