channel,start_time,stop_time,label,confidence
TERM,1,183,0,0.5521569534094066
TERM,184,543,0,0.5521569534094066
TERM,544,619,0,0.5521569534094066
TERM,620,793,0,0.5521569534094066
TERM,794,1264,0,0.5521569534094066
TERM,1265,1658,0,0.5521569534094066
TERM,1659,1829,0,0.5521569534094066
TERM,1830,2239,0,0.5521569534094066
TERM,2240,2684,0,0.5521569534094066
TERM,2685,3049,0,0.5521569534094066
TERM,3050,3395,0,0.5521569534094066
TERM,3396,3794,0,0.5521569534094066
TERM,3795,3998,0,0.5521569534094066
TERM,3999,4283,0,0.5521569534094066
TERM,4284,4526,0,0.5521569534094066
TERM,4527,4694,0,0.5521569534094066
TERM,4695,4790,0,0.5521569534094066
TERM,4791,5235,0,0.5521569534094066
TERM,5236,5325,0,0.5521569534094066
TERM,5326,5668,0,0.5521569534094066
TERM,5669,5795,0,0.5521569534094066
TERM,5796,6107,0,0.5521569534094066
TERM,6108,6450,0,0.5521569534094066
TERM,6451,6659,0,0.5521569534094066
TERM,6660,6703,0,0.5521569534094066
TERM,6704,7134,0,0.5521569534094066
TERM,7135,7428,0,0.5521569534094066
TERM,7429,7464,0,0.5521569534094066
TERM,7465,7910,0,0.5521569534094066
TERM,7911,8120,0,0.5521569534094066
TERM,8121,8553,0,0.5521569534094066
TERM,8554,8846,0,0.5521569534094066
TERM,8847,9231,0,0.5521569534094066
TERM,9232,9632,0,0.5521569534094066
TERM,9633,9858,0,0.5521569534094066
TERM,9859,10124,0,0.5521569534094066
