channel,start_time,stop_time,label,confidence
TERM,1,381,0,0.7955004016431142
TERM,382,743,0,0.7955004016431142
TERM,744,907,0,0.7955004016431142
TERM,908,965,0,0.7955004016431142
TERM,966,1035,0,0.7955004016431142
TERM,1036,1145,0,0.7955004016431142
TERM,1146,1505,0,0.7955004016431142
TERM,1506,1854,0,0.7955004016431142
TERM,1855,2251,0,0.7955004016431142
TERM,2252,2697,0,0.7955004016431142
TERM,2698,2991,0,0.7955004016431142
TERM,2992,3294,0,0.7955004016431142
TERM,3295,3436,0,0.7955004016431142
TERM,3437,3650,0,0.7955004016431142
