channel,start_time,stop_time,label,confidence
TERM,1,491,0,0.4877857761994083
TERM,492,761,0,0.4877857761994083
TERM,762,1174,0,0.4877857761994083
TERM,1175,1400,0,0.4877857761994083
TERM,1401,1530,0,0.4877857761994083
TERM,1531,1867,0,0.4877857761994083
TERM,1868,1901,0,0.4877857761994083
TERM,1902,2082,0,0.4877857761994083
TERM,2083,2254,0,0.4877857761994083
TERM,2255,2753,0,0.4877857761994083
TERM,2754,3105,0,0.4877857761994083
TERM,3106,3124,0,0.4877857761994083
TERM,3125,3352,0,0.4877857761994083
TERM,3353,3546,0,0.4877857761994083
TERM,3547,3759,0,0.4877857761994083
TERM,3760,3999,0,0.4877857761994083
TERM,4000,4161,0,0.4877857761994083
TERM,4162,4290,0,0.4877857761994083
TERM,4291,4600,0,0.4877857761994083
TERM,4601,5050,0,0.4877857761994083
TERM,5051,5238,0,0.4877857761994083
TERM,5239,5454,0,0.4877857761994083
TERM,5455,5797,0,0.4877857761994083
TERM,5798,6099,0,0.4877857761994083
TERM,6100,6148,0,0.4877857761994083
TERM,6149,6477,0,0.4877857761994083
TERM,6478,6794,0,0.4877857761994083
TERM,6795,6942,0,0.4877857761994083
TERM,6943,7401,0,0.4877857761994083
TERM,7402,7711,0,0.4877857761994083
TERM,7712,7995,0,0.4877857761994083
TERM,7996,8313,0,0.4877857761994083
TERM,8314,8688,0,0.4877857761994083
