channel,start_time,stop_time,label,confidence
TERM,1,225,0,0.7084020462670062
TERM,226,235,0,0.7084020462670062
TERM,236,667,0,0.7084020462670062
TERM,668,907,0,0.7084020462670062
TERM,908,1290,0,0.7084020462670062
TERM,1291,1346,0,0.7084020462670062
TERM,1347,1432,0,0.7084020462670062
TERM,1433,1731,0,0.7084020462670062
TERM,1732,1832,0,0.7084020462670062
TERM,1833,2256,0,0.7084020462670062
TERM,2257,2587,0,0.7084020462670062
TERM,2588,2644,0,0.7084020462670062
TERM,2645,3043,0,0.7084020462670062
TERM,3044,3459,0,0.7084020462670062
TERM,3460,3563,0,0.7084020462670062
TERM,3564,3589,0,0.7084020462670062
TERM,3590,3658,0,0.7084020462670062
TERM,3659,3880,0,0.7084020462670062
TERM,3881,4168,0,0.7084020462670062
TERM,4169,4600,0,0.7084020462670062
TERM,4601,4988,0,0.7084020462670062
TERM,4989,5212,0,0.7084020462670062
TERM,5213,5390,0,0.7084020462670062
TERM,5391,5472,0,0.7084020462670062
TERM,5473,5878,0,0.7084020462670062
TERM,5879,6307,0,0.7084020462670062
TERM,6308,6593,0,0.7084020462670062
TERM,6594,6924,0,0.7084020462670062
TERM,6925,7213,0,0.7084020462670062
TERM,7214,7406,0,0.7084020462670062
TERM,7407,7468,0,0.7084020462670062
TERM,7469,7488,0,0.7084020462670062
TERM,7489,7908,0,0.7084020462670062
TERM,7909,7992,0,0.7084020462670062
TERM,7993,8285,0,0.7084020462670062
TERM,8286,8529,0,0.7084020462670062
TERM,8530,8631,0,0.7084020462670062
TERM,8632,8916,0,0.7084020462670062
TERM,8917,8981,0,0.7084020462670062
TERM,8982,9030,0,0.7084020462670062
TERM,9031,9170,0,0.7084020462670062
TERM,9171,9535,0,0.7084020462670062
TERM,9536,9579,0,0.7084020462670062
TERM,9580,9861,0,0.7084020462670062
TERM,9862,10022,0,0.7084020462670062
TERM,10023,10095,0,0.7084020462670062
TERM,10096,10468,0,0.7084020462670062
TERM,10469,10608,0,0.7084020462670062
