channel,start_time,stop_time,label,confidence
TERM,1,428,0,0.7724512626085991
TERM,429,760,0,0.7724512626085991
TERM,761,864,0,0.7724512626085991
TERM,865,1098,0,0.7724512626085991
TERM,1099,1397,0,0.7724512626085991
TERM,1398,1803,0,0.7724512626085991
TERM,1804,1915,0,0.7724512626085991
TERM,1916,2170,0,0.7724512626085991
TERM,2171,2530,0,0.7724512626085991
TERM,2531,2962,0,0.7724512626085991
TERM,2963,3014,0,0.7724512626085991
TERM,3015,3106,0,0.7724512626085991
TERM,3107,3274,0,0.7724512626085991
TERM,3275,3723,0,0.7724512626085991
TERM,3724,3979,0,0.7724512626085991
TERM,3980,4399,0,0.7724512626085991
TERM,4400,4816,0,0.7724512626085991
TERM,4817,5221,0,0.7724512626085991
TERM,5222,5378,0,0.7724512626085991
TERM,5379,5441,0,0.7724512626085991
TERM,5442,5736,0,0.7724512626085991
TERM,5737,6111,0,0.7724512626085991
TERM,6112,6572,0,0.7724512626085991
TERM,6573,7013,0,0.7724512626085991
TERM,7014,7181,0,0.7724512626085991
TERM,7182,7224,0,0.7724512626085991
TERM,7225,7607,0,0.7724512626085991
TERM,7608,7848,0,0.7724512626085991
TERM,7849,8265,0,0.7724512626085991
TERM,8266,8498,0,0.7724512626085991
TERM,8499,8635,0,0.7724512626085991
TERM,8636,8866,0,0.7724512626085991
TERM,8867,9229,0,0.7724512626085991
TERM,9230,9538,0,0.7724512626085991
TERM,9539,9997,0,0.7724512626085991
TERM,9998,10367,0,0.7724512626085991
TERM,10368,10419,0,0.7724512626085991
TERM,10420,10501,0,0.7724512626085991
TERM,10502,10598,0,0.7724512626085991
TERM,10599,10712,0,0.7724512626085991
TERM,10713,10794,0,0.7724512626085991
TERM,10795,10929,0,0.7724512626085991
TERM,10930,11135,0,0.7724512626085991
TERM,11136,11332,0,0.7724512626085991
TERM,11333,11446,0,0.7724512626085991
TERM,11447,11532,0,0.7724512626085991
TERM,11533,11910,0,0.7724512626085991
TERM,11911,12141,0,0.7724512626085991
TERM,12142,12486,0,0.7724512626085991
TERM,12487,12618,0,0.7724512626085991
TERM,12619,12653,0,0.7724512626085991
TERM,12654,13038,0,0.7724512626085991
TERM,13039,13351,0,0.7724512626085991
TERM,13352,13591,0,0.7724512626085991
TERM,13592,14056,0,0.7724512626085991
TERM,14057,14278,0,0.7724512626085991
TERM,14279,14414,0,0.7724512626085991
TERM,14415,14532,0,0.7724512626085991
TERM,14533,14572,0,0.7724512626085991
TERM,14573,14665,0,0.7724512626085991
