channel,start_time,stop_time,label,confidence
TERM,1,64,0,0.6381375112849611
TERM,65,457,0,0.6381375112849611
TERM,458,933,0,0.6381375112849611
TERM,934,1134,0,0.6381375112849611
TERM,1135,1319,0,0.6381375112849611
TERM,1320,1606,0,0.6381375112849611
TERM,1607,2058,0,0.6381375112849611
TERM,2059,2502,0,0.6381375112849611
TERM,2503,2766,0,0.6381375112849611
TERM,2767,2859,0,0.6381375112849611
TERM,2860,3142,0,0.6381375112849611
