channel,start_time,stop_time,label,confidence
TERM,1,465,0,0.7112118804050122
TERM,466,539,0,0.7112118804050122
TERM,540,767,0,0.7112118804050122
TERM,768,931,0,0.7112118804050122
TERM,932,1315,0,0.7112118804050122
TERM,1316,1442,0,0.7112118804050122
TERM,1443,1704,0,0.7112118804050122
TERM,1705,1743,0,0.7112118804050122
TERM,1744,2047,0,0.7112118804050122
TERM,2048,2292,0,0.7112118804050122
TERM,2293,2616,0,0.7112118804050122
TERM,2617,2767,0,0.7112118804050122
TERM,2768,2981,0,0.7112118804050122
TERM,2982,3219,0,0.7112118804050122
TERM,3220,3309,0,0.7112118804050122
TERM,3310,3708,0,0.7112118804050122
TERM,3709,4154,0,0.7112118804050122
TERM,4155,4202,0,0.7112118804050122
TERM,4203,4566,0,0.7112118804050122
TERM,4567,4800,0,0.7112118804050122
TERM,4801,5223,0,0.7112118804050122
TERM,5224,5406,0,0.7112118804050122
TERM,5407,5451,0,0.7112118804050122
TERM,5452,5839,0,0.7112118804050122
TERM,5840,6313,0,0.7112118804050122
TERM,6314,6792,0,0.7112118804050122
TERM,6793,7104,0,0.7112118804050122
TERM,7105,7388,0,0.7112118804050122
TERM,7389,7556,0,0.7112118804050122
TERM,7557,7964,0,0.7112118804050122
TERM,7965,8247,0,0.7112118804050122
TERM,8248,8429,0,0.7112118804050122
