channel,start_time,stop_time,label,confidence
TERM,1,127,0,0.6796817483231608
TERM,128,456,0,0.6796817483231608
TERM,457,591,0,0.6796817483231608
TERM,592,673,0,0.6796817483231608
TERM,674,799,0,0.6796817483231608
TERM,800,836,0,0.6796817483231608
TERM,837,986,0,0.6796817483231608
TERM,987,1091,0,0.6796817483231608
TERM,1092,1133,0,0.6796817483231608
TERM,1134,1595,0,0.6796817483231608
TERM,1596,2084,0,0.6796817483231608
TERM,2085,2568,0,0.6796817483231608
TERM,2569,2935,0,0.6796817483231608
TERM,2936,3015,0,0.6796817483231608
TERM,3016,3065,0,0.6796817483231608
TERM,3066,3197,0,0.6796817483231608
TERM,3198,3214,0,0.6796817483231608
TERM,3215,3342,0,0.6796817483231608
TERM,3343,3770,0,0.6796817483231608
TERM,3771,3827,0,0.6796817483231608
TERM,3828,3933,0,0.6796817483231608
TERM,3934,4027,0,0.6796817483231608
TERM,4028,4061,0,0.6796817483231608
TERM,4062,4400,0,0.6796817483231608
TERM,4401,4677,0,0.6796817483231608
TERM,4678,4928,0,0.6796817483231608
TERM,4929,5299,0,0.6796817483231608
TERM,5300,5354,0,0.6796817483231608
TERM,5355,5698,0,0.6796817483231608
TERM,5699,5820,0,0.6796817483231608
TERM,5821,6111,0,0.6796817483231608
TERM,6112,6179,0,0.6796817483231608
TERM,6180,6644,0,0.6796817483231608
TERM,6645,6864,0,0.6796817483231608
TERM,6865,7298,0,0.6796817483231608
TERM,7299,7730,0,0.6796817483231608
TERM,7731,8113,0,0.6796817483231608
TERM,8114,8424,0,0.6796817483231608
TERM,8425,8769,0,0.6796817483231608
TERM,8770,9120,0,0.6796817483231608
TERM,9121,9430,0,0.6796817483231608
TERM,9431,9728,0,0.6796817483231608
TERM,9729,9824,0,0.6796817483231608
TERM,9825,10058,0,0.6796817483231608
TERM,10059,10303,0,0.6796817483231608
