channel,start_time,stop_time,label,confidence
TERM,1,54,0,0.58179873388261
TERM,55,415,0,0.58179873388261
TERM,416,600,0,0.58179873388261
TERM,601,971,0,0.58179873388261
TERM,972,1207,0,0.58179873388261
TERM,1208,1665,0,0.58179873388261
TERM,1666,1695,0,0.58179873388261
TERM,1696,2171,0,0.58179873388261
TERM,2172,2383,0,0.58179873388261
TERM,2384,2437,0,0.58179873388261
TERM,2438,2865,0,0.58179873388261
TERM,2866,3285,0,0.58179873388261
TERM,3286,3782,0,0.58179873388261
TERM,3783,4040,0,0.58179873388261
TERM,4041,4260,0,0.58179873388261
TERM,4261,4316,0,0.58179873388261
TERM,4317,4518,0,0.58179873388261
TERM,4519,4717,0,0.58179873388261
TERM,4718,5135,0,0.58179873388261
TERM,5136,5173,0,0.58179873388261
TERM,5174,5529,0,0.58179873388261
TERM,5530,5968,0,0.58179873388261
TERM,5969,6199,0,0.58179873388261
TERM,6200,6577,0,0.58179873388261
TERM,6578,6939,0,0.58179873388261
TERM,6940,7422,0,0.58179873388261
TERM,7423,7548,0,0.58179873388261
TERM,7549,7771,0,0.58179873388261
TERM,7772,7976,0,0.58179873388261
TERM,7977,8126,0,0.58179873388261
TERM,8127,8278,0,0.58179873388261
TERM,8279,8478,0,0.58179873388261
TERM,8479,8585,0,0.58179873388261
TERM,8586,8821,0,0.58179873388261
TERM,8822,9054,0,0.58179873388261
TERM,9055,9273,0,0.58179873388261
TERM,9274,9753,0,0.58179873388261
TERM,9754,10178,0,0.58179873388261
TERM,10179,10671,0,0.58179873388261
TERM,10672,11050,0,0.58179873388261
TERM,11051,11285,0,0.58179873388261
TERM,11286,11475,0,0.58179873388261
TERM,11476,11954,0,0.58179873388261
TERM,11955,12220,0,0.58179873388261
TERM,12221,12373,0,0.58179873388261
TERM,12374,12404,0,0.58179873388261
TERM,12405,12699,0,0.58179873388261
TERM,12700,12788,0,0.58179873388261
TERM,12789,12856,0,0.58179873388261
TERM,12857,13313,0,0.58179873388261
TERM,13314,13410,0,0.58179873388261
TERM,13411,13422,0,0.58179873388261
TERM,13423,13564,0,0.58179873388261
TERM,13565,13975,0,0.58179873388261
TERM,13976,14062,0,0.58179873388261
TERM,14063,14380,0,0.58179873388261
TERM,14381,14739,0,0.58179873388261
TERM,14740,14810,0,0.58179873388261
TERM,14811,15001,0,0.58179873388261
TERM,15002,15375,0,0.58179873388261
