channel,start_time,stop_time,label,confidence
TERM,1,236,0,0.5767944294240421
TERM,237,449,0,0.5767944294240421
TERM,450,774,0,0.5767944294240421
TERM,775,815,0,0.5767944294240421
TERM,816,1270,0,0.5767944294240421
TERM,1271,1319,0,0.5767944294240421
TERM,1320,1439,0,0.5767944294240421
TERM,1440,1808,0,0.5767944294240421
TERM,1809,2104,0,0.5767944294240421
TERM,2105,2372,0,0.5767944294240421
TERM,2373,2560,0,0.5767944294240421
TERM,2561,3057,0,0.5767944294240421
TERM,3058,3155,0,0.5767944294240421
TERM,3156,3635,0,0.5767944294240421
TERM,3636,4055,0,0.5767944294240421
TERM,4056,4318,0,0.5767944294240421
TERM,4319,4335,0,0.5767944294240421
TERM,4336,4399,0,0.5767944294240421
TERM,4400,4752,0,0.5767944294240421
TERM,4753,5125,0,0.5767944294240421
TERM,5126,5203,0,0.5767944294240421
TERM,5204,5227,0,0.5767944294240421
TERM,5228,5648,0,0.5767944294240421
TERM,5649,5878,0,0.5767944294240421
TERM,5879,6368,0,0.5767944294240421
TERM,6369,6472,0,0.5767944294240421
TERM,6473,6610,0,0.5767944294240421
TERM,6611,6739,0,0.5767944294240421
TERM,6740,6911,0,0.5767944294240421
TERM,6912,6924,0,0.5767944294240421
TERM,6925,7392,0,0.5767944294240421
TERM,7393,7487,0,0.5767944294240421
TERM,7488,7810,0,0.5767944294240421
TERM,7811,7909,0,0.5767944294240421
TERM,7910,7960,0,0.5767944294240421
TERM,7961,8206,0,0.5767944294240421
TERM,8207,8484,0,0.5767944294240421
TERM,8485,8631,0,0.5767944294240421
TERM,8632,8922,0,0.5767944294240421
TERM,8923,9027,0,0.5767944294240421
TERM,9028,9502,0,0.5767944294240421
TERM,9503,9530,0,0.5767944294240421
TERM,9531,9718,0,0.5767944294240421
TERM,9719,9772,0,0.5767944294240421
