channel,start_time,stop_time,label,confidence
TERM,1,426,0,0.6425831441242337
TERM,427,890,0,0.6425831441242337
TERM,891,1290,0,0.6425831441242337
TERM,1291,1427,0,0.6425831441242337
TERM,1428,1586,0,0.6425831441242337
TERM,1587,1680,0,0.6425831441242337
TERM,1681,1740,0,0.6425831441242337
TERM,1741,2231,0,0.6425831441242337
TERM,2232,2672,0,0.6425831441242337
TERM,2673,2838,0,0.6425831441242337
TERM,2839,3060,0,0.6425831441242337
TERM,3061,3344,0,0.6425831441242337
TERM,3345,3749,0,0.6425831441242337
TERM,3750,4198,0,0.6425831441242337
TERM,4199,4300,0,0.6425831441242337
TERM,4301,4575,0,0.6425831441242337
TERM,4576,4678,0,0.6425831441242337
TERM,4679,5086,0,0.6425831441242337
TERM,5087,5195,0,0.6425831441242337
TERM,5196,5278,0,0.6425831441242337
TERM,5279,5584,0,0.6425831441242337
TERM,5585,5863,0,0.6425831441242337
TERM,5864,6009,0,0.6425831441242337
TERM,6010,6448,0,0.6425831441242337
TERM,6449,6934,0,0.6425831441242337
TERM,6935,6963,0,0.6425831441242337
TERM,6964,7243,0,0.6425831441242337
TERM,7244,7259,0,0.6425831441242337
TERM,7260,7492,0,0.6425831441242337
TERM,7493,7745,0,0.6425831441242337
TERM,7746,8092,0,0.6425831441242337
TERM,8093,8514,0,0.6425831441242337
TERM,8515,8903,0,0.6425831441242337
TERM,8904,8961,0,0.6425831441242337
TERM,8962,9416,0,0.6425831441242337
TERM,9417,9685,0,0.6425831441242337
TERM,9686,9998,0,0.6425831441242337
TERM,9999,10445,0,0.6425831441242337
TERM,10446,10821,0,0.6425831441242337
TERM,10822,11241,0,0.6425831441242337
TERM,11242,11435,0,0.6425831441242337
TERM,11436,11877,0,0.6425831441242337
TERM,11878,12241,0,0.6425831441242337
TERM,12242,12401,0,0.6425831441242337
TERM,12402,12763,0,0.6425831441242337
TERM,12764,13135,0,0.6425831441242337
TERM,13136,13184,0,0.6425831441242337
TERM,13185,13477,0,0.6425831441242337
TERM,13478,13488,0,0.6425831441242337
TERM,13489,13705,0,0.6425831441242337
TERM,13706,13834,0,0.6425831441242337
TERM,13835,13977,0,0.6425831441242337
TERM,13978,14424,0,0.6425831441242337
TERM,14425,14447,0,0.6425831441242337
TERM,14448,14672,0,0.6425831441242337
TERM,14673,15000,0,0.6425831441242337
TERM,15001,15161,0,0.6425831441242337
TERM,15162,15458,0,0.6425831441242337
TERM,15459,15577,0,0.6425831441242337
TERM,15578,15612,0,0.6425831441242337
TERM,15613,15687,0,0.6425831441242337
TERM,15688,15858,0,0.6425831441242337
TERM,15859,16149,0,0.6425831441242337
TERM,16150,16193,0,0.6425831441242337
