channel,start_time,stop_time,label,confidence
TERM,1,134,0,0.6439250824773226
TERM,135,193,0,0.6439250824773226
TERM,194,252,0,0.6439250824773226
TERM,253,630,0,0.6439250824773226
TERM,631,877,0,0.6439250824773226
TERM,878,1081,0,0.6439250824773226
TERM,1082,1203,0,0.6439250824773226
TERM,1204,1282,0,0.6439250824773226
TERM,1283,1718,0,0.6439250824773226
TERM,1719,2115,0,0.6439250824773226
TERM,2116,2274,0,0.6439250824773226
TERM,2275,2459,0,0.6439250824773226
TERM,2460,2607,0,0.6439250824773226
TERM,2608,2775,0,0.6439250824773226
TERM,2776,3031,0,0.6439250824773226
TERM,3032,3282,0,0.6439250824773226
TERM,3283,3459,0,0.6439250824773226
TERM,3460,3566,0,0.6439250824773226
TERM,3567,4050,0,0.6439250824773226
TERM,4051,4478,0,0.6439250824773226
TERM,4479,4519,0,0.6439250824773226
TERM,4520,4531,0,0.6439250824773226
TERM,4532,4862,0,0.6439250824773226
TERM,4863,5218,0,0.6439250824773226
TERM,5219,5691,0,0.6439250824773226
TERM,5692,6051,0,0.6439250824773226
TERM,6052,6372,0,0.6439250824773226
TERM,6373,6778,0,0.6439250824773226
