channel,start_time,stop_time,label,confidence
TERM,1,460,0,0.6869123568975504
TERM,461,587,0,0.6869123568975504
TERM,588,1086,0,0.6869123568975504
TERM,1087,1435,0,0.6869123568975504
TERM,1436,1751,0,0.6869123568975504
TERM,1752,1973,0,0.6869123568975504
TERM,1974,2063,0,0.6869123568975504
TERM,2064,2507,0,0.6869123568975504
TERM,2508,2959,0,0.6869123568975504
TERM,2960,3148,0,0.6869123568975504
TERM,3149,3357,0,0.6869123568975504
TERM,3358,3724,0,0.6869123568975504
TERM,3725,4088,0,0.6869123568975504
TERM,4089,4366,0,0.6869123568975504
TERM,4367,4598,0,0.6869123568975504
TERM,4599,4947,0,0.6869123568975504
TERM,4948,5300,0,0.6869123568975504
TERM,5301,5685,0,0.6869123568975504
TERM,5686,5904,0,0.6869123568975504
TERM,5905,6378,0,0.6869123568975504
TERM,6379,6783,0,0.6869123568975504
TERM,6784,6937,0,0.6869123568975504
TERM,6938,7155,0,0.6869123568975504
TERM,7156,7554,0,0.6869123568975504
TERM,7555,7620,0,0.6869123568975504
TERM,7621,7862,0,0.6869123568975504
TERM,7863,8318,0,0.6869123568975504
TERM,8319,8741,0,0.6869123568975504
TERM,8742,8974,0,0.6869123568975504
TERM,8975,9280,0,0.6869123568975504
TERM,9281,9457,0,0.6869123568975504
TERM,9458,9542,0,0.6869123568975504
TERM,9543,9995,0,0.6869123568975504
TERM,9996,10345,0,0.6869123568975504
TERM,10346,10435,0,0.6869123568975504
TERM,10436,10744,0,0.6869123568975504
TERM,10745,10816,0,0.6869123568975504
TERM,10817,11168,0,0.6869123568975504
TERM,11169,11278,0,0.6869123568975504
TERM,11279,11508,0,0.6869123568975504
TERM,11509,11783,0,0.6869123568975504
TERM,11784,12261,0,0.6869123568975504
TERM,12262,12301,0,0.6869123568975504
TERM,12302,12426,0,0.6869123568975504
TERM,12427,12625,0,0.6869123568975504
TERM,12626,12754,0,0.6869123568975504
TERM,12755,13137,0,0.6869123568975504
TERM,13138,13315,0,0.6869123568975504
TERM,13316,13756,0,0.6869123568975504
TERM,13757,14160,0,0.6869123568975504
TERM,14161,14246,0,0.6869123568975504
TERM,14247,14321,0,0.6869123568975504
TERM,14322,14407,0,0.6869123568975504
TERM,14408,14571,0,0.6869123568975504
TERM,14572,14711,0,0.6869123568975504
TERM,14712,15074,0,0.6869123568975504
TERM,15075,15549,0,0.6869123568975504
TERM,15550,15713,0,0.6869123568975504
TERM,15714,15838,0,0.6869123568975504
TERM,15839,16073,0,0.6869123568975504
TERM,16074,16349,0,0.6869123568975504
TERM,16350,16672,0,0.6869123568975504
TERM,16673,16909,0,0.6869123568975504
TERM,16910,17107,0,0.6869123568975504
TERM,17108,17183,0,0.6869123568975504
