channel,start_time,stop_time,label,confidence
TERM,1,158,0,0.461467038727734
TERM,159,426,0,0.461467038727734
TERM,427,610,0,0.461467038727734
TERM,611,648,0,0.461467038727734
TERM,649,926,0,0.461467038727734
TERM,927,1086,0,0.461467038727734
TERM,1087,1156,0,0.461467038727734
TERM,1157,1576,0,0.461467038727734
TERM,1577,1817,0,0.461467038727734
TERM,1818,2240,0,0.461467038727734
TERM,2241,2413,0,0.461467038727734
TERM,2414,2527,0,0.461467038727734
TERM,2528,2972,0,0.461467038727734
TERM,2973,3264,0,0.461467038727734
TERM,3265,3404,0,0.461467038727734
TERM,3405,3480,0,0.461467038727734
TERM,3481,3756,0,0.461467038727734
TERM,3757,3819,0,0.461467038727734
TERM,3820,4305,0,0.461467038727734
TERM,4306,4771,0,0.461467038727734
TERM,4772,5224,0,0.461467038727734
TERM,5225,5235,0,0.461467038727734
TERM,5236,5446,0,0.461467038727734
TERM,5447,5745,0,0.461467038727734
TERM,5746,6224,0,0.461467038727734
TERM,6225,6680,0,0.461467038727734
TERM,6681,7019,0,0.461467038727734
TERM,7020,7407,0,0.461467038727734
TERM,7408,7455,0,0.461467038727734
TERM,7456,7743,0,0.461467038727734
TERM,7744,7822,0,0.461467038727734
TERM,7823,8004,0,0.461467038727734
TERM,8005,8464,0,0.461467038727734
TERM,8465,8509,0,0.461467038727734
TERM,8510,8528,0,0.461467038727734
TERM,8529,8559,0,0.461467038727734
TERM,8560,8610,0,0.461467038727734
TERM,8611,8922,0,0.461467038727734
TERM,8923,9274,0,0.461467038727734
TERM,9275,9752,0,0.461467038727734
TERM,9753,9835,0,0.461467038727734
TERM,9836,10121,0,0.461467038727734
TERM,10122,10183,0,0.461467038727734
TERM,10184,10284,0,0.461467038727734
TERM,10285,10739,0,0.461467038727734
TERM,10740,10960,0,0.461467038727734
TERM,10961,11242,0,0.461467038727734
TERM,11243,11648,0,0.461467038727734
TERM,11649,11861,0,0.461467038727734
TERM,11862,11985,0,0.461467038727734
TERM,11986,12043,0,0.461467038727734
TERM,12044,12072,0,0.461467038727734
