channel,start_time,stop_time,label,confidence
TERM,1,66,0,0.8714808014206195
TERM,67,419,0,0.8714808014206195
TERM,420,450,0,0.8714808014206195
TERM,451,642,0,0.8714808014206195
TERM,643,700,0,0.8714808014206195
TERM,701,716,0,0.8714808014206195
TERM,717,803,0,0.8714808014206195
TERM,804,1262,0,0.8714808014206195
TERM,1263,1658,0,0.8714808014206195
TERM,1659,1685,0,0.8714808014206195
TERM,1686,1977,0,0.8714808014206195
TERM,1978,2177,0,0.8714808014206195
TERM,2178,2610,0,0.8714808014206195
TERM,2611,2926,0,0.8714808014206195
