channel,start_time,stop_time,label,confidence
TERM,1,206,0,0.7029150742680246
TERM,207,315,0,0.7029150742680246
TERM,316,608,0,0.7029150742680246
TERM,609,933,0,0.7029150742680246
TERM,934,1120,0,0.7029150742680246
TERM,1121,1244,0,0.7029150742680246
TERM,1245,1340,0,0.7029150742680246
TERM,1341,1625,0,0.7029150742680246
TERM,1626,1703,0,0.7029150742680246
TERM,1704,1715,0,0.7029150742680246
TERM,1716,2083,0,0.7029150742680246
TERM,2084,2492,0,0.7029150742680246
