channel,start_time,stop_time,label,confidence
TERM,1,466,0,0.794848293778838
TERM,467,537,0,0.794848293778838
TERM,538,814,0,0.794848293778838
TERM,815,873,0,0.794848293778838
TERM,874,888,0,0.794848293778838
TERM,889,1263,0,0.794848293778838
TERM,1264,1562,0,0.794848293778838
TERM,1563,1845,0,0.794848293778838
TERM,1846,2106,0,0.794848293778838
TERM,2107,2354,0,0.794848293778838
TERM,2355,2664,0,0.794848293778838
TERM,2665,3060,0,0.794848293778838
