channel,start_time,stop_time,label,confidence
TERM,1,300,0,0.5313208529907985
TERM,301,777,0,0.5313208529907985
TERM,778,1073,0,0.5313208529907985
TERM,1074,1134,0,0.5313208529907985
TERM,1135,1589,0,0.5313208529907985
TERM,1590,2036,0,0.5313208529907985
TERM,2037,2435,0,0.5313208529907985
TERM,2436,2618,0,0.5313208529907985
TERM,2619,2753,0,0.5313208529907985
TERM,2754,3137,0,0.5313208529907985
TERM,3138,3630,0,0.5313208529907985
TERM,3631,4041,0,0.5313208529907985
TERM,4042,4514,0,0.5313208529907985
TERM,4515,5006,0,0.5313208529907985
TERM,5007,5483,0,0.5313208529907985
TERM,5484,5869,0,0.5313208529907985
TERM,5870,6011,0,0.5313208529907985
TERM,6012,6384,0,0.5313208529907985
TERM,6385,6739,0,0.5313208529907985
TERM,6740,7096,0,0.5313208529907985
TERM,7097,7444,0,0.5313208529907985
TERM,7445,7880,0,0.5313208529907985
TERM,7881,8304,0,0.5313208529907985
TERM,8305,8410,0,0.5313208529907985
TERM,8411,8800,0,0.5313208529907985
TERM,8801,9165,0,0.5313208529907985
TERM,9166,9520,0,0.5313208529907985
TERM,9521,9656,0,0.5313208529907985
