channel,start_time,stop_time,label,confidence
TERM,1,444,0,0.5857920279643785
TERM,445,549,0,0.5857920279643785
TERM,550,799,0,0.5857920279643785
TERM,800,1147,0,0.5857920279643785
TERM,1148,1345,0,0.5857920279643785
TERM,1346,1687,0,0.5857920279643785
TERM,1688,2057,0,0.5857920279643785
TERM,2058,2176,0,0.5857920279643785
TERM,2177,2609,0,0.5857920279643785
TERM,2610,2660,0,0.5857920279643785
TERM,2661,2787,0,0.5857920279643785
TERM,2788,2835,0,0.5857920279643785
TERM,2836,3217,0,0.5857920279643785
TERM,3218,3317,0,0.5857920279643785
TERM,3318,3337,0,0.5857920279643785
TERM,3338,3451,0,0.5857920279643785
TERM,3452,3592,0,0.5857920279643785
TERM,3593,4080,0,0.5857920279643785
TERM,4081,4565,0,0.5857920279643785
TERM,4566,4844,0,0.5857920279643785
TERM,4845,5075,0,0.5857920279643785
TERM,5076,5472,0,0.5857920279643785
TERM,5473,5717,0,0.5857920279643785
TERM,5718,5846,0,0.5857920279643785
TERM,5847,6215,0,0.5857920279643785
TERM,6216,6227,0,0.5857920279643785
TERM,6228,6440,0,0.5857920279643785
TERM,6441,6756,0,0.5857920279643785
TERM,6757,6876,0,0.5857920279643785
TERM,6877,7069,0,0.5857920279643785
TERM,7070,7440,0,0.5857920279643785
TERM,7441,7665,0,0.5857920279643785
TERM,7666,8064,0,0.5857920279643785
TERM,8065,8160,0,0.5857920279643785
TERM,8161,8289,0,0.5857920279643785
TERM,8290,8562,0,0.5857920279643785
TERM,8563,8641,0,0.5857920279643785
TERM,8642,8928,0,0.5857920279643785
TERM,8929,9021,0,0.5857920279643785
TERM,9022,9226,0,0.5857920279643785
TERM,9227,9412,0,0.5857920279643785
TERM,9413,9726,0,0.5857920279643785
TERM,9727,10101,0,0.5857920279643785
TERM,10102,10145,0,0.5857920279643785
TERM,10146,10352,0,0.5857920279643785
TERM,10353,10670,0,0.5857920279643785
TERM,10671,11163,0,0.5857920279643785
TERM,11164,11266,0,0.5857920279643785
TERM,11267,11401,0,0.5857920279643785
TERM,11402,11591,0,0.5857920279643785
TERM,11592,11745,0,0.5857920279643785
TERM,11746,12123,0,0.5857920279643785
TERM,12124,12173,0,0.5857920279643785
TERM,12174,12596,0,0.5857920279643785
TERM,12597,12949,0,0.5857920279643785
TERM,12950,13258,0,0.5857920279643785
TERM,13259,13616,0,0.5857920279643785
TERM,13617,13717,0,0.5857920279643785
TERM,13718,13838,0,0.5857920279643785
TERM,13839,13937,0,0.5857920279643785
