channel,start_time,stop_time,label,confidence
TERM,1,252,0,0.5870050830382993
TERM,253,560,0,0.5870050830382993
TERM,561,685,0,0.5870050830382993
TERM,686,814,0,0.5870050830382993
TERM,815,1251,0,0.5870050830382993
TERM,1252,1742,0,0.5870050830382993
TERM,1743,1886,0,0.5870050830382993
TERM,1887,2208,0,0.5870050830382993
TERM,2209,2554,0,0.5870050830382993
TERM,2555,2745,0,0.5870050830382993
TERM,2746,2898,0,0.5870050830382993
TERM,2899,3158,0,0.5870050830382993
TERM,3159,3352,0,0.5870050830382993
TERM,3353,3675,0,0.5870050830382993
TERM,3676,4009,0,0.5870050830382993
TERM,4010,4290,0,0.5870050830382993
TERM,4291,4735,0,0.5870050830382993
TERM,4736,5091,0,0.5870050830382993
TERM,5092,5519,0,0.5870050830382993
TERM,5520,5829,0,0.5870050830382993
TERM,5830,6316,0,0.5870050830382993
TERM,6317,6559,0,0.5870050830382993
TERM,6560,6737,0,0.5870050830382993
TERM,6738,6819,0,0.5870050830382993
TERM,6820,7288,0,0.5870050830382993
TERM,7289,7313,0,0.5870050830382993
TERM,7314,7396,0,0.5870050830382993
TERM,7397,7551,0,0.5870050830382993
TERM,7552,7570,0,0.5870050830382993
TERM,7571,7730,0,0.5870050830382993
TERM,7731,7873,0,0.5870050830382993
TERM,7874,8201,0,0.5870050830382993
TERM,8202,8452,0,0.5870050830382993
TERM,8453,8806,0,0.5870050830382993
TERM,8807,8846,0,0.5870050830382993
TERM,8847,8975,0,0.5870050830382993
