channel,start_time,stop_time,label,confidence
TERM,1,37,0,0.5095813003192776
TERM,38,445,0,0.5095813003192776
TERM,446,562,0,0.5095813003192776
TERM,563,707,0,0.5095813003192776
TERM,708,736,0,0.5095813003192776
TERM,737,1132,0,0.5095813003192776
TERM,1133,1599,0,0.5095813003192776
TERM,1600,1915,0,0.5095813003192776
TERM,1916,2276,0,0.5095813003192776
TERM,2277,2587,0,0.5095813003192776
TERM,2588,2655,0,0.5095813003192776
TERM,2656,2891,0,0.5095813003192776
TERM,2892,3312,0,0.5095813003192776
TERM,3313,3374,0,0.5095813003192776
TERM,3375,3872,0,0.5095813003192776
TERM,3873,4190,0,0.5095813003192776
TERM,4191,4243,0,0.5095813003192776
TERM,4244,4447,0,0.5095813003192776
TERM,4448,4649,0,0.5095813003192776
TERM,4650,5034,0,0.5095813003192776
TERM,5035,5282,0,0.5095813003192776
TERM,5283,5638,0,0.5095813003192776
TERM,5639,6068,0,0.5095813003192776
TERM,6069,6144,0,0.5095813003192776
TERM,6145,6166,0,0.5095813003192776
TERM,6167,6205,0,0.5095813003192776
TERM,6206,6268,0,0.5095813003192776
TERM,6269,6471,0,0.5095813003192776
TERM,6472,6668,0,0.5095813003192776
TERM,6669,7082,0,0.5095813003192776
TERM,7083,7325,0,0.5095813003192776
TERM,7326,7612,0,0.5095813003192776
TERM,7613,8080,0,0.5095813003192776
TERM,8081,8502,0,0.5095813003192776
TERM,8503,8838,0,0.5095813003192776
TERM,8839,8868,0,0.5095813003192776
TERM,8869,9167,0,0.5095813003192776
TERM,9168,9513,0,0.5095813003192776
TERM,9514,9755,0,0.5095813003192776
TERM,9756,10107,0,0.5095813003192776
TERM,10108,10250,0,0.5095813003192776
TERM,10251,10473,0,0.5095813003192776
TERM,10474,10505,0,0.5095813003192776
TERM,10506,10779,0,0.5095813003192776
TERM,10780,11056,0,0.5095813003192776
TERM,11057,11369,0,0.5095813003192776
TERM,11370,11580,0,0.5095813003192776
TERM,11581,11817,0,0.5095813003192776
