channel,start_time,stop_time,label,confidence
TERM,1,377,0,0.4222339467242623
TERM,378,567,0,0.4222339467242623
TERM,568,973,0,0.4222339467242623
TERM,974,1306,0,0.4222339467242623
TERM,1307,1736,0,0.4222339467242623
TERM,1737,2156,0,0.4222339467242623
TERM,2157,2507,0,0.4222339467242623
TERM,2508,2980,0,0.4222339467242623
TERM,2981,3402,0,0.4222339467242623
TERM,3403,3616,0,0.4222339467242623
TERM,3617,3856,0,0.4222339467242623
TERM,3857,4154,0,0.4222339467242623
TERM,4155,4296,0,0.4222339467242623
TERM,4297,4788,0,0.4222339467242623
TERM,4789,5192,0,0.4222339467242623
TERM,5193,5301,0,0.4222339467242623
TERM,5302,5454,0,0.4222339467242623
TERM,5455,5944,0,0.4222339467242623
TERM,5945,6145,0,0.4222339467242623
TERM,6146,6290,0,0.4222339467242623
TERM,6291,6645,0,0.4222339467242623
TERM,6646,6700,0,0.4222339467242623
TERM,6701,6733,0,0.4222339467242623
TERM,6734,6864,0,0.4222339467242623
