channel,start_time,stop_time,label,confidence
TERM,1,361,0,0.4967116073544312
TERM,362,594,0,0.4967116073544312
TERM,595,875,0,0.4967116073544312
TERM,876,1330,0,0.4967116073544312
TERM,1331,1444,0,0.4967116073544312
TERM,1445,1834,0,0.4967116073544312
TERM,1835,2063,0,0.4967116073544312
TERM,2064,2393,0,0.4967116073544312
TERM,2394,2541,0,0.4967116073544312
TERM,2542,2860,0,0.4967116073544312
TERM,2861,3219,0,0.4967116073544312
TERM,3220,3527,0,0.4967116073544312
TERM,3528,3634,0,0.4967116073544312
TERM,3635,3954,0,0.4967116073544312
TERM,3955,4203,0,0.4967116073544312
TERM,4204,4584,0,0.4967116073544312
TERM,4585,5019,0,0.4967116073544312
TERM,5020,5129,0,0.4967116073544312
TERM,5130,5160,0,0.4967116073544312
TERM,5161,5565,0,0.4967116073544312
TERM,5566,6014,0,0.4967116073544312
TERM,6015,6388,0,0.4967116073544312
TERM,6389,6840,0,0.4967116073544312
TERM,6841,7299,0,0.4967116073544312
TERM,7300,7544,0,0.4967116073544312
TERM,7545,7932,0,0.4967116073544312
TERM,7933,8119,0,0.4967116073544312
TERM,8120,8378,0,0.4967116073544312
TERM,8379,8844,0,0.4967116073544312
TERM,8845,9279,0,0.4967116073544312
TERM,9280,9358,0,0.4967116073544312
TERM,9359,9588,0,0.4967116073544312
TERM,9589,9884,0,0.4967116073544312
