channel,start_time,stop_time,label,confidence
TERM,1,455,0,0.5647431021999761
TERM,456,815,0,0.5647431021999761
TERM,816,1272,0,0.5647431021999761
TERM,1273,1542,0,0.5647431021999761
TERM,1543,2029,0,0.5647431021999761
TERM,2030,2265,0,0.5647431021999761
TERM,2266,2713,0,0.5647431021999761
TERM,2714,2881,0,0.5647431021999761
TERM,2882,3119,0,0.5647431021999761
TERM,3120,3357,0,0.5647431021999761
TERM,3358,3652,0,0.5647431021999761
TERM,3653,4039,0,0.5647431021999761
TERM,4040,4095,0,0.5647431021999761
TERM,4096,4161,0,0.5647431021999761
TERM,4162,4225,0,0.5647431021999761
TERM,4226,4630,0,0.5647431021999761
TERM,4631,5042,0,0.5647431021999761
TERM,5043,5151,0,0.5647431021999761
TERM,5152,5625,0,0.5647431021999761
TERM,5626,6074,0,0.5647431021999761
TERM,6075,6410,0,0.5647431021999761
TERM,6411,6490,0,0.5647431021999761
TERM,6491,6766,0,0.5647431021999761
TERM,6767,7015,0,0.5647431021999761
TERM,7016,7469,0,0.5647431021999761
TERM,7470,7699,0,0.5647431021999761
TERM,7700,7921,0,0.5647431021999761
TERM,7922,7946,0,0.5647431021999761
TERM,7947,8023,0,0.5647431021999761
TERM,8024,8469,0,0.5647431021999761
TERM,8470,8839,0,0.5647431021999761
TERM,8840,8902,0,0.5647431021999761
TERM,8903,9095,0,0.5647431021999761
TERM,9096,9466,0,0.5647431021999761
TERM,9467,9860,0,0.5647431021999761
TERM,9861,9965,0,0.5647431021999761
TERM,9966,10296,0,0.5647431021999761
TERM,10297,10576,0,0.5647431021999761
TERM,10577,10616,0,0.5647431021999761
TERM,10617,10697,0,0.5647431021999761
TERM,10698,10726,0,0.5647431021999761
TERM,10727,11084,0,0.5647431021999761
TERM,11085,11239,0,0.5647431021999761
TERM,11240,11460,0,0.5647431021999761
