channel,start_time,stop_time,label,confidence
TERM,1,367,0,0.5362650931274235
TERM,368,644,0,0.5362650931274235
TERM,645,940,0,0.5362650931274235
TERM,941,1060,0,0.5362650931274235
TERM,1061,1110,0,0.5362650931274235
TERM,1111,1193,0,0.5362650931274235
TERM,1194,1304,0,0.5362650931274235
TERM,1305,1351,0,0.5362650931274235
TERM,1352,1751,0,0.5362650931274235
TERM,1752,1847,0,0.5362650931274235
TERM,1848,2267,0,0.5362650931274235
TERM,2268,2283,0,0.5362650931274235
TERM,2284,2341,0,0.5362650931274235
TERM,2342,2531,0,0.5362650931274235
TERM,2532,2979,0,0.5362650931274235
TERM,2980,3059,0,0.5362650931274235
TERM,3060,3177,0,0.5362650931274235
TERM,3178,3298,0,0.5362650931274235
TERM,3299,3755,0,0.5362650931274235
TERM,3756,3829,0,0.5362650931274235
TERM,3830,3864,0,0.5362650931274235
TERM,3865,4323,0,0.5362650931274235
TERM,4324,4590,0,0.5362650931274235
TERM,4591,4933,0,0.5362650931274235
TERM,4934,5133,0,0.5362650931274235
TERM,5134,5249,0,0.5362650931274235
TERM,5250,5357,0,0.5362650931274235
TERM,5358,5483,0,0.5362650931274235
TERM,5484,5982,0,0.5362650931274235
TERM,5983,6427,0,0.5362650931274235
TERM,6428,6573,0,0.5362650931274235
TERM,6574,6692,0,0.5362650931274235
TERM,6693,7055,0,0.5362650931274235
TERM,7056,7472,0,0.5362650931274235
TERM,7473,7487,0,0.5362650931274235
TERM,7488,7504,0,0.5362650931274235
TERM,7505,7780,0,0.5362650931274235
TERM,7781,7855,0,0.5362650931274235
TERM,7856,7931,0,0.5362650931274235
TERM,7932,7957,0,0.5362650931274235
TERM,7958,8358,0,0.5362650931274235
TERM,8359,8412,0,0.5362650931274235
TERM,8413,8737,0,0.5362650931274235
TERM,8738,9234,0,0.5362650931274235
TERM,9235,9419,0,0.5362650931274235
TERM,9420,9457,0,0.5362650931274235
TERM,9458,9522,0,0.5362650931274235
TERM,9523,10009,0,0.5362650931274235
TERM,10010,10136,0,0.5362650931274235
TERM,10137,10575,0,0.5362650931274235
TERM,10576,10841,0,0.5362650931274235
TERM,10842,11259,0,0.5362650931274235
TERM,11260,11637,0,0.5362650931274235
TERM,11638,11906,0,0.5362650931274235
TERM,11907,12340,0,0.5362650931274235
TERM,12341,12641,0,0.5362650931274235
