channel,start_time,stop_time,label,confidence
TERM,1,137,0,0.4794836589011202
TERM,138,524,0,0.4794836589011202
TERM,525,1023,0,0.4794836589011202
TERM,1024,1283,0,0.4794836589011202
TERM,1284,1394,0,0.4794836589011202
TERM,1395,1481,0,0.4794836589011202
TERM,1482,1933,0,0.4794836589011202
TERM,1934,2360,0,0.4794836589011202
TERM,2361,2691,0,0.4794836589011202
TERM,2692,2717,0,0.4794836589011202
TERM,2718,3184,0,0.4794836589011202
TERM,3185,3266,0,0.4794836589011202
TERM,3267,3654,0,0.4794836589011202
TERM,3655,3779,0,0.4794836589011202
TERM,3780,3963,0,0.4794836589011202
TERM,3964,4189,0,0.4794836589011202
TERM,4190,4585,0,0.4794836589011202
TERM,4586,5031,0,0.4794836589011202
TERM,5032,5084,0,0.4794836589011202
TERM,5085,5270,0,0.4794836589011202
TERM,5271,5405,0,0.4794836589011202
TERM,5406,5570,0,0.4794836589011202
TERM,5571,5806,0,0.4794836589011202
TERM,5807,5913,0,0.4794836589011202
TERM,5914,6319,0,0.4794836589011202
TERM,6320,6484,0,0.4794836589011202
TERM,6485,6945,0,0.4794836589011202
TERM,6946,7006,0,0.4794836589011202
TERM,7007,7261,0,0.4794836589011202
TERM,7262,7629,0,0.4794836589011202
TERM,7630,8005,0,0.4794836589011202
TERM,8006,8102,0,0.4794836589011202
TERM,8103,8435,0,0.4794836589011202
TERM,8436,8591,0,0.4794836589011202
TERM,8592,8717,0,0.4794836589011202
TERM,8718,8944,0,0.4794836589011202
TERM,8945,9010,0,0.4794836589011202
TERM,9011,9306,0,0.4794836589011202
TERM,9307,9739,0,0.4794836589011202
TERM,9740,10182,0,0.4794836589011202
TERM,10183,10558,0,0.4794836589011202
TERM,10559,10700,0,0.4794836589011202
