channel,start_time,stop_time,label,confidence
TERM,1,145,0,0.7184340554414959
TERM,146,629,0,0.7184340554414959
TERM,630,734,0,0.7184340554414959
TERM,735,929,0,0.7184340554414959
TERM,930,1377,0,0.7184340554414959
TERM,1378,1504,0,0.7184340554414959
TERM,1505,1753,0,0.7184340554414959
TERM,1754,2186,0,0.7184340554414959
TERM,2187,2637,0,0.7184340554414959
TERM,2638,2765,0,0.7184340554414959
TERM,2766,3001,0,0.7184340554414959
TERM,3002,3028,0,0.7184340554414959
TERM,3029,3119,0,0.7184340554414959
TERM,3120,3157,0,0.7184340554414959
TERM,3158,3437,0,0.7184340554414959
TERM,3438,3787,0,0.7184340554414959
TERM,3788,3877,0,0.7184340554414959
TERM,3878,3983,0,0.7184340554414959
TERM,3984,4444,0,0.7184340554414959
TERM,4445,4884,0,0.7184340554414959
TERM,4885,5042,0,0.7184340554414959
TERM,5043,5369,0,0.7184340554414959
TERM,5370,5522,0,0.7184340554414959
TERM,5523,5893,0,0.7184340554414959
TERM,5894,5937,0,0.7184340554414959
TERM,5938,6010,0,0.7184340554414959
