channel,start_time,stop_time,label,confidence
TERM,1,98,0,0.6152499129096445
TERM,99,332,0,0.6152499129096445
TERM,333,588,0,0.6152499129096445
TERM,589,759,0,0.6152499129096445
TERM,760,976,0,0.6152499129096445
TERM,977,1180,0,0.6152499129096445
TERM,1181,1319,0,0.6152499129096445
TERM,1320,1400,0,0.6152499129096445
TERM,1401,1665,0,0.6152499129096445
TERM,1666,1851,0,0.6152499129096445
TERM,1852,1903,0,0.6152499129096445
TERM,1904,2027,0,0.6152499129096445
TERM,2028,2480,0,0.6152499129096445
TERM,2481,2726,0,0.6152499129096445
TERM,2727,2906,0,0.6152499129096445
TERM,2907,3233,0,0.6152499129096445
TERM,3234,3338,0,0.6152499129096445
TERM,3339,3583,0,0.6152499129096445
TERM,3584,3610,0,0.6152499129096445
TERM,3611,3691,0,0.6152499129096445
TERM,3692,3727,0,0.6152499129096445
TERM,3728,3780,0,0.6152499129096445
