channel,start_time,stop_time,label,confidence
TERM,1,329,0,0.6353958682763845
TERM,330,532,0,0.6353958682763845
TERM,533,555,0,0.6353958682763845
TERM,556,641,0,0.6353958682763845
TERM,642,1095,0,0.6353958682763845
TERM,1096,1567,0,0.6353958682763845
TERM,1568,1783,0,0.6353958682763845
TERM,1784,1849,0,0.6353958682763845
TERM,1850,2274,0,0.6353958682763845
TERM,2275,2613,0,0.6353958682763845
TERM,2614,2717,0,0.6353958682763845
TERM,2718,2862,0,0.6353958682763845
TERM,2863,3352,0,0.6353958682763845
TERM,3353,3371,0,0.6353958682763845
TERM,3372,3816,0,0.6353958682763845
TERM,3817,4024,0,0.6353958682763845
TERM,4025,4229,0,0.6353958682763845
TERM,4230,4664,0,0.6353958682763845
TERM,4665,4947,0,0.6353958682763845
TERM,4948,5300,0,0.6353958682763845
TERM,5301,5789,0,0.6353958682763845
TERM,5790,6221,0,0.6353958682763845
TERM,6222,6690,0,0.6353958682763845
TERM,6691,6838,0,0.6353958682763845
TERM,6839,6875,0,0.6353958682763845
TERM,6876,7138,0,0.6353958682763845
TERM,7139,7283,0,0.6353958682763845
TERM,7284,7562,0,0.6353958682763845
TERM,7563,7579,0,0.6353958682763845
TERM,7580,7739,0,0.6353958682763845
TERM,7740,8046,0,0.6353958682763845
TERM,8047,8261,0,0.6353958682763845
TERM,8262,8293,0,0.6353958682763845
TERM,8294,8647,0,0.6353958682763845
TERM,8648,9099,0,0.6353958682763845
TERM,9100,9228,0,0.6353958682763845
TERM,9229,9348,0,0.6353958682763845
TERM,9349,9413,0,0.6353958682763845
TERM,9414,9909,0,0.6353958682763845
TERM,9910,10270,0,0.6353958682763845
TERM,10271,10630,0,0.6353958682763845
TERM,10631,10642,0,0.6353958682763845
TERM,10643,10874,0,0.6353958682763845
TERM,10875,10986,0,0.6353958682763845
TERM,10987,11038,0,0.6353958682763845
TERM,11039,11127,0,0.6353958682763845
TERM,11128,11483,0,0.6353958682763845
TERM,11484,11617,0,0.6353958682763845
