channel,start_time,stop_time,label,confidence
TERM,1,232,0,0.7317873094866607
TERM,233,345,0,0.7317873094866607
TERM,346,528,0,0.7317873094866607
TERM,529,931,0,0.7317873094866607
TERM,932,1111,0,0.7317873094866607
TERM,1112,1273,0,0.7317873094866607
TERM,1274,1628,0,0.7317873094866607
TERM,1629,2040,0,0.7317873094866607
TERM,2041,2533,0,0.7317873094866607
TERM,2534,2763,0,0.7317873094866607
TERM,2764,3143,0,0.7317873094866607
TERM,3144,3387,0,0.7317873094866607
TERM,3388,3417,0,0.7317873094866607
TERM,3418,3520,0,0.7317873094866607
TERM,3521,3709,0,0.7317873094866607
TERM,3710,3926,0,0.7317873094866607
TERM,3927,4072,0,0.7317873094866607
TERM,4073,4112,0,0.7317873094866607
TERM,4113,4521,0,0.7317873094866607
TERM,4522,4943,0,0.7317873094866607
TERM,4944,5055,0,0.7317873094866607
TERM,5056,5237,0,0.7317873094866607
TERM,5238,5291,0,0.7317873094866607
TERM,5292,5497,0,0.7317873094866607
TERM,5498,5591,0,0.7317873094866607
TERM,5592,5702,0,0.7317873094866607
