channel,start_time,stop_time,label,confidence
TERM,1,170,0,0.7608067445129847
TERM,171,324,0,0.7608067445129847
TERM,325,721,0,0.7608067445129847
TERM,722,1071,0,0.7608067445129847
TERM,1072,1469,0,0.7608067445129847
TERM,1470,1493,0,0.7608067445129847
TERM,1494,1841,0,0.7608067445129847
TERM,1842,1974,0,0.7608067445129847
TERM,1975,2078,0,0.7608067445129847
TERM,2079,2472,0,0.7608067445129847
TERM,2473,2586,0,0.7608067445129847
TERM,2587,3071,0,0.7608067445129847
TERM,3072,3412,0,0.7608067445129847
TERM,3413,3526,0,0.7608067445129847
TERM,3527,3610,0,0.7608067445129847
TERM,3611,3802,0,0.7608067445129847
