channel,start_time,stop_time,label,confidence
TERM,1,195,0,0.6686503808158819
TERM,196,221,0,0.6686503808158819
TERM,222,336,0,0.6686503808158819
TERM,337,472,0,0.6686503808158819
TERM,473,560,0,0.6686503808158819
TERM,561,1000,0,0.6686503808158819
TERM,1001,1156,0,0.6686503808158819
TERM,1157,1337,0,0.6686503808158819
TERM,1338,1596,0,0.6686503808158819
TERM,1597,1769,0,0.6686503808158819
TERM,1770,1981,0,0.6686503808158819
TERM,1982,2306,0,0.6686503808158819
TERM,2307,2462,0,0.6686503808158819
TERM,2463,2521,0,0.6686503808158819
TERM,2522,2661,0,0.6686503808158819
TERM,2662,3085,0,0.6686503808158819
