channel,start_time,stop_time,label,confidence
TERM,1,154,0,0.7675669833045637
TERM,155,601,0,0.7675669833045637
TERM,602,1093,0,0.7675669833045637
TERM,1094,1505,0,0.7675669833045637
TERM,1506,1847,0,0.7675669833045637
TERM,1848,2235,0,0.7675669833045637
TERM,2236,2357,0,0.7675669833045637
TERM,2358,2416,0,0.7675669833045637
TERM,2417,2680,0,0.7675669833045637
TERM,2681,2800,0,0.7675669833045637
TERM,2801,3161,0,0.7675669833045637
TERM,3162,3535,0,0.7675669833045637
TERM,3536,3818,0,0.7675669833045637
TERM,3819,3963,0,0.7675669833045637
TERM,3964,3984,0,0.7675669833045637
TERM,3985,4378,0,0.7675669833045637
TERM,4379,4652,0,0.7675669833045637
TERM,4653,5131,0,0.7675669833045637
TERM,5132,5419,0,0.7675669833045637
TERM,5420,5812,0,0.7675669833045637
TERM,5813,6005,0,0.7675669833045637
TERM,6006,6123,0,0.7675669833045637
TERM,6124,6489,0,0.7675669833045637
TERM,6490,6504,0,0.7675669833045637
TERM,6505,6546,0,0.7675669833045637
TERM,6547,6810,0,0.7675669833045637
TERM,6811,7136,0,0.7675669833045637
TERM,7137,7282,0,0.7675669833045637
TERM,7283,7482,0,0.7675669833045637
TERM,7483,7890,0,0.7675669833045637
TERM,7891,8097,0,0.7675669833045637
TERM,8098,8423,0,0.7675669833045637
TERM,8424,8574,0,0.7675669833045637
TERM,8575,8741,0,0.7675669833045637
TERM,8742,9137,0,0.7675669833045637
TERM,9138,9548,0,0.7675669833045637
TERM,9549,9733,0,0.7675669833045637
TERM,9734,9925,0,0.7675669833045637
TERM,9926,9944,0,0.7675669833045637
TERM,9945,10041,0,0.7675669833045637
TERM,10042,10503,0,0.7675669833045637
TERM,10504,10667,0,0.7675669833045637
