channel,start_time,stop_time,label,confidence
TERM,1,150,0,0.613114958764521
TERM,151,318,0,0.613114958764521
TERM,319,347,0,0.613114958764521
TERM,348,490,0,0.613114958764521
TERM,491,976,0,0.613114958764521
TERM,977,1333,0,0.613114958764521
TERM,1334,1750,0,0.613114958764521
TERM,1751,2040,0,0.613114958764521
TERM,2041,2446,0,0.613114958764521
TERM,2447,2859,0,0.613114958764521
TERM,2860,3054,0,0.613114958764521
TERM,3055,3230,0,0.613114958764521
TERM,3231,3452,0,0.613114958764521
TERM,3453,3616,0,0.613114958764521
TERM,3617,3803,0,0.613114958764521
TERM,3804,4004,0,0.613114958764521
TERM,4005,4264,0,0.613114958764521
TERM,4265,4378,0,0.613114958764521
TERM,4379,4680,0,0.613114958764521
TERM,4681,4710,0,0.613114958764521
TERM,4711,4760,0,0.613114958764521
TERM,4761,4859,0,0.613114958764521
TERM,4860,5313,0,0.613114958764521
TERM,5314,5444,0,0.613114958764521
TERM,5445,5910,0,0.613114958764521
TERM,5911,6107,0,0.613114958764521
TERM,6108,6505,0,0.613114958764521
TERM,6506,6812,0,0.613114958764521
TERM,6813,7213,0,0.613114958764521
TERM,7214,7663,0,0.613114958764521
TERM,7664,8020,0,0.613114958764521
TERM,8021,8366,0,0.613114958764521
TERM,8367,8659,0,0.613114958764521
TERM,8660,8882,0,0.613114958764521
TERM,8883,9161,0,0.613114958764521
TERM,9162,9280,0,0.613114958764521
TERM,9281,9765,0,0.613114958764521
TERM,9766,10205,0,0.613114958764521
TERM,10206,10234,0,0.613114958764521
TERM,10235,10305,0,0.613114958764521
TERM,10306,10336,0,0.613114958764521
TERM,10337,10835,0,0.613114958764521
TERM,10836,11103,0,0.613114958764521
TERM,11104,11211,0,0.613114958764521
TERM,11212,11457,0,0.613114958764521
TERM,11458,11624,0,0.613114958764521
TERM,11625,11816,0,0.613114958764521
TERM,11817,12216,0,0.613114958764521
TERM,12217,12705,0,0.613114958764521
TERM,12706,12800,0,0.613114958764521
TERM,12801,13038,0,0.613114958764521
TERM,13039,13145,0,0.613114958764521
TERM,13146,13621,0,0.613114958764521
TERM,13622,13820,0,0.613114958764521
TERM,13821,14169,0,0.613114958764521
TERM,14170,14507,0,0.613114958764521
