channel,start_time,stop_time,label,confidence
TERM,1,352,0,0.5400974212679177
TERM,353,625,0,0.5400974212679177
TERM,626,1111,0,0.5400974212679177
TERM,1112,1146,0,0.5400974212679177
TERM,1147,1626,0,0.5400974212679177
TERM,1627,1773,0,0.5400974212679177
TERM,1774,2133,0,0.5400974212679177
TERM,2134,2172,0,0.5400974212679177
TERM,2173,2619,0,0.5400974212679177
TERM,2620,2683,0,0.5400974212679177
TERM,2684,2974,0,0.5400974212679177
TERM,2975,3146,0,0.5400974212679177
TERM,3147,3310,0,0.5400974212679177
TERM,3311,3423,0,0.5400974212679177
TERM,3424,3899,0,0.5400974212679177
TERM,3900,4082,0,0.5400974212679177
TERM,4083,4509,0,0.5400974212679177
TERM,4510,4978,0,0.5400974212679177
TERM,4979,5195,0,0.5400974212679177
TERM,5196,5304,0,0.5400974212679177
TERM,5305,5622,0,0.5400974212679177
TERM,5623,5641,0,0.5400974212679177
