channel,start_time,stop_time,label,confidence
TERM,1,425,0,0.5686912096417833
TERM,426,469,0,0.5686912096417833
TERM,470,599,0,0.5686912096417833
TERM,600,1097,0,0.5686912096417833
TERM,1098,1317,0,0.5686912096417833
TERM,1318,1749,0,0.5686912096417833
TERM,1750,2117,0,0.5686912096417833
TERM,2118,2351,0,0.5686912096417833
TERM,2352,2776,0,0.5686912096417833
TERM,2777,3202,0,0.5686912096417833
TERM,3203,3561,0,0.5686912096417833
TERM,3562,4009,0,0.5686912096417833
TERM,4010,4509,0,0.5686912096417833
TERM,4510,4942,0,0.5686912096417833
TERM,4943,4967,0,0.5686912096417833
TERM,4968,5208,0,0.5686912096417833
TERM,5209,5346,0,0.5686912096417833
TERM,5347,5416,0,0.5686912096417833
TERM,5417,5836,0,0.5686912096417833
TERM,5837,6328,0,0.5686912096417833
TERM,6329,6734,0,0.5686912096417833
TERM,6735,6924,0,0.5686912096417833
TERM,6925,6953,0,0.5686912096417833
TERM,6954,7160,0,0.5686912096417833
TERM,7161,7442,0,0.5686912096417833
TERM,7443,7571,0,0.5686912096417833
TERM,7572,7983,0,0.5686912096417833
TERM,7984,8076,0,0.5686912096417833
TERM,8077,8232,0,0.5686912096417833
TERM,8233,8534,0,0.5686912096417833
TERM,8535,8729,0,0.5686912096417833
TERM,8730,8861,0,0.5686912096417833
TERM,8862,8913,0,0.5686912096417833
TERM,8914,8990,0,0.5686912096417833
TERM,8991,9064,0,0.5686912096417833
TERM,9065,9451,0,0.5686912096417833
TERM,9452,9839,0,0.5686912096417833
TERM,9840,10029,0,0.5686912096417833
TERM,10030,10351,0,0.5686912096417833
TERM,10352,10429,0,0.5686912096417833
TERM,10430,10672,0,0.5686912096417833
TERM,10673,10759,0,0.5686912096417833
TERM,10760,10802,0,0.5686912096417833
TERM,10803,11045,0,0.5686912096417833
TERM,11046,11105,0,0.5686912096417833
TERM,11106,11293,0,0.5686912096417833
TERM,11294,11545,0,0.5686912096417833
TERM,11546,11711,0,0.5686912096417833
TERM,11712,12056,0,0.5686912096417833
TERM,12057,12228,0,0.5686912096417833
TERM,12229,12697,0,0.5686912096417833
TERM,12698,13066,0,0.5686912096417833
TERM,13067,13390,0,0.5686912096417833
TERM,13391,13522,0,0.5686912096417833
TERM,13523,13991,0,0.5686912096417833
TERM,13992,14240,0,0.5686912096417833
TERM,14241,14396,0,0.5686912096417833
TERM,14397,14500,0,0.5686912096417833
TERM,14501,14820,0,0.5686912096417833
TERM,14821,15100,0,0.5686912096417833
TERM,15101,15394,0,0.5686912096417833
TERM,15395,15425,0,0.5686912096417833
TERM,15426,15651,0,0.5686912096417833
TERM,15652,16145,0,0.5686912096417833
