channel,start_time,stop_time,label,confidence
TERM,1,17,0,0.5616930221283015
TERM,18,326,0,0.5616930221283015
TERM,327,633,0,0.5616930221283015
TERM,634,1001,0,0.5616930221283015
TERM,1002,1195,0,0.5616930221283015
TERM,1196,1570,0,0.5616930221283015
TERM,1571,1874,0,0.5616930221283015
TERM,1875,2149,0,0.5616930221283015
TERM,2150,2336,0,0.5616930221283015
TERM,2337,2756,0,0.5616930221283015
TERM,2757,3111,0,0.5616930221283015
TERM,3112,3297,0,0.5616930221283015
TERM,3298,3733,0,0.5616930221283015
TERM,3734,3944,0,0.5616930221283015
TERM,3945,4442,0,0.5616930221283015
TERM,4443,4549,0,0.5616930221283015
TERM,4550,4967,0,0.5616930221283015
TERM,4968,5064,0,0.5616930221283015
TERM,5065,5468,0,0.5616930221283015
TERM,5469,5905,0,0.5616930221283015
TERM,5906,6175,0,0.5616930221283015
TERM,6176,6464,0,0.5616930221283015
TERM,6465,6514,0,0.5616930221283015
TERM,6515,6639,0,0.5616930221283015
