channel,start_time,stop_time,label,confidence
TERM,1,156,0,0.5181906017431313
TERM,157,265,0,0.5181906017431313
TERM,266,510,0,0.5181906017431313
TERM,511,547,0,0.5181906017431313
TERM,548,980,0,0.5181906017431313
TERM,981,1333,0,0.5181906017431313
TERM,1334,1761,0,0.5181906017431313
TERM,1762,1952,0,0.5181906017431313
TERM,1953,2439,0,0.5181906017431313
TERM,2440,2935,0,0.5181906017431313
TERM,2936,3270,0,0.5181906017431313
TERM,3271,3760,0,0.5181906017431313
TERM,3761,3997,0,0.5181906017431313
TERM,3998,4399,0,0.5181906017431313
TERM,4400,4691,0,0.5181906017431313
TERM,4692,5058,0,0.5181906017431313
TERM,5059,5310,0,0.5181906017431313
TERM,5311,5488,0,0.5181906017431313
TERM,5489,5741,0,0.5181906017431313
TERM,5742,6138,0,0.5181906017431313
TERM,6139,6151,0,0.5181906017431313
TERM,6152,6413,0,0.5181906017431313
TERM,6414,6444,0,0.5181906017431313
TERM,6445,6654,0,0.5181906017431313
TERM,6655,7058,0,0.5181906017431313
TERM,7059,7131,0,0.5181906017431313
TERM,7132,7612,0,0.5181906017431313
TERM,7613,7967,0,0.5181906017431313
TERM,7968,8355,0,0.5181906017431313
TERM,8356,8533,0,0.5181906017431313
TERM,8534,8974,0,0.5181906017431313
TERM,8975,9361,0,0.5181906017431313
TERM,9362,9416,0,0.5181906017431313
TERM,9417,9476,0,0.5181906017431313
TERM,9477,9699,0,0.5181906017431313
TERM,9700,9758,0,0.5181906017431313
TERM,9759,10089,0,0.5181906017431313
TERM,10090,10164,0,0.5181906017431313
TERM,10165,10662,0,0.5181906017431313
