channel,start_time,stop_time,label,confidence
TERM,1,337,0,0.6601285577548135
TERM,338,828,0,0.6601285577548135
TERM,829,940,0,0.6601285577548135
TERM,941,1311,0,0.6601285577548135
TERM,1312,1518,0,0.6601285577548135
TERM,1519,1862,0,0.6601285577548135
TERM,1863,2298,0,0.6601285577548135
TERM,2299,2371,0,0.6601285577548135
TERM,2372,2864,0,0.6601285577548135
TERM,2865,3340,0,0.6601285577548135
TERM,3341,3491,0,0.6601285577548135
TERM,3492,3628,0,0.6601285577548135
TERM,3629,3679,0,0.6601285577548135
TERM,3680,3701,0,0.6601285577548135
TERM,3702,4078,0,0.6601285577548135
TERM,4079,4310,0,0.6601285577548135
TERM,4311,4386,0,0.6601285577548135
TERM,4387,4607,0,0.6601285577548135
TERM,4608,4795,0,0.6601285577548135
TERM,4796,4894,0,0.6601285577548135
TERM,4895,5185,0,0.6601285577548135
TERM,5186,5351,0,0.6601285577548135
TERM,5352,5384,0,0.6601285577548135
TERM,5385,5768,0,0.6601285577548135
TERM,5769,5888,0,0.6601285577548135
TERM,5889,6138,0,0.6601285577548135
TERM,6139,6325,0,0.6601285577548135
TERM,6326,6431,0,0.6601285577548135
TERM,6432,6798,0,0.6601285577548135
TERM,6799,7249,0,0.6601285577548135
TERM,7250,7720,0,0.6601285577548135
TERM,7721,7748,0,0.6601285577548135
TERM,7749,7909,0,0.6601285577548135
TERM,7910,8409,0,0.6601285577548135
TERM,8410,8632,0,0.6601285577548135
TERM,8633,8914,0,0.6601285577548135
TERM,8915,9072,0,0.6601285577548135
TERM,9073,9283,0,0.6601285577548135
TERM,9284,9372,0,0.6601285577548135
TERM,9373,9492,0,0.6601285577548135
TERM,9493,9870,0,0.6601285577548135
TERM,9871,10085,0,0.6601285577548135
