channel,start_time,stop_time,label,confidence
TERM,1,269,0,0.5372693491666916
TERM,270,315,0,0.5372693491666916
TERM,316,691,0,0.5372693491666916
TERM,692,1130,0,0.5372693491666916
TERM,1131,1544,0,0.5372693491666916
TERM,1545,1575,0,0.5372693491666916
TERM,1576,2072,0,0.5372693491666916
TERM,2073,2400,0,0.5372693491666916
TERM,2401,2799,0,0.5372693491666916
TERM,2800,3081,0,0.5372693491666916
TERM,3082,3409,0,0.5372693491666916
TERM,3410,3553,0,0.5372693491666916
TERM,3554,4012,0,0.5372693491666916
