channel,start_time,stop_time,label,confidence
TERM,1,32,0,0.6177239446837628
TERM,33,345,0,0.6177239446837628
TERM,346,463,0,0.6177239446837628
TERM,464,652,0,0.6177239446837628
TERM,653,836,0,0.6177239446837628
TERM,837,1120,0,0.6177239446837628
TERM,1121,1450,0,0.6177239446837628
TERM,1451,1923,0,0.6177239446837628
TERM,1924,2195,0,0.6177239446837628
TERM,2196,2637,0,0.6177239446837628
TERM,2638,2998,0,0.6177239446837628
TERM,2999,3086,0,0.6177239446837628
TERM,3087,3316,0,0.6177239446837628
TERM,3317,3697,0,0.6177239446837628
TERM,3698,4172,0,0.6177239446837628
TERM,4173,4384,0,0.6177239446837628
TERM,4385,4785,0,0.6177239446837628
TERM,4786,5240,0,0.6177239446837628
TERM,5241,5371,0,0.6177239446837628
TERM,5372,5541,0,0.6177239446837628
TERM,5542,5684,0,0.6177239446837628
TERM,5685,6042,0,0.6177239446837628
TERM,6043,6236,0,0.6177239446837628
TERM,6237,6452,0,0.6177239446837628
TERM,6453,6775,0,0.6177239446837628
TERM,6776,6891,0,0.6177239446837628
TERM,6892,7227,0,0.6177239446837628
TERM,7228,7607,0,0.6177239446837628
TERM,7608,7625,0,0.6177239446837628
TERM,7626,8046,0,0.6177239446837628
TERM,8047,8546,0,0.6177239446837628
TERM,8547,8586,0,0.6177239446837628
TERM,8587,8920,0,0.6177239446837628
TERM,8921,8998,0,0.6177239446837628
TERM,8999,9431,0,0.6177239446837628
TERM,9432,9832,0,0.6177239446837628
TERM,9833,9885,0,0.6177239446837628
TERM,9886,10371,0,0.6177239446837628
TERM,10372,10792,0,0.6177239446837628
TERM,10793,10882,0,0.6177239446837628
TERM,10883,11226,0,0.6177239446837628
TERM,11227,11615,0,0.6177239446837628
TERM,11616,11686,0,0.6177239446837628
TERM,11687,12136,0,0.6177239446837628
TERM,12137,12563,0,0.6177239446837628
TERM,12564,12715,0,0.6177239446837628
TERM,12716,12847,0,0.6177239446837628
TERM,12848,13276,0,0.6177239446837628
TERM,13277,13449,0,0.6177239446837628
TERM,13450,13549,0,0.6177239446837628
TERM,13550,13717,0,0.6177239446837628
TERM,13718,14089,0,0.6177239446837628
TERM,14090,14171,0,0.6177239446837628
TERM,14172,14284,0,0.6177239446837628
TERM,14285,14312,0,0.6177239446837628
TERM,14313,14323,0,0.6177239446837628
TERM,14324,14376,0,0.6177239446837628
TERM,14377,14842,0,0.6177239446837628
TERM,14843,15028,0,0.6177239446837628
TERM,15029,15312,0,0.6177239446837628
