channel,start_time,stop_time,label,confidence
TERM,1,481,0,0.5770945215239035
TERM,482,687,0,0.5770945215239035
TERM,688,825,0,0.5770945215239035
TERM,826,1322,0,0.5770945215239035
TERM,1323,1705,0,0.5770945215239035
TERM,1706,1965,0,0.5770945215239035
TERM,1966,2133,0,0.5770945215239035
TERM,2134,2521,0,0.5770945215239035
TERM,2522,2961,0,0.5770945215239035
TERM,2962,3048,0,0.5770945215239035
TERM,3049,3090,0,0.5770945215239035
TERM,3091,3543,0,0.5770945215239035
TERM,3544,4034,0,0.5770945215239035
TERM,4035,4168,0,0.5770945215239035
TERM,4169,4561,0,0.5770945215239035
TERM,4562,4799,0,0.5770945215239035
TERM,4800,5117,0,0.5770945215239035
TERM,5118,5252,0,0.5770945215239035
TERM,5253,5600,0,0.5770945215239035
TERM,5601,5940,0,0.5770945215239035
TERM,5941,6398,0,0.5770945215239035
TERM,6399,6414,0,0.5770945215239035
TERM,6415,6813,0,0.5770945215239035
TERM,6814,7050,0,0.5770945215239035
