channel,start_time,stop_time,label,confidence
TERM,1,190,0,0.5881392871222737
TERM,191,293,0,0.5881392871222737
TERM,294,732,0,0.5881392871222737
TERM,733,837,0,0.5881392871222737
TERM,838,1212,0,0.5881392871222737
TERM,1213,1657,0,0.5881392871222737
TERM,1658,1751,0,0.5881392871222737
TERM,1752,1792,0,0.5881392871222737
TERM,1793,2083,0,0.5881392871222737
TERM,2084,2517,0,0.5881392871222737
TERM,2518,2956,0,0.5881392871222737
TERM,2957,3240,0,0.5881392871222737
TERM,3241,3480,0,0.5881392871222737
TERM,3481,3871,0,0.5881392871222737
TERM,3872,4325,0,0.5881392871222737
TERM,4326,4580,0,0.5881392871222737
TERM,4581,4887,0,0.5881392871222737
TERM,4888,5372,0,0.5881392871222737
TERM,5373,5815,0,0.5881392871222737
TERM,5816,6076,0,0.5881392871222737
TERM,6077,6330,0,0.5881392871222737
TERM,6331,6513,0,0.5881392871222737
TERM,6514,6844,0,0.5881392871222737
TERM,6845,7108,0,0.5881392871222737
TERM,7109,7295,0,0.5881392871222737
TERM,7296,7452,0,0.5881392871222737
TERM,7453,7618,0,0.5881392871222737
TERM,7619,7981,0,0.5881392871222737
TERM,7982,8037,0,0.5881392871222737
TERM,8038,8529,0,0.5881392871222737
TERM,8530,8635,0,0.5881392871222737
TERM,8636,8821,0,0.5881392871222737
TERM,8822,8960,0,0.5881392871222737
TERM,8961,9158,0,0.5881392871222737
TERM,9159,9283,0,0.5881392871222737
TERM,9284,9372,0,0.5881392871222737
