channel,start_time,stop_time,label,confidence
TERM,1,401,0,0.7543964084820236
TERM,402,792,0,0.7543964084820236
TERM,793,867,0,0.7543964084820236
TERM,868,1189,0,0.7543964084820236
TERM,1190,1648,0,0.7543964084820236
TERM,1649,1863,0,0.7543964084820236
TERM,1864,1896,0,0.7543964084820236
TERM,1897,2249,0,0.7543964084820236
TERM,2250,2639,0,0.7543964084820236
TERM,2640,2757,0,0.7543964084820236
TERM,2758,3015,0,0.7543964084820236
TERM,3016,3425,0,0.7543964084820236
TERM,3426,3536,0,0.7543964084820236
TERM,3537,3629,0,0.7543964084820236
TERM,3630,3789,0,0.7543964084820236
TERM,3790,4258,0,0.7543964084820236
TERM,4259,4613,0,0.7543964084820236
TERM,4614,4936,0,0.7543964084820236
TERM,4937,5105,0,0.7543964084820236
TERM,5106,5203,0,0.7543964084820236
TERM,5204,5506,0,0.7543964084820236
TERM,5507,5766,0,0.7543964084820236
TERM,5767,5965,0,0.7543964084820236
TERM,5966,6168,0,0.7543964084820236
TERM,6169,6235,0,0.7543964084820236
TERM,6236,6720,0,0.7543964084820236
