channel,start_time,stop_time,label,confidence
TERM,1,147,0,0.5993639601528133
TERM,148,251,0,0.5993639601528133
TERM,252,587,0,0.5993639601528133
TERM,588,697,0,0.5993639601528133
TERM,698,1018,0,0.5993639601528133
TERM,1019,1138,0,0.5993639601528133
TERM,1139,1353,0,0.5993639601528133
TERM,1354,1394,0,0.5993639601528133
TERM,1395,1635,0,0.5993639601528133
TERM,1636,1875,0,0.5993639601528133
TERM,1876,2168,0,0.5993639601528133
TERM,2169,2282,0,0.5993639601528133
TERM,2283,2626,0,0.5993639601528133
TERM,2627,2957,0,0.5993639601528133
TERM,2958,3214,0,0.5993639601528133
TERM,3215,3288,0,0.5993639601528133
TERM,3289,3776,0,0.5993639601528133
TERM,3777,4139,0,0.5993639601528133
TERM,4140,4161,0,0.5993639601528133
TERM,4162,4374,0,0.5993639601528133
TERM,4375,4489,0,0.5993639601528133
TERM,4490,4538,0,0.5993639601528133
TERM,4539,4826,0,0.5993639601528133
TERM,4827,5299,0,0.5993639601528133
TERM,5300,5609,0,0.5993639601528133
TERM,5610,6103,0,0.5993639601528133
TERM,6104,6282,0,0.5993639601528133
TERM,6283,6753,0,0.5993639601528133
TERM,6754,7005,0,0.5993639601528133
TERM,7006,7220,0,0.5993639601528133
TERM,7221,7500,0,0.5993639601528133
TERM,7501,7541,0,0.5993639601528133
TERM,7542,7752,0,0.5993639601528133
TERM,7753,8038,0,0.5993639601528133
TERM,8039,8153,0,0.5993639601528133
TERM,8154,8187,0,0.5993639601528133
TERM,8188,8398,0,0.5993639601528133
TERM,8399,8528,0,0.5993639601528133
TERM,8529,8723,0,0.5993639601528133
TERM,8724,9154,0,0.5993639601528133
TERM,9155,9268,0,0.5993639601528133
TERM,9269,9508,0,0.5993639601528133
TERM,9509,9977,0,0.5993639601528133
TERM,9978,10301,0,0.5993639601528133
TERM,10302,10503,0,0.5993639601528133
TERM,10504,10519,0,0.5993639601528133
TERM,10520,10539,0,0.5993639601528133
TERM,10540,10854,0,0.5993639601528133
TERM,10855,11315,0,0.5993639601528133
TERM,11316,11743,0,0.5993639601528133
TERM,11744,11792,0,0.5993639601528133
TERM,11793,11978,0,0.5993639601528133
TERM,11979,12248,0,0.5993639601528133
TERM,12249,12714,0,0.5993639601528133
TERM,12715,13016,0,0.5993639601528133
TERM,13017,13113,0,0.5993639601528133
TERM,13114,13340,0,0.5993639601528133
TERM,13341,13632,0,0.5993639601528133
TERM,13633,14114,0,0.5993639601528133
TERM,14115,14141,0,0.5993639601528133
TERM,14142,14464,0,0.5993639601528133
TERM,14465,14677,0,0.5993639601528133
TERM,14678,15125,0,0.5993639601528133
TERM,15126,15203,0,0.5993639601528133
TERM,15204,15460,0,0.5993639601528133
