channel,start_time,stop_time,label,confidence
TERM,1,152,0,0.5630639927473264
TERM,153,505,0,0.5630639927473264
TERM,506,962,0,0.5630639927473264
TERM,963,1131,0,0.5630639927473264
TERM,1132,1328,0,0.5630639927473264
TERM,1329,1577,0,0.5630639927473264
TERM,1578,2076,0,0.5630639927473264
TERM,2077,2314,0,0.5630639927473264
TERM,2315,2735,0,0.5630639927473264
TERM,2736,3012,0,0.5630639927473264
TERM,3013,3032,0,0.5630639927473264
TERM,3033,3056,0,0.5630639927473264
TERM,3057,3117,0,0.5630639927473264
TERM,3118,3565,0,0.5630639927473264
TERM,3566,3673,0,0.5630639927473264
TERM,3674,4130,0,0.5630639927473264
TERM,4131,4379,0,0.5630639927473264
TERM,4380,4488,0,0.5630639927473264
TERM,4489,4893,0,0.5630639927473264
TERM,4894,5192,0,0.5630639927473264
TERM,5193,5383,0,0.5630639927473264
TERM,5384,5657,0,0.5630639927473264
TERM,5658,5669,0,0.5630639927473264
TERM,5670,6097,0,0.5630639927473264
TERM,6098,6394,0,0.5630639927473264
TERM,6395,6815,0,0.5630639927473264
TERM,6816,7163,0,0.5630639927473264
TERM,7164,7564,0,0.5630639927473264
TERM,7565,7928,0,0.5630639927473264
TERM,7929,7947,0,0.5630639927473264
TERM,7948,8387,0,0.5630639927473264
TERM,8388,8867,0,0.5630639927473264
TERM,8868,9206,0,0.5630639927473264
TERM,9207,9636,0,0.5630639927473264
TERM,9637,9856,0,0.5630639927473264
TERM,9857,10275,0,0.5630639927473264
TERM,10276,10301,0,0.5630639927473264
TERM,10302,10619,0,0.5630639927473264
TERM,10620,10673,0,0.5630639927473264
TERM,10674,10734,0,0.5630639927473264
TERM,10735,11220,0,0.5630639927473264
TERM,11221,11407,0,0.5630639927473264
TERM,11408,11661,0,0.5630639927473264
TERM,11662,11683,0,0.5630639927473264
TERM,11684,12074,0,0.5630639927473264
TERM,12075,12567,0,0.5630639927473264
TERM,12568,13066,0,0.5630639927473264
TERM,13067,13258,0,0.5630639927473264
TERM,13259,13367,0,0.5630639927473264
TERM,13368,13524,0,0.5630639927473264
TERM,13525,13877,0,0.5630639927473264
TERM,13878,14219,0,0.5630639927473264
