channel,start_time,stop_time,label,confidence
TERM,1,125,0,0.5779354305723516
TERM,126,375,0,0.5779354305723516
TERM,376,629,0,0.5779354305723516
TERM,630,982,0,0.5779354305723516
TERM,983,1354,0,0.5779354305723516
TERM,1355,1553,0,0.5779354305723516
TERM,1554,1956,0,0.5779354305723516
TERM,1957,2200,0,0.5779354305723516
TERM,2201,2256,0,0.5779354305723516
TERM,2257,2668,0,0.5779354305723516
TERM,2669,3019,0,0.5779354305723516
TERM,3020,3074,0,0.5779354305723516
TERM,3075,3343,0,0.5779354305723516
TERM,3344,3685,0,0.5779354305723516
TERM,3686,4110,0,0.5779354305723516
TERM,4111,4480,0,0.5779354305723516
TERM,4481,4881,0,0.5779354305723516
TERM,4882,5120,0,0.5779354305723516
TERM,5121,5456,0,0.5779354305723516
TERM,5457,5752,0,0.5779354305723516
TERM,5753,5847,0,0.5779354305723516
TERM,5848,6045,0,0.5779354305723516
TERM,6046,6209,0,0.5779354305723516
TERM,6210,6601,0,0.5779354305723516
