channel,start_time,stop_time,label,confidence
TERM,1,341,0,0.6619997744423619
TERM,342,648,0,0.6619997744423619
TERM,649,958,0,0.6619997744423619
TERM,959,1289,0,0.6619997744423619
TERM,1290,1723,0,0.6619997744423619
TERM,1724,1924,0,0.6619997744423619
TERM,1925,2224,0,0.6619997744423619
TERM,2225,2346,0,0.6619997744423619
TERM,2347,2792,0,0.6619997744423619
TERM,2793,3233,0,0.6619997744423619
TERM,3234,3674,0,0.6619997744423619
TERM,3675,3870,0,0.6619997744423619
TERM,3871,4152,0,0.6619997744423619
TERM,4153,4300,0,0.6619997744423619
TERM,4301,4753,0,0.6619997744423619
TERM,4754,4778,0,0.6619997744423619
TERM,4779,4859,0,0.6619997744423619
TERM,4860,5169,0,0.6619997744423619
TERM,5170,5244,0,0.6619997744423619
TERM,5245,5369,0,0.6619997744423619
TERM,5370,5722,0,0.6619997744423619
TERM,5723,6142,0,0.6619997744423619
TERM,6143,6258,0,0.6619997744423619
TERM,6259,6573,0,0.6619997744423619
TERM,6574,6970,0,0.6619997744423619
TERM,6971,7422,0,0.6619997744423619
TERM,7423,7686,0,0.6619997744423619
TERM,7687,8183,0,0.6619997744423619
TERM,8184,8483,0,0.6619997744423619
TERM,8484,8618,0,0.6619997744423619
TERM,8619,8766,0,0.6619997744423619
TERM,8767,9174,0,0.6619997744423619
TERM,9175,9237,0,0.6619997744423619
