channel,start_time,stop_time,label,confidence
TERM,1,75,0,0.3210530553954845
TERM,76,530,0,0.3210530553954845
TERM,531,629,0,0.3210530553954845
TERM,630,764,0,0.3210530553954845
TERM,765,1213,0,0.3210530553954845
TERM,1214,1305,0,0.3210530553954845
TERM,1306,1592,0,0.3210530553954845
TERM,1593,1655,0,0.3210530553954845
TERM,1656,1702,0,0.3210530553954845
TERM,1703,1829,0,0.3210530553954845
TERM,1830,2238,0,0.3210530553954845
TERM,2239,2617,0,0.3210530553954845
