channel,start_time,stop_time,label,confidence
TERM,1,19,0,0.5904838445037943
TERM,20,159,0,0.5904838445037943
TERM,160,287,0,0.5904838445037943
TERM,288,397,0,0.5904838445037943
TERM,398,766,0,0.5904838445037943
TERM,767,780,0,0.5904838445037943
TERM,781,1272,0,0.5904838445037943
TERM,1273,1310,0,0.5904838445037943
TERM,1311,1554,0,0.5904838445037943
TERM,1555,1593,0,0.5904838445037943
TERM,1594,1619,0,0.5904838445037943
TERM,1620,1727,0,0.5904838445037943
TERM,1728,1819,0,0.5904838445037943
TERM,1820,1905,0,0.5904838445037943
TERM,1906,2092,0,0.5904838445037943
TERM,2093,2255,0,0.5904838445037943
TERM,2256,2480,0,0.5904838445037943
TERM,2481,2516,0,0.5904838445037943
TERM,2517,2944,0,0.5904838445037943
TERM,2945,3403,0,0.5904838445037943
TERM,3404,3839,0,0.5904838445037943
TERM,3840,3948,0,0.5904838445037943
TERM,3949,4412,0,0.5904838445037943
TERM,4413,4477,0,0.5904838445037943
TERM,4478,4651,0,0.5904838445037943
TERM,4652,4805,0,0.5904838445037943
TERM,4806,5289,0,0.5904838445037943
TERM,5290,5750,0,0.5904838445037943
TERM,5751,5849,0,0.5904838445037943
TERM,5850,5859,0,0.5904838445037943
TERM,5860,5950,0,0.5904838445037943
TERM,5951,6293,0,0.5904838445037943
TERM,6294,6385,0,0.5904838445037943
TERM,6386,6603,0,0.5904838445037943
TERM,6604,6701,0,0.5904838445037943
TERM,6702,7187,0,0.5904838445037943
TERM,7188,7332,0,0.5904838445037943
TERM,7333,7702,0,0.5904838445037943
TERM,7703,8078,0,0.5904838445037943
TERM,8079,8204,0,0.5904838445037943
TERM,8205,8594,0,0.5904838445037943
TERM,8595,8671,0,0.5904838445037943
TERM,8672,9029,0,0.5904838445037943
TERM,9030,9088,0,0.5904838445037943
TERM,9089,9518,0,0.5904838445037943
