channel,start_time,stop_time,label,confidence
TERM,1,97,0,0.7127126395007378
TERM,98,588,0,0.7127126395007378
TERM,589,925,0,0.7127126395007378
TERM,926,1181,0,0.7127126395007378
TERM,1182,1476,0,0.7127126395007378
TERM,1477,1506,0,0.7127126395007378
TERM,1507,1826,0,0.7127126395007378
TERM,1827,1891,0,0.7127126395007378
TERM,1892,2073,0,0.7127126395007378
TERM,2074,2139,0,0.7127126395007378
TERM,2140,2319,0,0.7127126395007378
TERM,2320,2680,0,0.7127126395007378
TERM,2681,2785,0,0.7127126395007378
TERM,2786,3135,0,0.7127126395007378
TERM,3136,3352,0,0.7127126395007378
TERM,3353,3423,0,0.7127126395007378
TERM,3424,3800,0,0.7127126395007378
TERM,3801,3913,0,0.7127126395007378
TERM,3914,4057,0,0.7127126395007378
TERM,4058,4304,0,0.7127126395007378
TERM,4305,4537,0,0.7127126395007378
TERM,4538,5005,0,0.7127126395007378
TERM,5006,5496,0,0.7127126395007378
TERM,5497,5826,0,0.7127126395007378
TERM,5827,6059,0,0.7127126395007378
TERM,6060,6263,0,0.7127126395007378
TERM,6264,6404,0,0.7127126395007378
TERM,6405,6471,0,0.7127126395007378
TERM,6472,6908,0,0.7127126395007378
TERM,6909,7173,0,0.7127126395007378
TERM,7174,7454,0,0.7127126395007378
TERM,7455,7840,0,0.7127126395007378
