channel,start_time,stop_time,label,confidence
TERM,1,31,0,0.5061252340994532
TERM,32,182,0,0.5061252340994532
TERM,183,212,0,0.5061252340994532
TERM,213,491,0,0.5061252340994532
TERM,492,636,0,0.5061252340994532
TERM,637,1038,0,0.5061252340994532
TERM,1039,1514,0,0.5061252340994532
TERM,1515,1908,0,0.5061252340994532
TERM,1909,1989,0,0.5061252340994532
TERM,1990,2123,0,0.5061252340994532
TERM,2124,2604,0,0.5061252340994532
TERM,2605,2655,0,0.5061252340994532
TERM,2656,2879,0,0.5061252340994532
TERM,2880,3312,0,0.5061252340994532
TERM,3313,3680,0,0.5061252340994532
TERM,3681,3906,0,0.5061252340994532
TERM,3907,4068,0,0.5061252340994532
TERM,4069,4111,0,0.5061252340994532
TERM,4112,4492,0,0.5061252340994532
TERM,4493,4587,0,0.5061252340994532
TERM,4588,4625,0,0.5061252340994532
TERM,4626,4986,0,0.5061252340994532
TERM,4987,5240,0,0.5061252340994532
TERM,5241,5289,0,0.5061252340994532
TERM,5290,5499,0,0.5061252340994532
TERM,5500,5750,0,0.5061252340994532
TERM,5751,5941,0,0.5061252340994532
TERM,5942,6066,0,0.5061252340994532
TERM,6067,6249,0,0.5061252340994532
TERM,6250,6410,0,0.5061252340994532
TERM,6411,6675,0,0.5061252340994532
TERM,6676,7170,0,0.5061252340994532
TERM,7171,7404,0,0.5061252340994532
TERM,7405,7637,0,0.5061252340994532
TERM,7638,7918,0,0.5061252340994532
TERM,7919,7972,0,0.5061252340994532
TERM,7973,8048,0,0.5061252340994532
TERM,8049,8192,0,0.5061252340994532
TERM,8193,8279,0,0.5061252340994532
TERM,8280,8486,0,0.5061252340994532
TERM,8487,8849,0,0.5061252340994532
TERM,8850,9212,0,0.5061252340994532
TERM,9213,9280,0,0.5061252340994532
TERM,9281,9387,0,0.5061252340994532
TERM,9388,9706,0,0.5061252340994532
TERM,9707,9813,0,0.5061252340994532
TERM,9814,9963,0,0.5061252340994532
TERM,9964,10298,0,0.5061252340994532
