channel,start_time,stop_time,label,confidence
TERM,1,312,0,0.4869597036982501
TERM,313,332,0,0.4869597036982501
TERM,333,441,0,0.4869597036982501
TERM,442,816,0,0.4869597036982501
TERM,817,1070,0,0.4869597036982501
TERM,1071,1105,0,0.4869597036982501
TERM,1106,1219,0,0.4869597036982501
TERM,1220,1559,0,0.4869597036982501
TERM,1560,1752,0,0.4869597036982501
TERM,1753,1879,0,0.4869597036982501
TERM,1880,2207,0,0.4869597036982501
TERM,2208,2343,0,0.4869597036982501
TERM,2344,2391,0,0.4869597036982501
TERM,2392,2496,0,0.4869597036982501
TERM,2497,2890,0,0.4869597036982501
TERM,2891,3284,0,0.4869597036982501
TERM,3285,3657,0,0.4869597036982501
TERM,3658,3951,0,0.4869597036982501
TERM,3952,4451,0,0.4869597036982501
TERM,4452,4626,0,0.4869597036982501
TERM,4627,4980,0,0.4869597036982501
TERM,4981,5249,0,0.4869597036982501
TERM,5250,5412,0,0.4869597036982501
TERM,5413,5829,0,0.4869597036982501
TERM,5830,6138,0,0.4869597036982501
TERM,6139,6222,0,0.4869597036982501
TERM,6223,6425,0,0.4869597036982501
TERM,6426,6753,0,0.4869597036982501
TERM,6754,6839,0,0.4869597036982501
TERM,6840,7232,0,0.4869597036982501
TERM,7233,7712,0,0.4869597036982501
TERM,7713,7739,0,0.4869597036982501
TERM,7740,7964,0,0.4869597036982501
TERM,7965,8061,0,0.4869597036982501
TERM,8062,8508,0,0.4869597036982501
TERM,8509,8581,0,0.4869597036982501
TERM,8582,8827,0,0.4869597036982501
TERM,8828,9163,0,0.4869597036982501
TERM,9164,9181,0,0.4869597036982501
TERM,9182,9650,0,0.4869597036982501
TERM,9651,9939,0,0.4869597036982501
TERM,9940,10404,0,0.4869597036982501
TERM,10405,10877,0,0.4869597036982501
TERM,10878,11127,0,0.4869597036982501
