channel,start_time,stop_time,label,confidence
TERM,1,456,0,0.6058959249647706
TERM,457,864,0,0.6058959249647706
TERM,865,1231,0,0.6058959249647706
TERM,1232,1579,0,0.6058959249647706
TERM,1580,1895,0,0.6058959249647706
TERM,1896,2392,0,0.6058959249647706
TERM,2393,2538,0,0.6058959249647706
TERM,2539,2929,0,0.6058959249647706
TERM,2930,3390,0,0.6058959249647706
TERM,3391,3678,0,0.6058959249647706
TERM,3679,3894,0,0.6058959249647706
TERM,3895,4134,0,0.6058959249647706
TERM,4135,4385,0,0.6058959249647706
TERM,4386,4885,0,0.6058959249647706
TERM,4886,5270,0,0.6058959249647706
TERM,5271,5401,0,0.6058959249647706
TERM,5402,5443,0,0.6058959249647706
TERM,5444,5850,0,0.6058959249647706
TERM,5851,6342,0,0.6058959249647706
TERM,6343,6543,0,0.6058959249647706
TERM,6544,6961,0,0.6058959249647706
TERM,6962,7119,0,0.6058959249647706
TERM,7120,7539,0,0.6058959249647706
TERM,7540,7551,0,0.6058959249647706
TERM,7552,7567,0,0.6058959249647706
TERM,7568,7676,0,0.6058959249647706
TERM,7677,7830,0,0.6058959249647706
TERM,7831,8077,0,0.6058959249647706
TERM,8078,8170,0,0.6058959249647706
TERM,8171,8547,0,0.6058959249647706
TERM,8548,9019,0,0.6058959249647706
TERM,9020,9301,0,0.6058959249647706
TERM,9302,9743,0,0.6058959249647706
TERM,9744,9923,0,0.6058959249647706
TERM,9924,10402,0,0.6058959249647706
TERM,10403,10622,0,0.6058959249647706
TERM,10623,10705,0,0.6058959249647706
TERM,10706,10832,0,0.6058959249647706
TERM,10833,11184,0,0.6058959249647706
TERM,11185,11375,0,0.6058959249647706
TERM,11376,11424,0,0.6058959249647706
TERM,11425,11444,0,0.6058959249647706
TERM,11445,11512,0,0.6058959249647706
TERM,11513,11897,0,0.6058959249647706
TERM,11898,12387,0,0.6058959249647706
TERM,12388,12864,0,0.6058959249647706
TERM,12865,13170,0,0.6058959249647706
TERM,13171,13499,0,0.6058959249647706
TERM,13500,13998,0,0.6058959249647706
TERM,13999,14482,0,0.6058959249647706
TERM,14483,14695,0,0.6058959249647706
TERM,14696,14795,0,0.6058959249647706
TERM,14796,15207,0,0.6058959249647706
TERM,15208,15325,0,0.6058959249647706
TERM,15326,15637,0,0.6058959249647706
TERM,15638,16115,0,0.6058959249647706
TERM,16116,16268,0,0.6058959249647706
TERM,16269,16692,0,0.6058959249647706
TERM,16693,17061,0,0.6058959249647706
TERM,17062,17139,0,0.6058959249647706
TERM,17140,17584,0,0.6058959249647706
TERM,17585,17793,0,0.6058959249647706
TERM,17794,17816,0,0.6058959249647706
TERM,17817,18245,0,0.6058959249647706
TERM,18246,18385,0,0.6058959249647706
