channel,start_time,stop_time,label,confidence
TERM,1,481,0,0.7260251701179092
TERM,482,962,0,0.7260251701179092
TERM,963,1205,0,0.7260251701179092
TERM,1206,1655,0,0.7260251701179092
TERM,1656,2096,0,0.7260251701179092
TERM,2097,2120,0,0.7260251701179092
TERM,2121,2223,0,0.7260251701179092
TERM,2224,2434,0,0.7260251701179092
TERM,2435,2672,0,0.7260251701179092
TERM,2673,3102,0,0.7260251701179092
TERM,3103,3523,0,0.7260251701179092
TERM,3524,3782,0,0.7260251701179092
TERM,3783,3863,0,0.7260251701179092
TERM,3864,4013,0,0.7260251701179092
TERM,4014,4225,0,0.7260251701179092
TERM,4226,4460,0,0.7260251701179092
TERM,4461,4892,0,0.7260251701179092
TERM,4893,5052,0,0.7260251701179092
TERM,5053,5312,0,0.7260251701179092
TERM,5313,5690,0,0.7260251701179092
TERM,5691,6084,0,0.7260251701179092
TERM,6085,6209,0,0.7260251701179092
TERM,6210,6330,0,0.7260251701179092
TERM,6331,6359,0,0.7260251701179092
TERM,6360,6375,0,0.7260251701179092
TERM,6376,6610,0,0.7260251701179092
TERM,6611,7033,0,0.7260251701179092
TERM,7034,7311,0,0.7260251701179092
TERM,7312,7610,0,0.7260251701179092
TERM,7611,7710,0,0.7260251701179092
TERM,7711,8001,0,0.7260251701179092
TERM,8002,8271,0,0.7260251701179092
TERM,8272,8392,0,0.7260251701179092
TERM,8393,8655,0,0.7260251701179092
TERM,8656,9155,0,0.7260251701179092
TERM,9156,9396,0,0.7260251701179092
TERM,9397,9629,0,0.7260251701179092
TERM,9630,10101,0,0.7260251701179092
TERM,10102,10476,0,0.7260251701179092
TERM,10477,10765,0,0.7260251701179092
TERM,10766,10996,0,0.7260251701179092
TERM,10997,11131,0,0.7260251701179092
TERM,11132,11167,0,0.7260251701179092
TERM,11168,11229,0,0.7260251701179092
TERM,11230,11419,0,0.7260251701179092
TERM,11420,11835,0,0.7260251701179092
TERM,11836,12315,0,0.7260251701179092
TERM,12316,12515,0,0.7260251701179092
TERM,12516,12801,0,0.7260251701179092
TERM,12802,13000,0,0.7260251701179092
TERM,13001,13040,0,0.7260251701179092
TERM,13041,13424,0,0.7260251701179092
TERM,13425,13904,0,0.7260251701179092
TERM,13905,14093,0,0.7260251701179092
TERM,14094,14569,0,0.7260251701179092
TERM,14570,15020,0,0.7260251701179092
