channel,start_time,stop_time,label,confidence
TERM,1,298,0,0.6887088237815856
TERM,299,601,0,0.6887088237815856
TERM,602,1082,0,0.6887088237815856
TERM,1083,1570,0,0.6887088237815856
TERM,1571,1681,0,0.6887088237815856
TERM,1682,1857,0,0.6887088237815856
TERM,1858,2194,0,0.6887088237815856
TERM,2195,2694,0,0.6887088237815856
TERM,2695,2851,0,0.6887088237815856
TERM,2852,3299,0,0.6887088237815856
TERM,3300,3586,0,0.6887088237815856
TERM,3587,3611,0,0.6887088237815856
TERM,3612,3969,0,0.6887088237815856
TERM,3970,4411,0,0.6887088237815856
TERM,4412,4763,0,0.6887088237815856
TERM,4764,5166,0,0.6887088237815856
TERM,5167,5518,0,0.6887088237815856
TERM,5519,5990,0,0.6887088237815856
TERM,5991,6209,0,0.6887088237815856
TERM,6210,6619,0,0.6887088237815856
TERM,6620,7084,0,0.6887088237815856
TERM,7085,7521,0,0.6887088237815856
TERM,7522,7830,0,0.6887088237815856
TERM,7831,7956,0,0.6887088237815856
TERM,7957,8164,0,0.6887088237815856
TERM,8165,8212,0,0.6887088237815856
TERM,8213,8591,0,0.6887088237815856
TERM,8592,9071,0,0.6887088237815856
TERM,9072,9330,0,0.6887088237815856
TERM,9331,9797,0,0.6887088237815856
TERM,9798,9853,0,0.6887088237815856
TERM,9854,10233,0,0.6887088237815856
