channel,start_time,stop_time,label,confidence
TERM,1,349,0,0.7280500204478892
TERM,350,527,0,0.7280500204478892
TERM,528,918,0,0.7280500204478892
TERM,919,1381,0,0.7280500204478892
TERM,1382,1494,0,0.7280500204478892
TERM,1495,1950,0,0.7280500204478892
TERM,1951,2114,0,0.7280500204478892
TERM,2115,2347,0,0.7280500204478892
TERM,2348,2399,0,0.7280500204478892
TERM,2400,2410,0,0.7280500204478892
TERM,2411,2567,0,0.7280500204478892
TERM,2568,2864,0,0.7280500204478892
TERM,2865,3285,0,0.7280500204478892
TERM,3286,3318,0,0.7280500204478892
TERM,3319,3499,0,0.7280500204478892
TERM,3500,3593,0,0.7280500204478892
TERM,3594,4032,0,0.7280500204478892
TERM,4033,4461,0,0.7280500204478892
TERM,4462,4863,0,0.7280500204478892
TERM,4864,5075,0,0.7280500204478892
TERM,5076,5541,0,0.7280500204478892
TERM,5542,5647,0,0.7280500204478892
TERM,5648,5868,0,0.7280500204478892
TERM,5869,6297,0,0.7280500204478892
TERM,6298,6751,0,0.7280500204478892
TERM,6752,7075,0,0.7280500204478892
TERM,7076,7345,0,0.7280500204478892
TERM,7346,7832,0,0.7280500204478892
TERM,7833,7925,0,0.7280500204478892
TERM,7926,8213,0,0.7280500204478892
TERM,8214,8560,0,0.7280500204478892
TERM,8561,8853,0,0.7280500204478892
TERM,8854,9057,0,0.7280500204478892
