channel,start_time,stop_time,label,confidence
TERM,1,358,0,0.7975906166692251
TERM,359,668,0,0.7975906166692251
TERM,669,723,0,0.7975906166692251
TERM,724,925,0,0.7975906166692251
TERM,926,1194,0,0.7975906166692251
TERM,1195,1500,0,0.7975906166692251
TERM,1501,1867,0,0.7975906166692251
TERM,1868,2299,0,0.7975906166692251
TERM,2300,2407,0,0.7975906166692251
TERM,2408,2446,0,0.7975906166692251
TERM,2447,2918,0,0.7975906166692251
TERM,2919,3219,0,0.7975906166692251
TERM,3220,3416,0,0.7975906166692251
TERM,3417,3440,0,0.7975906166692251
TERM,3441,3542,0,0.7975906166692251
TERM,3543,3898,0,0.7975906166692251
TERM,3899,4349,0,0.7975906166692251
TERM,4350,4423,0,0.7975906166692251
TERM,4424,4484,0,0.7975906166692251
TERM,4485,4555,0,0.7975906166692251
TERM,4556,4709,0,0.7975906166692251
TERM,4710,4951,0,0.7975906166692251
TERM,4952,5226,0,0.7975906166692251
TERM,5227,5566,0,0.7975906166692251
TERM,5567,5631,0,0.7975906166692251
TERM,5632,5812,0,0.7975906166692251
