channel,start_time,stop_time,label,confidence
TERM,1,144,0,0.5196964711159779
TERM,145,603,0,0.5196964711159779
TERM,604,937,0,0.5196964711159779
TERM,938,1317,0,0.5196964711159779
TERM,1318,1787,0,0.5196964711159779
TERM,1788,2043,0,0.5196964711159779
TERM,2044,2225,0,0.5196964711159779
TERM,2226,2309,0,0.5196964711159779
TERM,2310,2792,0,0.5196964711159779
TERM,2793,3007,0,0.5196964711159779
TERM,3008,3045,0,0.5196964711159779
TERM,3046,3492,0,0.5196964711159779
TERM,3493,3649,0,0.5196964711159779
TERM,3650,3920,0,0.5196964711159779
TERM,3921,4373,0,0.5196964711159779
TERM,4374,4432,0,0.5196964711159779
TERM,4433,4502,0,0.5196964711159779
TERM,4503,4671,0,0.5196964711159779
TERM,4672,4778,0,0.5196964711159779
TERM,4779,5234,0,0.5196964711159779
TERM,5235,5255,0,0.5196964711159779
TERM,5256,5663,0,0.5196964711159779
TERM,5664,6099,0,0.5196964711159779
TERM,6100,6491,0,0.5196964711159779
TERM,6492,6960,0,0.5196964711159779
TERM,6961,7373,0,0.5196964711159779
TERM,7374,7737,0,0.5196964711159779
TERM,7738,8107,0,0.5196964711159779
TERM,8108,8433,0,0.5196964711159779
TERM,8434,8520,0,0.5196964711159779
TERM,8521,8612,0,0.5196964711159779
TERM,8613,9048,0,0.5196964711159779
TERM,9049,9251,0,0.5196964711159779
TERM,9252,9295,0,0.5196964711159779
TERM,9296,9331,0,0.5196964711159779
TERM,9332,9663,0,0.5196964711159779
TERM,9664,9860,0,0.5196964711159779
TERM,9861,10360,0,0.5196964711159779
TERM,10361,10792,0,0.5196964711159779
TERM,10793,11097,0,0.5196964711159779
TERM,11098,11335,0,0.5196964711159779
TERM,11336,11671,0,0.5196964711159779
TERM,11672,12030,0,0.5196964711159779
TERM,12031,12519,0,0.5196964711159779
TERM,12520,12569,0,0.5196964711159779
TERM,12570,12961,0,0.5196964711159779
TERM,12962,13005,0,0.5196964711159779
TERM,13006,13230,0,0.5196964711159779
TERM,13231,13614,0,0.5196964711159779
TERM,13615,14053,0,0.5196964711159779
TERM,14054,14167,0,0.5196964711159779
TERM,14168,14483,0,0.5196964711159779
