channel,start_time,stop_time,label,confidence
TERM,1,35,0,0.7138581894080656
TERM,36,63,0,0.7138581894080656
TERM,64,452,0,0.7138581894080656
TERM,453,859,0,0.7138581894080656
TERM,860,906,0,0.7138581894080656
TERM,907,1169,0,0.7138581894080656
TERM,1170,1657,0,0.7138581894080656
TERM,1658,1842,0,0.7138581894080656
TERM,1843,1881,0,0.7138581894080656
TERM,1882,2126,0,0.7138581894080656
TERM,2127,2300,0,0.7138581894080656
TERM,2301,2635,0,0.7138581894080656
TERM,2636,3102,0,0.7138581894080656
TERM,3103,3314,0,0.7138581894080656
TERM,3315,3755,0,0.7138581894080656
TERM,3756,3892,0,0.7138581894080656
