channel,start_time,stop_time,label,confidence
TERM,1,389,0,0.3340759343780626
TERM,390,885,0,0.3340759343780626
TERM,886,1374,0,0.3340759343780626
TERM,1375,1839,0,0.3340759343780626
TERM,1840,2305,0,0.3340759343780626
TERM,2306,2486,0,0.3340759343780626
TERM,2487,2552,0,0.3340759343780626
TERM,2553,2566,0,0.3340759343780626
TERM,2567,2743,0,0.3340759343780626
TERM,2744,3194,0,0.3340759343780626
TERM,3195,3347,0,0.3340759343780626
TERM,3348,3479,0,0.3340759343780626
