channel,start_time,stop_time,label,confidence
TERM,1,71,0,0.5943519754401756
TERM,72,243,0,0.5943519754401756
TERM,244,681,0,0.5943519754401756
TERM,682,1109,0,0.5943519754401756
TERM,1110,1483,0,0.5943519754401756
TERM,1484,1980,0,0.5943519754401756
TERM,1981,2273,0,0.5943519754401756
TERM,2274,2553,0,0.5943519754401756
TERM,2554,2968,0,0.5943519754401756
TERM,2969,3133,0,0.5943519754401756
TERM,3134,3497,0,0.5943519754401756
TERM,3498,3933,0,0.5943519754401756
TERM,3934,4099,0,0.5943519754401756
TERM,4100,4372,0,0.5943519754401756
TERM,4373,4862,0,0.5943519754401756
TERM,4863,5119,0,0.5943519754401756
TERM,5120,5133,0,0.5943519754401756
TERM,5134,5196,0,0.5943519754401756
TERM,5197,5322,0,0.5943519754401756
TERM,5323,5355,0,0.5943519754401756
TERM,5356,5663,0,0.5943519754401756
TERM,5664,6012,0,0.5943519754401756
TERM,6013,6422,0,0.5943519754401756
TERM,6423,6823,0,0.5943519754401756
TERM,6824,7313,0,0.5943519754401756
TERM,7314,7703,0,0.5943519754401756
TERM,7704,7764,0,0.5943519754401756
TERM,7765,8071,0,0.5943519754401756
TERM,8072,8546,0,0.5943519754401756
TERM,8547,8873,0,0.5943519754401756
TERM,8874,9217,0,0.5943519754401756
TERM,9218,9587,0,0.5943519754401756
TERM,9588,9975,0,0.5943519754401756
TERM,9976,10176,0,0.5943519754401756
TERM,10177,10313,0,0.5943519754401756
TERM,10314,10552,0,0.5943519754401756
TERM,10553,10927,0,0.5943519754401756
TERM,10928,11412,0,0.5943519754401756
TERM,11413,11563,0,0.5943519754401756
TERM,11564,11894,0,0.5943519754401756
TERM,11895,11952,0,0.5943519754401756
TERM,11953,12113,0,0.5943519754401756
TERM,12114,12268,0,0.5943519754401756
TERM,12269,12637,0,0.5943519754401756
TERM,12638,13078,0,0.5943519754401756
TERM,13079,13462,0,0.5943519754401756
TERM,13463,13919,0,0.5943519754401756
TERM,13920,14406,0,0.5943519754401756
TERM,14407,14809,0,0.5943519754401756
TERM,14810,15105,0,0.5943519754401756
TERM,15106,15174,0,0.5943519754401756
TERM,15175,15547,0,0.5943519754401756
TERM,15548,15897,0,0.5943519754401756
TERM,15898,15973,0,0.5943519754401756
TERM,15974,16024,0,0.5943519754401756
TERM,16025,16350,0,0.5943519754401756
TERM,16351,16549,0,0.5943519754401756
TERM,16550,16901,0,0.5943519754401756
TERM,16902,17237,0,0.5943519754401756
TERM,17238,17279,0,0.5943519754401756
TERM,17280,17305,0,0.5943519754401756
TERM,17306,17350,0,0.5943519754401756
TERM,17351,17657,0,0.5943519754401756
TERM,17658,18088,0,0.5943519754401756
