channel,start_time,stop_time,label,confidence
TERM,1,58,0,0.4109848394051349
TERM,59,464,0,0.4109848394051349
TERM,465,481,0,0.4109848394051349
TERM,482,582,0,0.4109848394051349
TERM,583,1010,0,0.4109848394051349
TERM,1011,1092,0,0.4109848394051349
TERM,1093,1279,0,0.4109848394051349
TERM,1280,1422,0,0.4109848394051349
TERM,1423,1543,0,0.4109848394051349
TERM,1544,1648,0,0.4109848394051349
TERM,1649,1855,0,0.4109848394051349
TERM,1856,2125,0,0.4109848394051349
TERM,2126,2492,0,0.4109848394051349
TERM,2493,2680,0,0.4109848394051349
TERM,2681,3177,0,0.4109848394051349
TERM,3178,3457,0,0.4109848394051349
TERM,3458,3846,0,0.4109848394051349
TERM,3847,3893,0,0.4109848394051349
TERM,3894,4188,0,0.4109848394051349
TERM,4189,4455,0,0.4109848394051349
TERM,4456,4565,0,0.4109848394051349
TERM,4566,4923,0,0.4109848394051349
TERM,4924,5179,0,0.4109848394051349
TERM,5180,5261,0,0.4109848394051349
TERM,5262,5338,0,0.4109848394051349
TERM,5339,5647,0,0.4109848394051349
TERM,5648,5685,0,0.4109848394051349
TERM,5686,6110,0,0.4109848394051349
TERM,6111,6162,0,0.4109848394051349
TERM,6163,6645,0,0.4109848394051349
TERM,6646,6988,0,0.4109848394051349
TERM,6989,7295,0,0.4109848394051349
TERM,7296,7697,0,0.4109848394051349
TERM,7698,7923,0,0.4109848394051349
TERM,7924,8021,0,0.4109848394051349
TERM,8022,8441,0,0.4109848394051349
TERM,8442,8556,0,0.4109848394051349
TERM,8557,8882,0,0.4109848394051349
TERM,8883,9377,0,0.4109848394051349
TERM,9378,9796,0,0.4109848394051349
TERM,9797,10019,0,0.4109848394051349
TERM,10020,10164,0,0.4109848394051349
