channel,start_time,stop_time,label,confidence
TERM,1,409,0,0.7592786903241626
TERM,410,838,0,0.7592786903241626
TERM,839,1295,0,0.7592786903241626
TERM,1296,1539,0,0.7592786903241626
TERM,1540,1654,0,0.7592786903241626
TERM,1655,1979,0,0.7592786903241626
TERM,1980,2226,0,0.7592786903241626
TERM,2227,2495,0,0.7592786903241626
TERM,2496,2822,0,0.7592786903241626
TERM,2823,2974,0,0.7592786903241626
TERM,2975,3439,0,0.7592786903241626
TERM,3440,3795,0,0.7592786903241626
TERM,3796,3819,0,0.7592786903241626
TERM,3820,4285,0,0.7592786903241626
TERM,4286,4408,0,0.7592786903241626
TERM,4409,4597,0,0.7592786903241626
TERM,4598,4607,0,0.7592786903241626
TERM,4608,4989,0,0.7592786903241626
TERM,4990,5064,0,0.7592786903241626
TERM,5065,5277,0,0.7592786903241626
TERM,5278,5690,0,0.7592786903241626
TERM,5691,5932,0,0.7592786903241626
TERM,5933,6027,0,0.7592786903241626
TERM,6028,6168,0,0.7592786903241626
TERM,6169,6469,0,0.7592786903241626
TERM,6470,6542,0,0.7592786903241626
TERM,6543,6992,0,0.7592786903241626
TERM,6993,7111,0,0.7592786903241626
TERM,7112,7293,0,0.7592786903241626
TERM,7294,7534,0,0.7592786903241626
TERM,7535,7933,0,0.7592786903241626
TERM,7934,7953,0,0.7592786903241626
TERM,7954,8381,0,0.7592786903241626
TERM,8382,8728,0,0.7592786903241626
TERM,8729,8842,0,0.7592786903241626
TERM,8843,9114,0,0.7592786903241626
TERM,9115,9154,0,0.7592786903241626
TERM,9155,9333,0,0.7592786903241626
TERM,9334,9726,0,0.7592786903241626
TERM,9727,9968,0,0.7592786903241626
TERM,9969,10146,0,0.7592786903241626
TERM,10147,10220,0,0.7592786903241626
