channel,start_time,stop_time,label,confidence
TERM,1,324,0,0.7084634393643088
TERM,325,678,0,0.7084634393643088
TERM,679,973,0,0.7084634393643088
TERM,974,1294,0,0.7084634393643088
TERM,1295,1719,0,0.7084634393643088
TERM,1720,1751,0,0.7084634393643088
TERM,1752,1989,0,0.7084634393643088
TERM,1990,2211,0,0.7084634393643088
TERM,2212,2498,0,0.7084634393643088
TERM,2499,2843,0,0.7084634393643088
TERM,2844,2948,0,0.7084634393643088
TERM,2949,3390,0,0.7084634393643088
TERM,3391,3567,0,0.7084634393643088
TERM,3568,4034,0,0.7084634393643088
TERM,4035,4264,0,0.7084634393643088
TERM,4265,4657,0,0.7084634393643088
TERM,4658,4817,0,0.7084634393643088
TERM,4818,5160,0,0.7084634393643088
TERM,5161,5252,0,0.7084634393643088
TERM,5253,5706,0,0.7084634393643088
TERM,5707,5748,0,0.7084634393643088
TERM,5749,6077,0,0.7084634393643088
TERM,6078,6286,0,0.7084634393643088
TERM,6287,6670,0,0.7084634393643088
TERM,6671,6871,0,0.7084634393643088
TERM,6872,7158,0,0.7084634393643088
TERM,7159,7209,0,0.7084634393643088
TERM,7210,7602,0,0.7084634393643088
TERM,7603,7663,0,0.7084634393643088
TERM,7664,7866,0,0.7084634393643088
TERM,7867,7994,0,0.7084634393643088
TERM,7995,8373,0,0.7084634393643088
TERM,8374,8685,0,0.7084634393643088
TERM,8686,9142,0,0.7084634393643088
TERM,9143,9545,0,0.7084634393643088
TERM,9546,9852,0,0.7084634393643088
TERM,9853,9941,0,0.7084634393643088
TERM,9942,10270,0,0.7084634393643088
TERM,10271,10289,0,0.7084634393643088
TERM,10290,10451,0,0.7084634393643088
TERM,10452,10500,0,0.7084634393643088
TERM,10501,10891,0,0.7084634393643088
