channel,start_time,stop_time,label,confidence
TERM,1,480,0,0.5944731449010658
TERM,481,595,0,0.5944731449010658
TERM,596,663,0,0.5944731449010658
TERM,664,1040,0,0.5944731449010658
TERM,1041,1123,0,0.5944731449010658
TERM,1124,1289,0,0.5944731449010658
TERM,1290,1592,0,0.5944731449010658
TERM,1593,1937,0,0.5944731449010658
TERM,1938,2234,0,0.5944731449010658
TERM,2235,2467,0,0.5944731449010658
TERM,2468,2794,0,0.5944731449010658
TERM,2795,3008,0,0.5944731449010658
TERM,3009,3132,0,0.5944731449010658
TERM,3133,3595,0,0.5944731449010658
TERM,3596,4091,0,0.5944731449010658
TERM,4092,4314,0,0.5944731449010658
TERM,4315,4812,0,0.5944731449010658
TERM,4813,5280,0,0.5944731449010658
TERM,5281,5565,0,0.5944731449010658
TERM,5566,6026,0,0.5944731449010658
TERM,6027,6066,0,0.5944731449010658
TERM,6067,6471,0,0.5944731449010658
TERM,6472,6646,0,0.5944731449010658
TERM,6647,7139,0,0.5944731449010658
TERM,7140,7330,0,0.5944731449010658
TERM,7331,7540,0,0.5944731449010658
TERM,7541,7825,0,0.5944731449010658
TERM,7826,8323,0,0.5944731449010658
TERM,8324,8521,0,0.5944731449010658
TERM,8522,8986,0,0.5944731449010658
TERM,8987,9004,0,0.5944731449010658
TERM,9005,9365,0,0.5944731449010658
TERM,9366,9481,0,0.5944731449010658
TERM,9482,9668,0,0.5944731449010658
TERM,9669,9929,0,0.5944731449010658
TERM,9930,10322,0,0.5944731449010658
TERM,10323,10375,0,0.5944731449010658
TERM,10376,10456,0,0.5944731449010658
TERM,10457,10642,0,0.5944731449010658
TERM,10643,11069,0,0.5944731449010658
TERM,11070,11360,0,0.5944731449010658
TERM,11361,11598,0,0.5944731449010658
TERM,11599,11874,0,0.5944731449010658
TERM,11875,11901,0,0.5944731449010658
TERM,11902,12161,0,0.5944731449010658
TERM,12162,12598,0,0.5944731449010658
TERM,12599,13078,0,0.5944731449010658
TERM,13079,13248,0,0.5944731449010658
