channel,start_time,stop_time,label,confidence
TERM,1,470,0,0.6706421949846136
TERM,471,840,0,0.6706421949846136
TERM,841,888,0,0.6706421949846136
TERM,889,1261,0,0.6706421949846136
TERM,1262,1353,0,0.6706421949846136
TERM,1354,1751,0,0.6706421949846136
TERM,1752,2097,0,0.6706421949846136
TERM,2098,2473,0,0.6706421949846136
TERM,2474,2876,0,0.6706421949846136
TERM,2877,3309,0,0.6706421949846136
TERM,3310,3557,0,0.6706421949846136
TERM,3558,3959,0,0.6706421949846136
TERM,3960,4111,0,0.6706421949846136
TERM,4112,4266,0,0.6706421949846136
TERM,4267,4666,0,0.6706421949846136
TERM,4667,4711,0,0.6706421949846136
TERM,4712,4891,0,0.6706421949846136
TERM,4892,4941,0,0.6706421949846136
TERM,4942,5041,0,0.6706421949846136
TERM,5042,5299,0,0.6706421949846136
TERM,5300,5661,0,0.6706421949846136
TERM,5662,5699,0,0.6706421949846136
TERM,5700,5765,0,0.6706421949846136
TERM,5766,6200,0,0.6706421949846136
