channel,start_time,stop_time,label,confidence
TERM,1,188,0,0.7238094610037421
TERM,189,588,0,0.7238094610037421
TERM,589,677,0,0.7238094610037421
TERM,678,894,0,0.7238094610037421
TERM,895,968,0,0.7238094610037421
TERM,969,1332,0,0.7238094610037421
TERM,1333,1458,0,0.7238094610037421
TERM,1459,1869,0,0.7238094610037421
TERM,1870,2157,0,0.7238094610037421
TERM,2158,2362,0,0.7238094610037421
TERM,2363,2607,0,0.7238094610037421
TERM,2608,2887,0,0.7238094610037421
TERM,2888,3028,0,0.7238094610037421
TERM,3029,3353,0,0.7238094610037421
TERM,3354,3718,0,0.7238094610037421
TERM,3719,4151,0,0.7238094610037421
TERM,4152,4592,0,0.7238094610037421
TERM,4593,4708,0,0.7238094610037421
TERM,4709,5113,0,0.7238094610037421
TERM,5114,5413,0,0.7238094610037421
TERM,5414,5560,0,0.7238094610037421
TERM,5561,5943,0,0.7238094610037421
TERM,5944,6236,0,0.7238094610037421
TERM,6237,6258,0,0.7238094610037421
TERM,6259,6614,0,0.7238094610037421
TERM,6615,7039,0,0.7238094610037421
TERM,7040,7160,0,0.7238094610037421
TERM,7161,7287,0,0.7238094610037421
TERM,7288,7441,0,0.7238094610037421
TERM,7442,7647,0,0.7238094610037421
TERM,7648,7921,0,0.7238094610037421
TERM,7922,8188,0,0.7238094610037421
TERM,8189,8666,0,0.7238094610037421
TERM,8667,8751,0,0.7238094610037421
TERM,8752,9162,0,0.7238094610037421
TERM,9163,9248,0,0.7238094610037421
TERM,9249,9644,0,0.7238094610037421
TERM,9645,9902,0,0.7238094610037421
TERM,9903,10389,0,0.7238094610037421
TERM,10390,10711,0,0.7238094610037421
TERM,10712,11089,0,0.7238094610037421
TERM,11090,11488,0,0.7238094610037421
TERM,11489,11831,0,0.7238094610037421
TERM,11832,12062,0,0.7238094610037421
TERM,12063,12375,0,0.7238094610037421
TERM,12376,12440,0,0.7238094610037421
TERM,12441,12520,0,0.7238094610037421
TERM,12521,12895,0,0.7238094610037421
TERM,12896,13066,0,0.7238094610037421
TERM,13067,13501,0,0.7238094610037421
TERM,13502,13894,0,0.7238094610037421
TERM,13895,13923,0,0.7238094610037421
TERM,13924,14035,0,0.7238094610037421
TERM,14036,14161,0,0.7238094610037421
TERM,14162,14277,0,0.7238094610037421
TERM,14278,14328,0,0.7238094610037421
