channel,start_time,stop_time,label,confidence
TERM,1,247,0,0.4198330584202752
TERM,248,464,0,0.4198330584202752
TERM,465,863,0,0.4198330584202752
TERM,864,964,0,0.4198330584202752
TERM,965,1431,0,0.4198330584202752
TERM,1432,1498,0,0.4198330584202752
TERM,1499,1971,0,0.4198330584202752
TERM,1972,2098,0,0.4198330584202752
TERM,2099,2132,0,0.4198330584202752
TERM,2133,2324,0,0.4198330584202752
TERM,2325,2467,0,0.4198330584202752
TERM,2468,2868,0,0.4198330584202752
TERM,2869,3292,0,0.4198330584202752
TERM,3293,3323,0,0.4198330584202752
TERM,3324,3715,0,0.4198330584202752
TERM,3716,4164,0,0.4198330584202752
TERM,4165,4468,0,0.4198330584202752
TERM,4469,4527,0,0.4198330584202752
TERM,4528,4837,0,0.4198330584202752
TERM,4838,5179,0,0.4198330584202752
TERM,5180,5568,0,0.4198330584202752
TERM,5569,5940,0,0.4198330584202752
TERM,5941,6105,0,0.4198330584202752
TERM,6106,6494,0,0.4198330584202752
TERM,6495,6916,0,0.4198330584202752
TERM,6917,7029,0,0.4198330584202752
TERM,7030,7300,0,0.4198330584202752
TERM,7301,7787,0,0.4198330584202752
TERM,7788,8142,0,0.4198330584202752
TERM,8143,8241,0,0.4198330584202752
TERM,8242,8265,0,0.4198330584202752
TERM,8266,8498,0,0.4198330584202752
TERM,8499,8609,0,0.4198330584202752
TERM,8610,9006,0,0.4198330584202752
TERM,9007,9446,0,0.4198330584202752
TERM,9447,9864,0,0.4198330584202752
TERM,9865,10195,0,0.4198330584202752
TERM,10196,10270,0,0.4198330584202752
TERM,10271,10358,0,0.4198330584202752
TERM,10359,10484,0,0.4198330584202752
TERM,10485,10825,0,0.4198330584202752
TERM,10826,11255,0,0.4198330584202752
TERM,11256,11680,0,0.4198330584202752
TERM,11681,11980,0,0.4198330584202752
TERM,11981,12232,0,0.4198330584202752
TERM,12233,12494,0,0.4198330584202752
TERM,12495,12530,0,0.4198330584202752
TERM,12531,12992,0,0.4198330584202752
TERM,12993,13057,0,0.4198330584202752
TERM,13058,13427,0,0.4198330584202752
TERM,13428,13759,0,0.4198330584202752
TERM,13760,14014,0,0.4198330584202752
