channel,start_time,stop_time,label,confidence
TERM,1,113,0,0.7914287328894084
TERM,114,553,0,0.7914287328894084
TERM,554,816,0,0.7914287328894084
TERM,817,1229,0,0.7914287328894084
TERM,1230,1582,0,0.7914287328894084
TERM,1583,1909,0,0.7914287328894084
TERM,1910,2291,0,0.7914287328894084
TERM,2292,2497,0,0.7914287328894084
TERM,2498,2933,0,0.7914287328894084
TERM,2934,3153,0,0.7914287328894084
TERM,3154,3412,0,0.7914287328894084
TERM,3413,3662,0,0.7914287328894084
TERM,3663,3782,0,0.7914287328894084
