channel,start_time,stop_time,label,confidence
TERM,1,234,0,0.5319310259191481
TERM,235,526,0,0.5319310259191481
TERM,527,575,0,0.5319310259191481
TERM,576,666,0,0.5319310259191481
TERM,667,725,0,0.5319310259191481
TERM,726,979,0,0.5319310259191481
TERM,980,1120,0,0.5319310259191481
TERM,1121,1383,0,0.5319310259191481
TERM,1384,1798,0,0.5319310259191481
TERM,1799,2216,0,0.5319310259191481
TERM,2217,2619,0,0.5319310259191481
TERM,2620,2659,0,0.5319310259191481
TERM,2660,2671,0,0.5319310259191481
TERM,2672,2767,0,0.5319310259191481
