channel,start_time,stop_time,label,confidence
TERM,1,192,0,0.6634883139929402
TERM,193,334,0,0.6634883139929402
TERM,335,451,0,0.6634883139929402
TERM,452,947,0,0.6634883139929402
TERM,948,1278,0,0.6634883139929402
TERM,1279,1768,0,0.6634883139929402
TERM,1769,1812,0,0.6634883139929402
TERM,1813,1947,0,0.6634883139929402
TERM,1948,2358,0,0.6634883139929402
TERM,2359,2672,0,0.6634883139929402
TERM,2673,2875,0,0.6634883139929402
TERM,2876,3002,0,0.6634883139929402
TERM,3003,3262,0,0.6634883139929402
TERM,3263,3673,0,0.6634883139929402
TERM,3674,4087,0,0.6634883139929402
TERM,4088,4168,0,0.6634883139929402
TERM,4169,4293,0,0.6634883139929402
TERM,4294,4585,0,0.6634883139929402
TERM,4586,4648,0,0.6634883139929402
TERM,4649,4834,0,0.6634883139929402
TERM,4835,5213,0,0.6634883139929402
TERM,5214,5496,0,0.6634883139929402
TERM,5497,5506,0,0.6634883139929402
TERM,5507,5735,0,0.6634883139929402
TERM,5736,5898,0,0.6634883139929402
TERM,5899,6162,0,0.6634883139929402
TERM,6163,6556,0,0.6634883139929402
TERM,6557,6921,0,0.6634883139929402
TERM,6922,6960,0,0.6634883139929402
TERM,6961,7136,0,0.6634883139929402
TERM,7137,7443,0,0.6634883139929402
TERM,7444,7898,0,0.6634883139929402
TERM,7899,7981,0,0.6634883139929402
TERM,7982,8334,0,0.6634883139929402
TERM,8335,8736,0,0.6634883139929402
TERM,8737,9003,0,0.6634883139929402
TERM,9004,9242,0,0.6634883139929402
TERM,9243,9258,0,0.6634883139929402
TERM,9259,9311,0,0.6634883139929402
TERM,9312,9648,0,0.6634883139929402
TERM,9649,9844,0,0.6634883139929402
TERM,9845,10174,0,0.6634883139929402
TERM,10175,10294,0,0.6634883139929402
TERM,10295,10753,0,0.6634883139929402
TERM,10754,10793,0,0.6634883139929402
TERM,10794,11257,0,0.6634883139929402
TERM,11258,11318,0,0.6634883139929402
TERM,11319,11510,0,0.6634883139929402
TERM,11511,11672,0,0.6634883139929402
TERM,11673,12145,0,0.6634883139929402
TERM,12146,12478,0,0.6634883139929402
TERM,12479,12719,0,0.6634883139929402
TERM,12720,12731,0,0.6634883139929402
TERM,12732,13191,0,0.6634883139929402
TERM,13192,13422,0,0.6634883139929402
TERM,13423,13911,0,0.6634883139929402
