channel,start_time,stop_time,label,confidence
TERM,1,18,0,0.6254403516757703
TERM,19,328,0,0.6254403516757703
TERM,329,430,0,0.6254403516757703
TERM,431,531,0,0.6254403516757703
TERM,532,904,0,0.6254403516757703
TERM,905,1114,0,0.6254403516757703
TERM,1115,1176,0,0.6254403516757703
TERM,1177,1319,0,0.6254403516757703
TERM,1320,1746,0,0.6254403516757703
TERM,1747,2086,0,0.6254403516757703
TERM,2087,2319,0,0.6254403516757703
TERM,2320,2619,0,0.6254403516757703
TERM,2620,2985,0,0.6254403516757703
TERM,2986,3097,0,0.6254403516757703
TERM,3098,3539,0,0.6254403516757703
TERM,3540,3638,0,0.6254403516757703
TERM,3639,3967,0,0.6254403516757703
TERM,3968,4119,0,0.6254403516757703
TERM,4120,4577,0,0.6254403516757703
TERM,4578,4802,0,0.6254403516757703
TERM,4803,5004,0,0.6254403516757703
TERM,5005,5163,0,0.6254403516757703
TERM,5164,5420,0,0.6254403516757703
TERM,5421,5578,0,0.6254403516757703
TERM,5579,5740,0,0.6254403516757703
TERM,5741,6131,0,0.6254403516757703
TERM,6132,6507,0,0.6254403516757703
TERM,6508,6650,0,0.6254403516757703
TERM,6651,7013,0,0.6254403516757703
TERM,7014,7266,0,0.6254403516757703
TERM,7267,7652,0,0.6254403516757703
TERM,7653,8113,0,0.6254403516757703
TERM,8114,8511,0,0.6254403516757703
TERM,8512,8610,0,0.6254403516757703
TERM,8611,8976,0,0.6254403516757703
TERM,8977,9186,0,0.6254403516757703
TERM,9187,9379,0,0.6254403516757703
TERM,9380,9570,0,0.6254403516757703
TERM,9571,10004,0,0.6254403516757703
TERM,10005,10181,0,0.6254403516757703
TERM,10182,10662,0,0.6254403516757703
TERM,10663,10772,0,0.6254403516757703
TERM,10773,11245,0,0.6254403516757703
TERM,11246,11563,0,0.6254403516757703
TERM,11564,11908,0,0.6254403516757703
