channel,start_time,stop_time,label,confidence
TERM,1,285,0,0.6334325567106631
TERM,286,738,0,0.6334325567106631
TERM,739,1198,0,0.6334325567106631
TERM,1199,1445,0,0.6334325567106631
TERM,1446,1489,0,0.6334325567106631
TERM,1490,1710,0,0.6334325567106631
TERM,1711,1731,0,0.6334325567106631
TERM,1732,2163,0,0.6334325567106631
TERM,2164,2220,0,0.6334325567106631
TERM,2221,2341,0,0.6334325567106631
TERM,2342,2490,0,0.6334325567106631
TERM,2491,2829,0,0.6334325567106631
TERM,2830,3151,0,0.6334325567106631
TERM,3152,3285,0,0.6334325567106631
TERM,3286,3606,0,0.6334325567106631
TERM,3607,4003,0,0.6334325567106631
TERM,4004,4037,0,0.6334325567106631
TERM,4038,4414,0,0.6334325567106631
TERM,4415,4871,0,0.6334325567106631
TERM,4872,5347,0,0.6334325567106631
TERM,5348,5375,0,0.6334325567106631
TERM,5376,5490,0,0.6334325567106631
TERM,5491,5584,0,0.6334325567106631
TERM,5585,5858,0,0.6334325567106631
TERM,5859,6340,0,0.6334325567106631
TERM,6341,6759,0,0.6334325567106631
TERM,6760,6960,0,0.6334325567106631
TERM,6961,7085,0,0.6334325567106631
