channel,start_time,stop_time,label,confidence
TERM,1,327,0,0.4971534515246512
TERM,328,688,0,0.4971534515246512
TERM,689,1170,0,0.4971534515246512
TERM,1171,1396,0,0.4971534515246512
TERM,1397,1851,0,0.4971534515246512
TERM,1852,1923,0,0.4971534515246512
TERM,1924,2173,0,0.4971534515246512
TERM,2174,2575,0,0.4971534515246512
TERM,2576,2716,0,0.4971534515246512
TERM,2717,3161,0,0.4971534515246512
TERM,3162,3552,0,0.4971534515246512
TERM,3553,3851,0,0.4971534515246512
TERM,3852,4031,0,0.4971534515246512
TERM,4032,4165,0,0.4971534515246512
TERM,4166,4421,0,0.4971534515246512
TERM,4422,4588,0,0.4971534515246512
TERM,4589,5049,0,0.4971534515246512
TERM,5050,5148,0,0.4971534515246512
TERM,5149,5338,0,0.4971534515246512
TERM,5339,5354,0,0.4971534515246512
TERM,5355,5842,0,0.4971534515246512
TERM,5843,6099,0,0.4971534515246512
TERM,6100,6211,0,0.4971534515246512
TERM,6212,6675,0,0.4971534515246512
TERM,6676,6697,0,0.4971534515246512
TERM,6698,7190,0,0.4971534515246512
TERM,7191,7550,0,0.4971534515246512
TERM,7551,7965,0,0.4971534515246512
TERM,7966,8307,0,0.4971534515246512
TERM,8308,8797,0,0.4971534515246512
TERM,8798,9256,0,0.4971534515246512
TERM,9257,9653,0,0.4971534515246512
TERM,9654,10068,0,0.4971534515246512
