channel,start_time,stop_time,label,confidence
TERM,1,209,0,0.7971786919985484
TERM,210,310,0,0.7971786919985484
TERM,311,606,0,0.7971786919985484
TERM,607,758,0,0.7971786919985484
TERM,759,1058,0,0.7971786919985484
TERM,1059,1337,0,0.7971786919985484
TERM,1338,1557,0,0.7971786919985484
TERM,1558,1673,0,0.7971786919985484
TERM,1674,1725,0,0.7971786919985484
TERM,1726,2024,0,0.7971786919985484
TERM,2025,2129,0,0.7971786919985484
TERM,2130,2309,0,0.7971786919985484
TERM,2310,2800,0,0.7971786919985484
TERM,2801,3051,0,0.7971786919985484
TERM,3052,3518,0,0.7971786919985484
TERM,3519,3624,0,0.7971786919985484
