channel,start_time,stop_time,label,confidence
TERM,1,300,0,0.62053400942536
TERM,301,575,0,0.62053400942536
TERM,576,961,0,0.62053400942536
TERM,962,1329,0,0.62053400942536
TERM,1330,1592,0,0.62053400942536
TERM,1593,1879,0,0.62053400942536
TERM,1880,1896,0,0.62053400942536
TERM,1897,2062,0,0.62053400942536
TERM,2063,2200,0,0.62053400942536
TERM,2201,2573,0,0.62053400942536
TERM,2574,2693,0,0.62053400942536
TERM,2694,3099,0,0.62053400942536
TERM,3100,3401,0,0.62053400942536
TERM,3402,3584,0,0.62053400942536
TERM,3585,3993,0,0.62053400942536
TERM,3994,4401,0,0.62053400942536
TERM,4402,4752,0,0.62053400942536
TERM,4753,4942,0,0.62053400942536
TERM,4943,5403,0,0.62053400942536
TERM,5404,5522,0,0.62053400942536
TERM,5523,5982,0,0.62053400942536
TERM,5983,6067,0,0.62053400942536
TERM,6068,6302,0,0.62053400942536
TERM,6303,6488,0,0.62053400942536
TERM,6489,6972,0,0.62053400942536
TERM,6973,7001,0,0.62053400942536
