channel,start_time,stop_time,label,confidence
TERM,1,67,0,0.6540827779465609
TERM,68,351,0,0.6540827779465609
TERM,352,436,0,0.6540827779465609
TERM,437,838,0,0.6540827779465609
TERM,839,949,0,0.6540827779465609
TERM,950,997,0,0.6540827779465609
TERM,998,1369,0,0.6540827779465609
TERM,1370,1444,0,0.6540827779465609
TERM,1445,1551,0,0.6540827779465609
TERM,1552,1871,0,0.6540827779465609
TERM,1872,1957,0,0.6540827779465609
TERM,1958,2073,0,0.6540827779465609
TERM,2074,2431,0,0.6540827779465609
TERM,2432,2712,0,0.6540827779465609
TERM,2713,2755,0,0.6540827779465609
TERM,2756,3025,0,0.6540827779465609
TERM,3026,3341,0,0.6540827779465609
TERM,3342,3568,0,0.6540827779465609
TERM,3569,3780,0,0.6540827779465609
TERM,3781,4065,0,0.6540827779465609
TERM,4066,4521,0,0.6540827779465609
TERM,4522,4660,0,0.6540827779465609
TERM,4661,4863,0,0.6540827779465609
TERM,4864,5211,0,0.6540827779465609
TERM,5212,5546,0,0.6540827779465609
TERM,5547,5651,0,0.6540827779465609
TERM,5652,5849,0,0.6540827779465609
TERM,5850,5890,0,0.6540827779465609
TERM,5891,6231,0,0.6540827779465609
TERM,6232,6262,0,0.6540827779465609
TERM,6263,6726,0,0.6540827779465609
TERM,6727,6995,0,0.6540827779465609
TERM,6996,7265,0,0.6540827779465609
TERM,7266,7299,0,0.6540827779465609
TERM,7300,7591,0,0.6540827779465609
TERM,7592,7747,0,0.6540827779465609
TERM,7748,8078,0,0.6540827779465609
TERM,8079,8122,0,0.6540827779465609
TERM,8123,8484,0,0.6540827779465609
TERM,8485,8623,0,0.6540827779465609
TERM,8624,8934,0,0.6540827779465609
TERM,8935,9342,0,0.6540827779465609
TERM,9343,9643,0,0.6540827779465609
TERM,9644,9736,0,0.6540827779465609
TERM,9737,10069,0,0.6540827779465609
TERM,10070,10289,0,0.6540827779465609
TERM,10290,10681,0,0.6540827779465609
TERM,10682,10988,0,0.6540827779465609
TERM,10989,11003,0,0.6540827779465609
TERM,11004,11480,0,0.6540827779465609
TERM,11481,11899,0,0.6540827779465609
TERM,11900,12331,0,0.6540827779465609
TERM,12332,12720,0,0.6540827779465609
TERM,12721,13182,0,0.6540827779465609
TERM,13183,13234,0,0.6540827779465609
TERM,13235,13287,0,0.6540827779465609
