channel,start_time,stop_time,label,confidence
TERM,1,67,0,0.2872975226522104
TERM,68,236,0,0.2872975226522104
TERM,237,291,0,0.2872975226522104
TERM,292,595,0,0.2872975226522104
TERM,596,974,0,0.2872975226522104
TERM,975,1350,0,0.2872975226522104
TERM,1351,1477,0,0.2872975226522104
TERM,1478,1587,0,0.2872975226522104
TERM,1588,1721,0,0.2872975226522104
TERM,1722,1784,0,0.2872975226522104
TERM,1785,1979,0,0.2872975226522104
