channel,start_time,stop_time,label,confidence
TERM,1,150,0,0.6258284175691451
TERM,151,216,0,0.6258284175691451
TERM,217,253,0,0.6258284175691451
TERM,254,666,0,0.6258284175691451
TERM,667,1076,0,0.6258284175691451
TERM,1077,1196,0,0.6258284175691451
TERM,1197,1299,0,0.6258284175691451
TERM,1300,1779,0,0.6258284175691451
TERM,1780,2107,0,0.6258284175691451
TERM,2108,2410,0,0.6258284175691451
TERM,2411,2877,0,0.6258284175691451
TERM,2878,2899,0,0.6258284175691451
TERM,2900,3111,0,0.6258284175691451
TERM,3112,3392,0,0.6258284175691451
TERM,3393,3522,0,0.6258284175691451
TERM,3523,3977,0,0.6258284175691451
TERM,3978,4276,0,0.6258284175691451
TERM,4277,4699,0,0.6258284175691451
TERM,4700,5081,0,0.6258284175691451
TERM,5082,5501,0,0.6258284175691451
TERM,5502,5886,0,0.6258284175691451
TERM,5887,6250,0,0.6258284175691451
TERM,6251,6437,0,0.6258284175691451
TERM,6438,6765,0,0.6258284175691451
TERM,6766,7117,0,0.6258284175691451
TERM,7118,7357,0,0.6258284175691451
TERM,7358,7687,0,0.6258284175691451
TERM,7688,7921,0,0.6258284175691451
TERM,7922,8254,0,0.6258284175691451
TERM,8255,8575,0,0.6258284175691451
TERM,8576,9010,0,0.6258284175691451
TERM,9011,9483,0,0.6258284175691451
TERM,9484,9707,0,0.6258284175691451
TERM,9708,10052,0,0.6258284175691451
TERM,10053,10320,0,0.6258284175691451
TERM,10321,10613,0,0.6258284175691451
TERM,10614,10769,0,0.6258284175691451
TERM,10770,10894,0,0.6258284175691451
TERM,10895,11302,0,0.6258284175691451
TERM,11303,11385,0,0.6258284175691451
TERM,11386,11644,0,0.6258284175691451
TERM,11645,12016,0,0.6258284175691451
TERM,12017,12152,0,0.6258284175691451
TERM,12153,12651,0,0.6258284175691451
TERM,12652,12886,0,0.6258284175691451
TERM,12887,13088,0,0.6258284175691451
TERM,13089,13291,0,0.6258284175691451
TERM,13292,13588,0,0.6258284175691451
TERM,13589,14078,0,0.6258284175691451
TERM,14079,14476,0,0.6258284175691451
TERM,14477,14831,0,0.6258284175691451
TERM,14832,14930,0,0.6258284175691451
TERM,14931,15333,0,0.6258284175691451
TERM,15334,15635,0,0.6258284175691451
TERM,15636,15982,0,0.6258284175691451
TERM,15983,16376,0,0.6258284175691451
TERM,16377,16752,0,0.6258284175691451
TERM,16753,16995,0,0.6258284175691451
TERM,16996,17296,0,0.6258284175691451
TERM,17297,17532,0,0.6258284175691451
