channel,start_time,stop_time,label,confidence
TERM,1,19,0,0.6323756872353257
TERM,20,365,0,0.6323756872353257
TERM,366,583,0,0.6323756872353257
TERM,584,1076,0,0.6323756872353257
TERM,1077,1493,0,0.6323756872353257
TERM,1494,1863,0,0.6323756872353257
TERM,1864,1970,0,0.6323756872353257
TERM,1971,2160,0,0.6323756872353257
TERM,2161,2341,0,0.6323756872353257
TERM,2342,2460,0,0.6323756872353257
TERM,2461,2797,0,0.6323756872353257
TERM,2798,3208,0,0.6323756872353257
TERM,3209,3300,0,0.6323756872353257
TERM,3301,3659,0,0.6323756872353257
TERM,3660,3835,0,0.6323756872353257
TERM,3836,3915,0,0.6323756872353257
TERM,3916,4315,0,0.6323756872353257
TERM,4316,4369,0,0.6323756872353257
TERM,4370,4866,0,0.6323756872353257
TERM,4867,5284,0,0.6323756872353257
TERM,5285,5613,0,0.6323756872353257
TERM,5614,5992,0,0.6323756872353257
TERM,5993,6164,0,0.6323756872353257
TERM,6165,6523,0,0.6323756872353257
TERM,6524,6550,0,0.6323756872353257
TERM,6551,6864,0,0.6323756872353257
TERM,6865,7230,0,0.6323756872353257
TERM,7231,7263,0,0.6323756872353257
