channel,start_time,stop_time,label,confidence
TERM,1,318,0,0.7034753671250387
TERM,319,729,0,0.7034753671250387
TERM,730,1094,0,0.7034753671250387
TERM,1095,1294,0,0.7034753671250387
TERM,1295,1490,0,0.7034753671250387
TERM,1491,1964,0,0.7034753671250387
TERM,1965,2097,0,0.7034753671250387
TERM,2098,2597,0,0.7034753671250387
TERM,2598,2929,0,0.7034753671250387
TERM,2930,2996,0,0.7034753671250387
TERM,2997,3272,0,0.7034753671250387
