channel,start_time,stop_time,label,confidence
TERM,1,352,0,0.609782667403276
TERM,353,564,0,0.609782667403276
TERM,565,849,0,0.609782667403276
TERM,850,992,0,0.609782667403276
TERM,993,1394,0,0.609782667403276
TERM,1395,1565,0,0.609782667403276
TERM,1566,1784,0,0.609782667403276
TERM,1785,2130,0,0.609782667403276
TERM,2131,2321,0,0.609782667403276
TERM,2322,2482,0,0.609782667403276
TERM,2483,2685,0,0.609782667403276
TERM,2686,2973,0,0.609782667403276
TERM,2974,3258,0,0.609782667403276
TERM,3259,3351,0,0.609782667403276
TERM,3352,3602,0,0.609782667403276
TERM,3603,3667,0,0.609782667403276
TERM,3668,3941,0,0.609782667403276
TERM,3942,4272,0,0.609782667403276
TERM,4273,4562,0,0.609782667403276
TERM,4563,4890,0,0.609782667403276
TERM,4891,5369,0,0.609782667403276
TERM,5370,5808,0,0.609782667403276
TERM,5809,5867,0,0.609782667403276
TERM,5868,6300,0,0.609782667403276
TERM,6301,6662,0,0.609782667403276
TERM,6663,6773,0,0.609782667403276
TERM,6774,6848,0,0.609782667403276
TERM,6849,7296,0,0.609782667403276
TERM,7297,7644,0,0.609782667403276
TERM,7645,8042,0,0.609782667403276
TERM,8043,8449,0,0.609782667403276
TERM,8450,8468,0,0.609782667403276
TERM,8469,8573,0,0.609782667403276
TERM,8574,8722,0,0.609782667403276
TERM,8723,8774,0,0.609782667403276
TERM,8775,8989,0,0.609782667403276
TERM,8990,9227,0,0.609782667403276
TERM,9228,9599,0,0.609782667403276
TERM,9600,9620,0,0.609782667403276
TERM,9621,10108,0,0.609782667403276
TERM,10109,10238,0,0.609782667403276
TERM,10239,10494,0,0.609782667403276
TERM,10495,10700,0,0.609782667403276
TERM,10701,10736,0,0.609782667403276
TERM,10737,11096,0,0.609782667403276
TERM,11097,11414,0,0.609782667403276
TERM,11415,11752,0,0.609782667403276
TERM,11753,11785,0,0.609782667403276
TERM,11786,11849,0,0.609782667403276
TERM,11850,12307,0,0.609782667403276
TERM,12308,12426,0,0.609782667403276
TERM,12427,12777,0,0.609782667403276
TERM,12778,12894,0,0.609782667403276
TERM,12895,13384,0,0.609782667403276
TERM,13385,13597,0,0.609782667403276
TERM,13598,14082,0,0.609782667403276
TERM,14083,14146,0,0.609782667403276
TERM,14147,14547,0,0.609782667403276
TERM,14548,14593,0,0.609782667403276
TERM,14594,14898,0,0.609782667403276
