channel,start_time,stop_time,label,confidence
TERM,1,499,0,0.3543575437053081
TERM,500,594,0,0.3543575437053081
TERM,595,915,0,0.3543575437053081
TERM,916,972,0,0.3543575437053081
TERM,973,1445,0,0.3543575437053081
TERM,1446,1549,0,0.3543575437053081
TERM,1550,1719,0,0.3543575437053081
TERM,1720,1960,0,0.3543575437053081
TERM,1961,2128,0,0.3543575437053081
TERM,2129,2238,0,0.3543575437053081
TERM,2239,2495,0,0.3543575437053081
TERM,2496,2514,0,0.3543575437053081
TERM,2515,2829,0,0.3543575437053081
TERM,2830,3016,0,0.3543575437053081
TERM,3017,3367,0,0.3543575437053081
TERM,3368,3404,0,0.3543575437053081
TERM,3405,3607,0,0.3543575437053081
TERM,3608,3678,0,0.3543575437053081
TERM,3679,3697,0,0.3543575437053081
TERM,3698,4034,0,0.3543575437053081
TERM,4035,4389,0,0.3543575437053081
TERM,4390,4814,0,0.3543575437053081
