channel,start_time,stop_time,label,confidence
TERM,1,455,0,0.696929439970525
TERM,456,528,0,0.696929439970525
TERM,529,655,0,0.696929439970525
TERM,656,723,0,0.696929439970525
TERM,724,975,0,0.696929439970525
TERM,976,1146,0,0.696929439970525
TERM,1147,1450,0,0.696929439970525
TERM,1451,1493,0,0.696929439970525
TERM,1494,1630,0,0.696929439970525
TERM,1631,1669,0,0.696929439970525
TERM,1670,1940,0,0.696929439970525
TERM,1941,2352,0,0.696929439970525
TERM,2353,2652,0,0.696929439970525
TERM,2653,3101,0,0.696929439970525
TERM,3102,3259,0,0.696929439970525
TERM,3260,3424,0,0.696929439970525
TERM,3425,3485,0,0.696929439970525
TERM,3486,3711,0,0.696929439970525
TERM,3712,4199,0,0.696929439970525
TERM,4200,4337,0,0.696929439970525
TERM,4338,4456,0,0.696929439970525
TERM,4457,4779,0,0.696929439970525
TERM,4780,5215,0,0.696929439970525
TERM,5216,5478,0,0.696929439970525
TERM,5479,5701,0,0.696929439970525
TERM,5702,6095,0,0.696929439970525
TERM,6096,6401,0,0.696929439970525
TERM,6402,6786,0,0.696929439970525
TERM,6787,7123,0,0.696929439970525
TERM,7124,7247,0,0.696929439970525
TERM,7248,7539,0,0.696929439970525
TERM,7540,7733,0,0.696929439970525
TERM,7734,8145,0,0.696929439970525
TERM,8146,8581,0,0.696929439970525
TERM,8582,8710,0,0.696929439970525
TERM,8711,9009,0,0.696929439970525
TERM,9010,9442,0,0.696929439970525
TERM,9443,9778,0,0.696929439970525
TERM,9779,10147,0,0.696929439970525
TERM,10148,10559,0,0.696929439970525
TERM,10560,10968,0,0.696929439970525
TERM,10969,11016,0,0.696929439970525
TERM,11017,11512,0,0.696929439970525
TERM,11513,11657,0,0.696929439970525
TERM,11658,11896,0,0.696929439970525
TERM,11897,12233,0,0.696929439970525
TERM,12234,12321,0,0.696929439970525
TERM,12322,12358,0,0.696929439970525
TERM,12359,12835,0,0.696929439970525
TERM,12836,12862,0,0.696929439970525
TERM,12863,13018,0,0.696929439970525
TERM,13019,13393,0,0.696929439970525
TERM,13394,13800,0,0.696929439970525
TERM,13801,14109,0,0.696929439970525
TERM,14110,14318,0,0.696929439970525
TERM,14319,14633,0,0.696929439970525
TERM,14634,14981,0,0.696929439970525
TERM,14982,15310,0,0.696929439970525
TERM,15311,15652,0,0.696929439970525
TERM,15653,15969,0,0.696929439970525
