channel,start_time,stop_time,label,confidence
TERM,1,87,0,0.5642910410547652
TERM,88,263,0,0.5642910410547652
TERM,264,761,0,0.5642910410547652
TERM,762,1256,0,0.5642910410547652
TERM,1257,1505,0,0.5642910410547652
TERM,1506,1713,0,0.5642910410547652
TERM,1714,1747,0,0.5642910410547652
TERM,1748,1997,0,0.5642910410547652
TERM,1998,2489,0,0.5642910410547652
TERM,2490,2608,0,0.5642910410547652
TERM,2609,2936,0,0.5642910410547652
TERM,2937,3051,0,0.5642910410547652
TERM,3052,3268,0,0.5642910410547652
TERM,3269,3319,0,0.5642910410547652
TERM,3320,3638,0,0.5642910410547652
TERM,3639,3798,0,0.5642910410547652
TERM,3799,4140,0,0.5642910410547652
TERM,4141,4247,0,0.5642910410547652
TERM,4248,4377,0,0.5642910410547652
TERM,4378,4540,0,0.5642910410547652
TERM,4541,4584,0,0.5642910410547652
TERM,4585,4766,0,0.5642910410547652
TERM,4767,4964,0,0.5642910410547652
TERM,4965,5215,0,0.5642910410547652
TERM,5216,5703,0,0.5642910410547652
TERM,5704,6084,0,0.5642910410547652
TERM,6085,6572,0,0.5642910410547652
TERM,6573,6945,0,0.5642910410547652
TERM,6946,7203,0,0.5642910410547652
TERM,7204,7333,0,0.5642910410547652
TERM,7334,7549,0,0.5642910410547652
TERM,7550,7873,0,0.5642910410547652
TERM,7874,8338,0,0.5642910410547652
TERM,8339,8420,0,0.5642910410547652
TERM,8421,8857,0,0.5642910410547652
TERM,8858,8868,0,0.5642910410547652
TERM,8869,9220,0,0.5642910410547652
TERM,9221,9610,0,0.5642910410547652
TERM,9611,9867,0,0.5642910410547652
TERM,9868,9979,0,0.5642910410547652
TERM,9980,10336,0,0.5642910410547652
TERM,10337,10717,0,0.5642910410547652
TERM,10718,11066,0,0.5642910410547652
TERM,11067,11091,0,0.5642910410547652
TERM,11092,11229,0,0.5642910410547652
TERM,11230,11292,0,0.5642910410547652
TERM,11293,11355,0,0.5642910410547652
TERM,11356,11532,0,0.5642910410547652
TERM,11533,12011,0,0.5642910410547652
TERM,12012,12267,0,0.5642910410547652
TERM,12268,12338,0,0.5642910410547652
TERM,12339,12790,0,0.5642910410547652
TERM,12791,13127,0,0.5642910410547652
TERM,13128,13228,0,0.5642910410547652
TERM,13229,13356,0,0.5642910410547652
TERM,13357,13401,0,0.5642910410547652
TERM,13402,13546,0,0.5642910410547652
TERM,13547,13893,0,0.5642910410547652
TERM,13894,14201,0,0.5642910410547652
TERM,14202,14463,0,0.5642910410547652
TERM,14464,14842,0,0.5642910410547652
TERM,14843,15128,0,0.5642910410547652
TERM,15129,15249,0,0.5642910410547652
TERM,15250,15471,0,0.5642910410547652
