channel,start_time,stop_time,label,confidence
TERM,1,27,0,0.7433730160931626
TERM,28,410,0,0.7433730160931626
TERM,411,789,0,0.7433730160931626
TERM,790,1093,0,0.7433730160931626
TERM,1094,1312,0,0.7433730160931626
TERM,1313,1584,0,0.7433730160931626
TERM,1585,1802,0,0.7433730160931626
TERM,1803,2067,0,0.7433730160931626
TERM,2068,2173,0,0.7433730160931626
TERM,2174,2259,0,0.7433730160931626
TERM,2260,2443,0,0.7433730160931626
TERM,2444,2551,0,0.7433730160931626
TERM,2552,2837,0,0.7433730160931626
TERM,2838,3253,0,0.7433730160931626
TERM,3254,3675,0,0.7433730160931626
TERM,3676,3881,0,0.7433730160931626
TERM,3882,4288,0,0.7433730160931626
TERM,4289,4618,0,0.7433730160931626
TERM,4619,4664,0,0.7433730160931626
TERM,4665,5046,0,0.7433730160931626
TERM,5047,5430,0,0.7433730160931626
TERM,5431,5890,0,0.7433730160931626
TERM,5891,6347,0,0.7433730160931626
TERM,6348,6451,0,0.7433730160931626
TERM,6452,6544,0,0.7433730160931626
TERM,6545,6922,0,0.7433730160931626
TERM,6923,7205,0,0.7433730160931626
TERM,7206,7318,0,0.7433730160931626
TERM,7319,7752,0,0.7433730160931626
TERM,7753,8152,0,0.7433730160931626
TERM,8153,8349,0,0.7433730160931626
TERM,8350,8430,0,0.7433730160931626
TERM,8431,8653,0,0.7433730160931626
TERM,8654,9087,0,0.7433730160931626
TERM,9088,9128,0,0.7433730160931626
TERM,9129,9343,0,0.7433730160931626
TERM,9344,9444,0,0.7433730160931626
TERM,9445,9748,0,0.7433730160931626
TERM,9749,10008,0,0.7433730160931626
TERM,10009,10364,0,0.7433730160931626
TERM,10365,10563,0,0.7433730160931626
TERM,10564,10946,0,0.7433730160931626
TERM,10947,11027,0,0.7433730160931626
TERM,11028,11431,0,0.7433730160931626
TERM,11432,11469,0,0.7433730160931626
TERM,11470,11624,0,0.7433730160931626
TERM,11625,11669,0,0.7433730160931626
TERM,11670,11738,0,0.7433730160931626
TERM,11739,11964,0,0.7433730160931626
TERM,11965,12261,0,0.7433730160931626
TERM,12262,12672,0,0.7433730160931626
TERM,12673,12964,0,0.7433730160931626
TERM,12965,13234,0,0.7433730160931626
TERM,13235,13543,0,0.7433730160931626
TERM,13544,13900,0,0.7433730160931626
TERM,13901,14173,0,0.7433730160931626
TERM,14174,14341,0,0.7433730160931626
TERM,14342,14625,0,0.7433730160931626
TERM,14626,14712,0,0.7433730160931626
TERM,14713,14804,0,0.7433730160931626
TERM,14805,14875,0,0.7433730160931626
TERM,14876,15233,0,0.7433730160931626
TERM,15234,15650,0,0.7433730160931626
TERM,15651,16085,0,0.7433730160931626
