channel,start_time,stop_time,label,confidence
TERM,1,196,0,0.7836322186902605
TERM,197,448,0,0.7836322186902605
TERM,449,740,0,0.7836322186902605
TERM,741,1170,0,0.7836322186902605
TERM,1171,1325,0,0.7836322186902605
TERM,1326,1478,0,0.7836322186902605
TERM,1479,1510,0,0.7836322186902605
TERM,1511,1951,0,0.7836322186902605
TERM,1952,2250,0,0.7836322186902605
TERM,2251,2706,0,0.7836322186902605
TERM,2707,3148,0,0.7836322186902605
TERM,3149,3622,0,0.7836322186902605
TERM,3623,3938,0,0.7836322186902605
TERM,3939,4315,0,0.7836322186902605
