channel,start_time,stop_time,label,confidence
TERM,1,471,0,0.5944711260404774
TERM,472,555,0,0.5944711260404774
TERM,556,1017,0,0.5944711260404774
TERM,1018,1283,0,0.5944711260404774
TERM,1284,1416,0,0.5944711260404774
TERM,1417,1888,0,0.5944711260404774
TERM,1889,2057,0,0.5944711260404774
TERM,2058,2129,0,0.5944711260404774
TERM,2130,2177,0,0.5944711260404774
TERM,2178,2504,0,0.5944711260404774
TERM,2505,2649,0,0.5944711260404774
TERM,2650,2861,0,0.5944711260404774
TERM,2862,2963,0,0.5944711260404774
TERM,2964,3239,0,0.5944711260404774
TERM,3240,3314,0,0.5944711260404774
TERM,3315,3571,0,0.5944711260404774
TERM,3572,3925,0,0.5944711260404774
TERM,3926,4348,0,0.5944711260404774
TERM,4349,4426,0,0.5944711260404774
TERM,4427,4692,0,0.5944711260404774
TERM,4693,5017,0,0.5944711260404774
TERM,5018,5176,0,0.5944711260404774
TERM,5177,5218,0,0.5944711260404774
TERM,5219,5689,0,0.5944711260404774
TERM,5690,5871,0,0.5944711260404774
TERM,5872,5883,0,0.5944711260404774
TERM,5884,5921,0,0.5944711260404774
TERM,5922,6109,0,0.5944711260404774
TERM,6110,6172,0,0.5944711260404774
TERM,6173,6239,0,0.5944711260404774
TERM,6240,6376,0,0.5944711260404774
TERM,6377,6648,0,0.5944711260404774
TERM,6649,6912,0,0.5944711260404774
TERM,6913,7291,0,0.5944711260404774
TERM,7292,7343,0,0.5944711260404774
TERM,7344,7391,0,0.5944711260404774
TERM,7392,7478,0,0.5944711260404774
TERM,7479,7739,0,0.5944711260404774
TERM,7740,8006,0,0.5944711260404774
TERM,8007,8225,0,0.5944711260404774
TERM,8226,8279,0,0.5944711260404774
TERM,8280,8733,0,0.5944711260404774
TERM,8734,9112,0,0.5944711260404774
TERM,9113,9207,0,0.5944711260404774
TERM,9208,9231,0,0.5944711260404774
TERM,9232,9522,0,0.5944711260404774
TERM,9523,9687,0,0.5944711260404774
TERM,9688,9789,0,0.5944711260404774
TERM,9790,10114,0,0.5944711260404774
TERM,10115,10448,0,0.5944711260404774
TERM,10449,10556,0,0.5944711260404774
TERM,10557,10696,0,0.5944711260404774
TERM,10697,11144,0,0.5944711260404774
TERM,11145,11498,0,0.5944711260404774
TERM,11499,11979,0,0.5944711260404774
TERM,11980,12347,0,0.5944711260404774
TERM,12348,12732,0,0.5944711260404774
TERM,12733,12963,0,0.5944711260404774
TERM,12964,13423,0,0.5944711260404774
TERM,13424,13758,0,0.5944711260404774
TERM,13759,14002,0,0.5944711260404774
TERM,14003,14329,0,0.5944711260404774
TERM,14330,14721,0,0.5944711260404774
TERM,14722,15207,0,0.5944711260404774
TERM,15208,15341,0,0.5944711260404774
