channel,start_time,stop_time,label,confidence
TERM,1,483,0,0.5523829998343947
TERM,484,677,0,0.5523829998343947
TERM,678,821,0,0.5523829998343947
TERM,822,1080,0,0.5523829998343947
TERM,1081,1222,0,0.5523829998343947
TERM,1223,1456,0,0.5523829998343947
TERM,1457,1548,0,0.5523829998343947
TERM,1549,2022,0,0.5523829998343947
TERM,2023,2058,0,0.5523829998343947
TERM,2059,2316,0,0.5523829998343947
TERM,2317,2332,0,0.5523829998343947
TERM,2333,2597,0,0.5523829998343947
TERM,2598,2828,0,0.5523829998343947
TERM,2829,3209,0,0.5523829998343947
TERM,3210,3517,0,0.5523829998343947
TERM,3518,3833,0,0.5523829998343947
TERM,3834,3998,0,0.5523829998343947
TERM,3999,4475,0,0.5523829998343947
TERM,4476,4777,0,0.5523829998343947
TERM,4778,4902,0,0.5523829998343947
TERM,4903,5020,0,0.5523829998343947
TERM,5021,5321,0,0.5523829998343947
TERM,5322,5418,0,0.5523829998343947
TERM,5419,5521,0,0.5523829998343947
TERM,5522,5840,0,0.5523829998343947
TERM,5841,6283,0,0.5523829998343947
TERM,6284,6407,0,0.5523829998343947
TERM,6408,6784,0,0.5523829998343947
TERM,6785,6846,0,0.5523829998343947
TERM,6847,6923,0,0.5523829998343947
TERM,6924,7140,0,0.5523829998343947
TERM,7141,7294,0,0.5523829998343947
TERM,7295,7352,0,0.5523829998343947
TERM,7353,7667,0,0.5523829998343947
TERM,7668,7755,0,0.5523829998343947
TERM,7756,7823,0,0.5523829998343947
TERM,7824,8062,0,0.5523829998343947
TERM,8063,8400,0,0.5523829998343947
TERM,8401,8416,0,0.5523829998343947
TERM,8417,8681,0,0.5523829998343947
TERM,8682,8861,0,0.5523829998343947
TERM,8862,8954,0,0.5523829998343947
TERM,8955,9424,0,0.5523829998343947
TERM,9425,9771,0,0.5523829998343947
TERM,9772,9859,0,0.5523829998343947
TERM,9860,10157,0,0.5523829998343947
TERM,10158,10292,0,0.5523829998343947
TERM,10293,10510,0,0.5523829998343947
TERM,10511,10626,0,0.5523829998343947
TERM,10627,10962,0,0.5523829998343947
TERM,10963,11152,0,0.5523829998343947
TERM,11153,11616,0,0.5523829998343947
TERM,11617,11757,0,0.5523829998343947
TERM,11758,12155,0,0.5523829998343947
TERM,12156,12418,0,0.5523829998343947
TERM,12419,12721,0,0.5523829998343947
TERM,12722,12760,0,0.5523829998343947
TERM,12761,12845,0,0.5523829998343947
TERM,12846,12912,0,0.5523829998343947
TERM,12913,13252,0,0.5523829998343947
TERM,13253,13452,0,0.5523829998343947
TERM,13453,13924,0,0.5523829998343947
TERM,13925,14188,0,0.5523829998343947
TERM,14189,14251,0,0.5523829998343947
TERM,14252,14392,0,0.5523829998343947
TERM,14393,14810,0,0.5523829998343947
