channel,start_time,stop_time,label,confidence
TERM,1,143,0,0.6981548795889846
TERM,144,488,0,0.6981548795889846
TERM,489,502,0,0.6981548795889846
TERM,503,989,0,0.6981548795889846
TERM,990,1009,0,0.6981548795889846
TERM,1010,1109,0,0.6981548795889846
TERM,1110,1207,0,0.6981548795889846
TERM,1208,1645,0,0.6981548795889846
TERM,1646,2104,0,0.6981548795889846
TERM,2105,2515,0,0.6981548795889846
TERM,2516,2964,0,0.6981548795889846
TERM,2965,3297,0,0.6981548795889846
TERM,3298,3585,0,0.6981548795889846
TERM,3586,3792,0,0.6981548795889846
TERM,3793,3916,0,0.6981548795889846
TERM,3917,4378,0,0.6981548795889846
TERM,4379,4814,0,0.6981548795889846
TERM,4815,5060,0,0.6981548795889846
TERM,5061,5542,0,0.6981548795889846
TERM,5543,5955,0,0.6981548795889846
TERM,5956,6375,0,0.6981548795889846
TERM,6376,6707,0,0.6981548795889846
TERM,6708,6987,0,0.6981548795889846
TERM,6988,7465,0,0.6981548795889846
