channel,start_time,stop_time,label,confidence
TERM,1,476,0,0.7724927883747305
TERM,477,713,0,0.7724927883747305
TERM,714,926,0,0.7724927883747305
TERM,927,1061,0,0.7724927883747305
TERM,1062,1406,0,0.7724927883747305
TERM,1407,1669,0,0.7724927883747305
TERM,1670,1907,0,0.7724927883747305
TERM,1908,2087,0,0.7724927883747305
TERM,2088,2494,0,0.7724927883747305
TERM,2495,2872,0,0.7724927883747305
TERM,2873,3014,0,0.7724927883747305
TERM,3015,3264,0,0.7724927883747305
TERM,3265,3455,0,0.7724927883747305
TERM,3456,3875,0,0.7724927883747305
TERM,3876,4344,0,0.7724927883747305
TERM,4345,4706,0,0.7724927883747305
