channel,start_time,stop_time,label,confidence
TERM,1,419,0,0.7714311970090655
TERM,420,684,0,0.7714311970090655
TERM,685,1038,0,0.7714311970090655
TERM,1039,1471,0,0.7714311970090655
TERM,1472,1651,0,0.7714311970090655
TERM,1652,2126,0,0.7714311970090655
TERM,2127,2273,0,0.7714311970090655
TERM,2274,2640,0,0.7714311970090655
TERM,2641,2779,0,0.7714311970090655
TERM,2780,2921,0,0.7714311970090655
TERM,2922,3263,0,0.7714311970090655
TERM,3264,3555,0,0.7714311970090655
TERM,3556,3984,0,0.7714311970090655
TERM,3985,4380,0,0.7714311970090655
TERM,4381,4584,0,0.7714311970090655
