channel,start_time,stop_time,label,confidence
TERM,1,193,0,0.5076775530677509
TERM,194,358,0,0.5076775530677509
TERM,359,540,0,0.5076775530677509
TERM,541,988,0,0.5076775530677509
TERM,989,1449,0,0.5076775530677509
TERM,1450,1717,0,0.5076775530677509
TERM,1718,2112,0,0.5076775530677509
TERM,2113,2592,0,0.5076775530677509
TERM,2593,2984,0,0.5076775530677509
TERM,2985,3114,0,0.5076775530677509
TERM,3115,3569,0,0.5076775530677509
TERM,3570,3687,0,0.5076775530677509
TERM,3688,3865,0,0.5076775530677509
TERM,3866,4025,0,0.5076775530677509
TERM,4026,4508,0,0.5076775530677509
TERM,4509,4570,0,0.5076775530677509
TERM,4571,4998,0,0.5076775530677509
TERM,4999,5062,0,0.5076775530677509
TERM,5063,5219,0,0.5076775530677509
TERM,5220,5506,0,0.5076775530677509
TERM,5507,5562,0,0.5076775530677509
TERM,5563,5901,0,0.5076775530677509
TERM,5902,6032,0,0.5076775530677509
TERM,6033,6266,0,0.5076775530677509
TERM,6267,6679,0,0.5076775530677509
TERM,6680,6737,0,0.5076775530677509
TERM,6738,7206,0,0.5076775530677509
TERM,7207,7251,0,0.5076775530677509
TERM,7252,7316,0,0.5076775530677509
TERM,7317,7732,0,0.5076775530677509
TERM,7733,8181,0,0.5076775530677509
TERM,8182,8672,0,0.5076775530677509
TERM,8673,8991,0,0.5076775530677509
TERM,8992,9318,0,0.5076775530677509
TERM,9319,9662,0,0.5076775530677509
TERM,9663,10027,0,0.5076775530677509
TERM,10028,10147,0,0.5076775530677509
TERM,10148,10361,0,0.5076775530677509
TERM,10362,10708,0,0.5076775530677509
TERM,10709,10834,0,0.5076775530677509
TERM,10835,10977,0,0.5076775530677509
TERM,10978,11301,0,0.5076775530677509
TERM,11302,11388,0,0.5076775530677509
TERM,11389,11791,0,0.5076775530677509
