channel,start_time,stop_time,label,confidence
TERM,1,27,0,0.5568268401395373
TERM,28,373,0,0.5568268401395373
TERM,374,823,0,0.5568268401395373
TERM,824,901,0,0.5568268401395373
TERM,902,1037,0,0.5568268401395373
TERM,1038,1526,0,0.5568268401395373
TERM,1527,1549,0,0.5568268401395373
TERM,1550,1823,0,0.5568268401395373
TERM,1824,1877,0,0.5568268401395373
TERM,1878,1966,0,0.5568268401395373
TERM,1967,2349,0,0.5568268401395373
TERM,2350,2669,0,0.5568268401395373
TERM,2670,3158,0,0.5568268401395373
TERM,3159,3394,0,0.5568268401395373
TERM,3395,3642,0,0.5568268401395373
TERM,3643,4141,0,0.5568268401395373
TERM,4142,4240,0,0.5568268401395373
TERM,4241,4286,0,0.5568268401395373
TERM,4287,4479,0,0.5568268401395373
TERM,4480,4675,0,0.5568268401395373
TERM,4676,4860,0,0.5568268401395373
TERM,4861,5070,0,0.5568268401395373
TERM,5071,5156,0,0.5568268401395373
TERM,5157,5512,0,0.5568268401395373
TERM,5513,5713,0,0.5568268401395373
TERM,5714,6007,0,0.5568268401395373
TERM,6008,6298,0,0.5568268401395373
TERM,6299,6314,0,0.5568268401395373
TERM,6315,6788,0,0.5568268401395373
TERM,6789,6858,0,0.5568268401395373
TERM,6859,7064,0,0.5568268401395373
TERM,7065,7220,0,0.5568268401395373
TERM,7221,7404,0,0.5568268401395373
TERM,7405,7443,0,0.5568268401395373
TERM,7444,7686,0,0.5568268401395373
TERM,7687,8077,0,0.5568268401395373
TERM,8078,8165,0,0.5568268401395373
TERM,8166,8561,0,0.5568268401395373
TERM,8562,8711,0,0.5568268401395373
TERM,8712,8938,0,0.5568268401395373
TERM,8939,9138,0,0.5568268401395373
TERM,9139,9529,0,0.5568268401395373
TERM,9530,9812,0,0.5568268401395373
TERM,9813,9943,0,0.5568268401395373
TERM,9944,10268,0,0.5568268401395373
TERM,10269,10318,0,0.5568268401395373
TERM,10319,10643,0,0.5568268401395373
TERM,10644,10970,0,0.5568268401395373
TERM,10971,11150,0,0.5568268401395373
TERM,11151,11164,0,0.5568268401395373
TERM,11165,11576,0,0.5568268401395373
TERM,11577,11614,0,0.5568268401395373
TERM,11615,11902,0,0.5568268401395373
TERM,11903,12158,0,0.5568268401395373
TERM,12159,12266,0,0.5568268401395373
TERM,12267,12292,0,0.5568268401395373
