channel,start_time,stop_time,label,confidence
TERM,1,290,0,0.6536347953448506
TERM,291,739,0,0.6536347953448506
TERM,740,925,0,0.6536347953448506
TERM,926,1337,0,0.6536347953448506
TERM,1338,1490,0,0.6536347953448506
TERM,1491,1517,0,0.6536347953448506
TERM,1518,1588,0,0.6536347953448506
TERM,1589,1853,0,0.6536347953448506
TERM,1854,1905,0,0.6536347953448506
TERM,1906,2156,0,0.6536347953448506
TERM,2157,2610,0,0.6536347953448506
TERM,2611,2757,0,0.6536347953448506
TERM,2758,2990,0,0.6536347953448506
TERM,2991,3108,0,0.6536347953448506
TERM,3109,3142,0,0.6536347953448506
TERM,3143,3309,0,0.6536347953448506
TERM,3310,3487,0,0.6536347953448506
TERM,3488,3890,0,0.6536347953448506
TERM,3891,4211,0,0.6536347953448506
TERM,4212,4549,0,0.6536347953448506
TERM,4550,4893,0,0.6536347953448506
TERM,4894,5379,0,0.6536347953448506
