channel,start_time,stop_time,label,confidence
TERM,1,467,0,0.6410808376169965
TERM,468,895,0,0.6410808376169965
TERM,896,1236,0,0.6410808376169965
TERM,1237,1251,0,0.6410808376169965
TERM,1252,1511,0,0.6410808376169965
TERM,1512,1912,0,0.6410808376169965
TERM,1913,1972,0,0.6410808376169965
TERM,1973,2291,0,0.6410808376169965
TERM,2292,2504,0,0.6410808376169965
TERM,2505,2532,0,0.6410808376169965
TERM,2533,2956,0,0.6410808376169965
TERM,2957,3064,0,0.6410808376169965
TERM,3065,3440,0,0.6410808376169965
TERM,3441,3896,0,0.6410808376169965
TERM,3897,4255,0,0.6410808376169965
TERM,4256,4721,0,0.6410808376169965
TERM,4722,4870,0,0.6410808376169965
TERM,4871,5179,0,0.6410808376169965
TERM,5180,5535,0,0.6410808376169965
TERM,5536,5783,0,0.6410808376169965
TERM,5784,6224,0,0.6410808376169965
TERM,6225,6278,0,0.6410808376169965
TERM,6279,6626,0,0.6410808376169965
TERM,6627,7007,0,0.6410808376169965
TERM,7008,7497,0,0.6410808376169965
TERM,7498,7516,0,0.6410808376169965
TERM,7517,7948,0,0.6410808376169965
TERM,7949,8261,0,0.6410808376169965
TERM,8262,8305,0,0.6410808376169965
TERM,8306,8765,0,0.6410808376169965
TERM,8766,8899,0,0.6410808376169965
TERM,8900,8930,0,0.6410808376169965
TERM,8931,9176,0,0.6410808376169965
TERM,9177,9186,0,0.6410808376169965
TERM,9187,9673,0,0.6410808376169965
TERM,9674,9910,0,0.6410808376169965
TERM,9911,10133,0,0.6410808376169965
TERM,10134,10485,0,0.6410808376169965
TERM,10486,10612,0,0.6410808376169965
TERM,10613,11065,0,0.6410808376169965
TERM,11066,11418,0,0.6410808376169965
TERM,11419,11531,0,0.6410808376169965
TERM,11532,11675,0,0.6410808376169965
TERM,11676,12148,0,0.6410808376169965
TERM,12149,12494,0,0.6410808376169965
TERM,12495,12936,0,0.6410808376169965
TERM,12937,12949,0,0.6410808376169965
TERM,12950,13410,0,0.6410808376169965
TERM,13411,13742,0,0.6410808376169965
TERM,13743,13848,0,0.6410808376169965
TERM,13849,13898,0,0.6410808376169965
TERM,13899,14353,0,0.6410808376169965
TERM,14354,14700,0,0.6410808376169965
TERM,14701,14917,0,0.6410808376169965
TERM,14918,15319,0,0.6410808376169965
TERM,15320,15747,0,0.6410808376169965
TERM,15748,15905,0,0.6410808376169965
TERM,15906,16032,0,0.6410808376169965
TERM,16033,16231,0,0.6410808376169965
TERM,16232,16627,0,0.6410808376169965
