channel,start_time,stop_time,label,confidence
TERM,1,346,0,0.7384732815092245
TERM,347,794,0,0.7384732815092245
TERM,795,814,0,0.7384732815092245
TERM,815,1113,0,0.7384732815092245
TERM,1114,1515,0,0.7384732815092245
TERM,1516,1842,0,0.7384732815092245
TERM,1843,2136,0,0.7384732815092245
TERM,2137,2319,0,0.7384732815092245
TERM,2320,2713,0,0.7384732815092245
TERM,2714,2976,0,0.7384732815092245
TERM,2977,3384,0,0.7384732815092245
TERM,3385,3404,0,0.7384732815092245
TERM,3405,3840,0,0.7384732815092245
TERM,3841,4000,0,0.7384732815092245
TERM,4001,4305,0,0.7384732815092245
TERM,4306,4790,0,0.7384732815092245
TERM,4791,5221,0,0.7384732815092245
TERM,5222,5243,0,0.7384732815092245
TERM,5244,5407,0,0.7384732815092245
TERM,5408,5571,0,0.7384732815092245
TERM,5572,5806,0,0.7384732815092245
TERM,5807,6202,0,0.7384732815092245
TERM,6203,6242,0,0.7384732815092245
TERM,6243,6444,0,0.7384732815092245
TERM,6445,6841,0,0.7384732815092245
TERM,6842,6862,0,0.7384732815092245
TERM,6863,6879,0,0.7384732815092245
TERM,6880,7300,0,0.7384732815092245
TERM,7301,7539,0,0.7384732815092245
TERM,7540,7739,0,0.7384732815092245
TERM,7740,7937,0,0.7384732815092245
TERM,7938,8167,0,0.7384732815092245
TERM,8168,8269,0,0.7384732815092245
TERM,8270,8436,0,0.7384732815092245
TERM,8437,8496,0,0.7384732815092245
TERM,8497,8900,0,0.7384732815092245
TERM,8901,9393,0,0.7384732815092245
TERM,9394,9638,0,0.7384732815092245
TERM,9639,10094,0,0.7384732815092245
TERM,10095,10448,0,0.7384732815092245
TERM,10449,10584,0,0.7384732815092245
TERM,10585,10622,0,0.7384732815092245
TERM,10623,11033,0,0.7384732815092245
TERM,11034,11503,0,0.7384732815092245
TERM,11504,11832,0,0.7384732815092245
TERM,11833,12008,0,0.7384732815092245
TERM,12009,12204,0,0.7384732815092245
TERM,12205,12619,0,0.7384732815092245
TERM,12620,12827,0,0.7384732815092245
TERM,12828,13136,0,0.7384732815092245
TERM,13137,13325,0,0.7384732815092245
TERM,13326,13462,0,0.7384732815092245
TERM,13463,13564,0,0.7384732815092245
TERM,13565,13756,0,0.7384732815092245
TERM,13757,14100,0,0.7384732815092245
TERM,14101,14452,0,0.7384732815092245
TERM,14453,14760,0,0.7384732815092245
TERM,14761,14923,0,0.7384732815092245
TERM,14924,15387,0,0.7384732815092245
TERM,15388,15460,0,0.7384732815092245
