channel,start_time,stop_time,label,confidence
TERM,1,215,0,0.664635236419425
TERM,216,541,0,0.664635236419425
TERM,542,628,0,0.664635236419425
TERM,629,802,0,0.664635236419425
TERM,803,1288,0,0.664635236419425
TERM,1289,1422,0,0.664635236419425
TERM,1423,1551,0,0.664635236419425
TERM,1552,1911,0,0.664635236419425
TERM,1912,2207,0,0.664635236419425
TERM,2208,2596,0,0.664635236419425
TERM,2597,2996,0,0.664635236419425
TERM,2997,3405,0,0.664635236419425
TERM,3406,3664,0,0.664635236419425
