channel,start_time,stop_time,label,confidence
TERM,1,37,0,0.7283081375447283
TERM,38,304,0,0.7283081375447283
TERM,305,341,0,0.7283081375447283
TERM,342,403,0,0.7283081375447283
TERM,404,897,0,0.7283081375447283
TERM,898,1077,0,0.7283081375447283
TERM,1078,1100,0,0.7283081375447283
TERM,1101,1308,0,0.7283081375447283
TERM,1309,1718,0,0.7283081375447283
TERM,1719,1789,0,0.7283081375447283
TERM,1790,2131,0,0.7283081375447283
TERM,2132,2191,0,0.7283081375447283
TERM,2192,2591,0,0.7283081375447283
TERM,2592,2975,0,0.7283081375447283
TERM,2976,3284,0,0.7283081375447283
TERM,3285,3751,0,0.7283081375447283
TERM,3752,4196,0,0.7283081375447283
TERM,4197,4411,0,0.7283081375447283
TERM,4412,4486,0,0.7283081375447283
TERM,4487,4678,0,0.7283081375447283
TERM,4679,4924,0,0.7283081375447283
TERM,4925,5148,0,0.7283081375447283
TERM,5149,5299,0,0.7283081375447283
TERM,5300,5331,0,0.7283081375447283
TERM,5332,5387,0,0.7283081375447283
TERM,5388,5530,0,0.7283081375447283
TERM,5531,5931,0,0.7283081375447283
TERM,5932,6003,0,0.7283081375447283
TERM,6004,6472,0,0.7283081375447283
TERM,6473,6833,0,0.7283081375447283
TERM,6834,6851,0,0.7283081375447283
TERM,6852,6905,0,0.7283081375447283
TERM,6906,7015,0,0.7283081375447283
TERM,7016,7511,0,0.7283081375447283
TERM,7512,7951,0,0.7283081375447283
TERM,7952,8390,0,0.7283081375447283
TERM,8391,8734,0,0.7283081375447283
TERM,8735,9042,0,0.7283081375447283
TERM,9043,9470,0,0.7283081375447283
TERM,9471,9602,0,0.7283081375447283
TERM,9603,10074,0,0.7283081375447283
TERM,10075,10458,0,0.7283081375447283
TERM,10459,10678,0,0.7283081375447283
TERM,10679,10745,0,0.7283081375447283
TERM,10746,11140,0,0.7283081375447283
TERM,11141,11336,0,0.7283081375447283
TERM,11337,11819,0,0.7283081375447283
TERM,11820,11879,0,0.7283081375447283
TERM,11880,12287,0,0.7283081375447283
TERM,12288,12604,0,0.7283081375447283
TERM,12605,13044,0,0.7283081375447283
TERM,13045,13453,0,0.7283081375447283
TERM,13454,13685,0,0.7283081375447283
TERM,13686,13804,0,0.7283081375447283
TERM,13805,14118,0,0.7283081375447283
TERM,14119,14267,0,0.7283081375447283
TERM,14268,14603,0,0.7283081375447283
TERM,14604,15099,0,0.7283081375447283
TERM,15100,15595,0,0.7283081375447283
TERM,15596,15645,0,0.7283081375447283
