channel,start_time,stop_time,label,confidence
TERM,1,289,0,0.7851790416978565
TERM,290,684,0,0.7851790416978565
TERM,685,868,0,0.7851790416978565
TERM,869,1261,0,0.7851790416978565
TERM,1262,1314,0,0.7851790416978565
TERM,1315,1369,0,0.7851790416978565
TERM,1370,1783,0,0.7851790416978565
TERM,1784,2033,0,0.7851790416978565
TERM,2034,2452,0,0.7851790416978565
TERM,2453,2511,0,0.7851790416978565
TERM,2512,2581,0,0.7851790416978565
TERM,2582,2610,0,0.7851790416978565
TERM,2611,2702,0,0.7851790416978565
