channel,start_time,stop_time,label,confidence
TERM,1,95,0,0.5971429892601321
TERM,96,193,0,0.5971429892601321
TERM,194,421,0,0.5971429892601321
TERM,422,697,0,0.5971429892601321
TERM,698,986,0,0.5971429892601321
TERM,987,1228,0,0.5971429892601321
TERM,1229,1458,0,0.5971429892601321
TERM,1459,1560,0,0.5971429892601321
TERM,1561,1774,0,0.5971429892601321
TERM,1775,2142,0,0.5971429892601321
TERM,2143,2622,0,0.5971429892601321
TERM,2623,3100,0,0.5971429892601321
TERM,3101,3170,0,0.5971429892601321
TERM,3171,3322,0,0.5971429892601321
TERM,3323,3385,0,0.5971429892601321
TERM,3386,3456,0,0.5971429892601321
TERM,3457,3582,0,0.5971429892601321
TERM,3583,3904,0,0.5971429892601321
TERM,3905,4156,0,0.5971429892601321
TERM,4157,4248,0,0.5971429892601321
TERM,4249,4390,0,0.5971429892601321
TERM,4391,4553,0,0.5971429892601321
TERM,4554,4749,0,0.5971429892601321
TERM,4750,5051,0,0.5971429892601321
TERM,5052,5310,0,0.5971429892601321
TERM,5311,5718,0,0.5971429892601321
TERM,5719,6182,0,0.5971429892601321
TERM,6183,6482,0,0.5971429892601321
TERM,6483,6872,0,0.5971429892601321
TERM,6873,7338,0,0.5971429892601321
TERM,7339,7738,0,0.5971429892601321
TERM,7739,7939,0,0.5971429892601321
TERM,7940,8076,0,0.5971429892601321
TERM,8077,8506,0,0.5971429892601321
TERM,8507,8763,0,0.5971429892601321
TERM,8764,8989,0,0.5971429892601321
TERM,8990,9443,0,0.5971429892601321
TERM,9444,9674,0,0.5971429892601321
TERM,9675,9998,0,0.5971429892601321
TERM,9999,10248,0,0.5971429892601321
TERM,10249,10675,0,0.5971429892601321
TERM,10676,10767,0,0.5971429892601321
TERM,10768,10858,0,0.5971429892601321
TERM,10859,11111,0,0.5971429892601321
TERM,11112,11450,0,0.5971429892601321
TERM,11451,11551,0,0.5971429892601321
TERM,11552,11666,0,0.5971429892601321
TERM,11667,11729,0,0.5971429892601321
TERM,11730,12130,0,0.5971429892601321
TERM,12131,12361,0,0.5971429892601321
TERM,12362,12408,0,0.5971429892601321
TERM,12409,12622,0,0.5971429892601321
TERM,12623,13046,0,0.5971429892601321
TERM,13047,13260,0,0.5971429892601321
TERM,13261,13415,0,0.5971429892601321
TERM,13416,13699,0,0.5971429892601321
