channel,start_time,stop_time,label,confidence
TERM,1,307,0,0.4366496201180513
TERM,308,460,0,0.4366496201180513
TERM,461,836,0,0.4366496201180513
TERM,837,1172,0,0.4366496201180513
TERM,1173,1260,0,0.4366496201180513
TERM,1261,1715,0,0.4366496201180513
TERM,1716,1765,0,0.4366496201180513
TERM,1766,2047,0,0.4366496201180513
TERM,2048,2211,0,0.4366496201180513
TERM,2212,2453,0,0.4366496201180513
TERM,2454,2947,0,0.4366496201180513
TERM,2948,3379,0,0.4366496201180513
TERM,3380,3841,0,0.4366496201180513
TERM,3842,4340,0,0.4366496201180513
TERM,4341,4807,0,0.4366496201180513
TERM,4808,5057,0,0.4366496201180513
TERM,5058,5297,0,0.4366496201180513
TERM,5298,5671,0,0.4366496201180513
TERM,5672,6101,0,0.4366496201180513
TERM,6102,6324,0,0.4366496201180513
TERM,6325,6586,0,0.4366496201180513
TERM,6587,6907,0,0.4366496201180513
TERM,6908,7291,0,0.4366496201180513
TERM,7292,7508,0,0.4366496201180513
TERM,7509,7808,0,0.4366496201180513
TERM,7809,8125,0,0.4366496201180513
TERM,8126,8312,0,0.4366496201180513
TERM,8313,8790,0,0.4366496201180513
