channel,start_time,stop_time,label,confidence
TERM,1,266,0,0.6206186771568964
TERM,267,756,0,0.6206186771568964
TERM,757,1010,0,0.6206186771568964
TERM,1011,1479,0,0.6206186771568964
TERM,1480,1909,0,0.6206186771568964
TERM,1910,2285,0,0.6206186771568964
TERM,2286,2378,0,0.6206186771568964
TERM,2379,2703,0,0.6206186771568964
TERM,2704,3200,0,0.6206186771568964
TERM,3201,3549,0,0.6206186771568964
TERM,3550,4031,0,0.6206186771568964
TERM,4032,4319,0,0.6206186771568964
TERM,4320,4638,0,0.6206186771568964
TERM,4639,4980,0,0.6206186771568964
TERM,4981,5115,0,0.6206186771568964
