channel,start_time,stop_time,label,confidence
TERM,1,363,0,0.5165490153918542
TERM,364,420,0,0.5165490153918542
TERM,421,613,0,0.5165490153918542
TERM,614,1021,0,0.5165490153918542
TERM,1022,1057,0,0.5165490153918542
TERM,1058,1492,0,0.5165490153918542
TERM,1493,1506,0,0.5165490153918542
TERM,1507,1955,0,0.5165490153918542
TERM,1956,2115,0,0.5165490153918542
TERM,2116,2320,0,0.5165490153918542
TERM,2321,2430,0,0.5165490153918542
TERM,2431,2590,0,0.5165490153918542
TERM,2591,3053,0,0.5165490153918542
TERM,3054,3389,0,0.5165490153918542
TERM,3390,3559,0,0.5165490153918542
TERM,3560,3767,0,0.5165490153918542
TERM,3768,3922,0,0.5165490153918542
TERM,3923,3988,0,0.5165490153918542
TERM,3989,4096,0,0.5165490153918542
TERM,4097,4234,0,0.5165490153918542
TERM,4235,4615,0,0.5165490153918542
TERM,4616,5027,0,0.5165490153918542
TERM,5028,5222,0,0.5165490153918542
TERM,5223,5713,0,0.5165490153918542
TERM,5714,5944,0,0.5165490153918542
TERM,5945,6203,0,0.5165490153918542
TERM,6204,6674,0,0.5165490153918542
TERM,6675,7041,0,0.5165490153918542
TERM,7042,7072,0,0.5165490153918542
TERM,7073,7462,0,0.5165490153918542
TERM,7463,7673,0,0.5165490153918542
TERM,7674,8100,0,0.5165490153918542
TERM,8101,8267,0,0.5165490153918542
TERM,8268,8756,0,0.5165490153918542
TERM,8757,8919,0,0.5165490153918542
TERM,8920,9009,0,0.5165490153918542
TERM,9010,9483,0,0.5165490153918542
TERM,9484,9855,0,0.5165490153918542
TERM,9856,10164,0,0.5165490153918542
TERM,10165,10455,0,0.5165490153918542
TERM,10456,10716,0,0.5165490153918542
TERM,10717,11092,0,0.5165490153918542
TERM,11093,11290,0,0.5165490153918542
TERM,11291,11740,0,0.5165490153918542
