channel,start_time,stop_time,label,confidence
TERM,1,445,0,0.6895677975421757
TERM,446,668,0,0.6895677975421757
TERM,669,724,0,0.6895677975421757
TERM,725,1046,0,0.6895677975421757
TERM,1047,1428,0,0.6895677975421757
TERM,1429,1776,0,0.6895677975421757
TERM,1777,1925,0,0.6895677975421757
TERM,1926,2212,0,0.6895677975421757
TERM,2213,2557,0,0.6895677975421757
TERM,2558,2903,0,0.6895677975421757
TERM,2904,3206,0,0.6895677975421757
TERM,3207,3452,0,0.6895677975421757
TERM,3453,3815,0,0.6895677975421757
TERM,3816,3952,0,0.6895677975421757
TERM,3953,4043,0,0.6895677975421757
TERM,4044,4466,0,0.6895677975421757
TERM,4467,4688,0,0.6895677975421757
TERM,4689,4806,0,0.6895677975421757
TERM,4807,5032,0,0.6895677975421757
TERM,5033,5421,0,0.6895677975421757
TERM,5422,5604,0,0.6895677975421757
TERM,5605,6044,0,0.6895677975421757
TERM,6045,6169,0,0.6895677975421757
TERM,6170,6233,0,0.6895677975421757
TERM,6234,6676,0,0.6895677975421757
TERM,6677,6855,0,0.6895677975421757
TERM,6856,7205,0,0.6895677975421757
TERM,7206,7402,0,0.6895677975421757
TERM,7403,7718,0,0.6895677975421757
TERM,7719,7796,0,0.6895677975421757
TERM,7797,8292,0,0.6895677975421757
TERM,8293,8652,0,0.6895677975421757
TERM,8653,8831,0,0.6895677975421757
TERM,8832,9169,0,0.6895677975421757
TERM,9170,9492,0,0.6895677975421757
TERM,9493,9767,0,0.6895677975421757
TERM,9768,9791,0,0.6895677975421757
TERM,9792,10158,0,0.6895677975421757
TERM,10159,10543,0,0.6895677975421757
TERM,10544,10712,0,0.6895677975421757
TERM,10713,11164,0,0.6895677975421757
TERM,11165,11474,0,0.6895677975421757
TERM,11475,11834,0,0.6895677975421757
TERM,11835,12165,0,0.6895677975421757
TERM,12166,12469,0,0.6895677975421757
