channel,start_time,stop_time,label,confidence
TERM,1,174,0,0.5496108954095005
TERM,175,220,0,0.5496108954095005
TERM,221,611,0,0.5496108954095005
TERM,612,1071,0,0.5496108954095005
TERM,1072,1235,0,0.5496108954095005
TERM,1236,1256,0,0.5496108954095005
TERM,1257,1701,0,0.5496108954095005
TERM,1702,2169,0,0.5496108954095005
TERM,2170,2427,0,0.5496108954095005
TERM,2428,2620,0,0.5496108954095005
TERM,2621,2865,0,0.5496108954095005
TERM,2866,3346,0,0.5496108954095005
TERM,3347,3807,0,0.5496108954095005
TERM,3808,4215,0,0.5496108954095005
TERM,4216,4653,0,0.5496108954095005
TERM,4654,4905,0,0.5496108954095005
TERM,4906,5007,0,0.5496108954095005
TERM,5008,5119,0,0.5496108954095005
TERM,5120,5527,0,0.5496108954095005
TERM,5528,5956,0,0.5496108954095005
TERM,5957,6447,0,0.5496108954095005
TERM,6448,6699,0,0.5496108954095005
TERM,6700,6974,0,0.5496108954095005
TERM,6975,7278,0,0.5496108954095005
TERM,7279,7613,0,0.5496108954095005
TERM,7614,7637,0,0.5496108954095005
TERM,7638,7698,0,0.5496108954095005
TERM,7699,7989,0,0.5496108954095005
TERM,7990,8473,0,0.5496108954095005
TERM,8474,8880,0,0.5496108954095005
TERM,8881,8896,0,0.5496108954095005
TERM,8897,9356,0,0.5496108954095005
TERM,9357,9420,0,0.5496108954095005
TERM,9421,9891,0,0.5496108954095005
TERM,9892,10061,0,0.5496108954095005
TERM,10062,10494,0,0.5496108954095005
TERM,10495,10513,0,0.5496108954095005
TERM,10514,10748,0,0.5496108954095005
TERM,10749,10975,0,0.5496108954095005
TERM,10976,11409,0,0.5496108954095005
TERM,11410,11455,0,0.5496108954095005
TERM,11456,11899,0,0.5496108954095005
TERM,11900,12209,0,0.5496108954095005
TERM,12210,12524,0,0.5496108954095005
TERM,12525,12542,0,0.5496108954095005
TERM,12543,12700,0,0.5496108954095005
TERM,12701,12834,0,0.5496108954095005
TERM,12835,13155,0,0.5496108954095005
TERM,13156,13612,0,0.5496108954095005
TERM,13613,14076,0,0.5496108954095005
TERM,14077,14477,0,0.5496108954095005
TERM,14478,14662,0,0.5496108954095005
TERM,14663,14830,0,0.5496108954095005
TERM,14831,14923,0,0.5496108954095005
TERM,14924,15211,0,0.5496108954095005
TERM,15212,15582,0,0.5496108954095005
TERM,15583,15865,0,0.5496108954095005
TERM,15866,16185,0,0.5496108954095005
TERM,16186,16253,0,0.5496108954095005
TERM,16254,16558,0,0.5496108954095005
