channel,start_time,stop_time,label,confidence
TERM,1,298,0,0.5917778085619039
TERM,299,313,0,0.5917778085619039
TERM,314,405,0,0.5917778085619039
TERM,406,782,0,0.5917778085619039
TERM,783,1198,0,0.5917778085619039
TERM,1199,1497,0,0.5917778085619039
TERM,1498,1844,0,0.5917778085619039
TERM,1845,1958,0,0.5917778085619039
TERM,1959,2308,0,0.5917778085619039
TERM,2309,2671,0,0.5917778085619039
TERM,2672,3151,0,0.5917778085619039
TERM,3152,3441,0,0.5917778085619039
TERM,3442,3769,0,0.5917778085619039
TERM,3770,4083,0,0.5917778085619039
TERM,4084,4149,0,0.5917778085619039
TERM,4150,4498,0,0.5917778085619039
TERM,4499,4576,0,0.5917778085619039
TERM,4577,4831,0,0.5917778085619039
TERM,4832,5082,0,0.5917778085619039
TERM,5083,5384,0,0.5917778085619039
TERM,5385,5638,0,0.5917778085619039
TERM,5639,5987,0,0.5917778085619039
TERM,5988,6342,0,0.5917778085619039
TERM,6343,6455,0,0.5917778085619039
TERM,6456,6701,0,0.5917778085619039
TERM,6702,6786,0,0.5917778085619039
TERM,6787,7166,0,0.5917778085619039
TERM,7167,7352,0,0.5917778085619039
TERM,7353,7781,0,0.5917778085619039
TERM,7782,7847,0,0.5917778085619039
TERM,7848,8131,0,0.5917778085619039
TERM,8132,8437,0,0.5917778085619039
TERM,8438,8804,0,0.5917778085619039
TERM,8805,9072,0,0.5917778085619039
TERM,9073,9521,0,0.5917778085619039
TERM,9522,9705,0,0.5917778085619039
TERM,9706,9768,0,0.5917778085619039
TERM,9769,9890,0,0.5917778085619039
TERM,9891,10388,0,0.5917778085619039
TERM,10389,10491,0,0.5917778085619039
TERM,10492,10931,0,0.5917778085619039
TERM,10932,11291,0,0.5917778085619039
TERM,11292,11648,0,0.5917778085619039
TERM,11649,11989,0,0.5917778085619039
TERM,11990,12251,0,0.5917778085619039
TERM,12252,12351,0,0.5917778085619039
TERM,12352,12559,0,0.5917778085619039
TERM,12560,12901,0,0.5917778085619039
TERM,12902,12948,0,0.5917778085619039
TERM,12949,13275,0,0.5917778085619039
TERM,13276,13337,0,0.5917778085619039
TERM,13338,13764,0,0.5917778085619039
TERM,13765,14008,0,0.5917778085619039
TERM,14009,14468,0,0.5917778085619039
TERM,14469,14559,0,0.5917778085619039
TERM,14560,14901,0,0.5917778085619039
TERM,14902,15217,0,0.5917778085619039
TERM,15218,15282,0,0.5917778085619039
TERM,15283,15558,0,0.5917778085619039
TERM,15559,15802,0,0.5917778085619039
TERM,15803,15856,0,0.5917778085619039
TERM,15857,16003,0,0.5917778085619039
TERM,16004,16192,0,0.5917778085619039
TERM,16193,16382,0,0.5917778085619039
