channel,start_time,stop_time,label,confidence
TERM,1,469,0,0.6230139006736672
TERM,470,830,0,0.6230139006736672
TERM,831,1040,0,0.6230139006736672
TERM,1041,1479,0,0.6230139006736672
TERM,1480,1906,0,0.6230139006736672
TERM,1907,1917,0,0.6230139006736672
TERM,1918,2059,0,0.6230139006736672
TERM,2060,2114,0,0.6230139006736672
TERM,2115,2488,0,0.6230139006736672
TERM,2489,2888,0,0.6230139006736672
TERM,2889,2903,0,0.6230139006736672
TERM,2904,3191,0,0.6230139006736672
TERM,3192,3298,0,0.6230139006736672
TERM,3299,3342,0,0.6230139006736672
TERM,3343,3398,0,0.6230139006736672
TERM,3399,3669,0,0.6230139006736672
TERM,3670,3800,0,0.6230139006736672
TERM,3801,4235,0,0.6230139006736672
TERM,4236,4358,0,0.6230139006736672
TERM,4359,4559,0,0.6230139006736672
TERM,4560,4600,0,0.6230139006736672
TERM,4601,5043,0,0.6230139006736672
TERM,5044,5115,0,0.6230139006736672
TERM,5116,5356,0,0.6230139006736672
TERM,5357,5801,0,0.6230139006736672
TERM,5802,6233,0,0.6230139006736672
TERM,6234,6297,0,0.6230139006736672
TERM,6298,6723,0,0.6230139006736672
TERM,6724,7194,0,0.6230139006736672
TERM,7195,7204,0,0.6230139006736672
TERM,7205,7677,0,0.6230139006736672
TERM,7678,7834,0,0.6230139006736672
TERM,7835,7997,0,0.6230139006736672
TERM,7998,8242,0,0.6230139006736672
TERM,8243,8631,0,0.6230139006736672
TERM,8632,8816,0,0.6230139006736672
