channel,start_time,stop_time,label,confidence
TERM,1,25,0,0.6307192318278203
TERM,26,286,0,0.6307192318278203
TERM,287,594,0,0.6307192318278203
TERM,595,736,0,0.6307192318278203
TERM,737,886,0,0.6307192318278203
TERM,887,928,0,0.6307192318278203
TERM,929,1421,0,0.6307192318278203
TERM,1422,1583,0,0.6307192318278203
TERM,1584,1744,0,0.6307192318278203
TERM,1745,1838,0,0.6307192318278203
TERM,1839,1916,0,0.6307192318278203
TERM,1917,2229,0,0.6307192318278203
TERM,2230,2550,0,0.6307192318278203
TERM,2551,2682,0,0.6307192318278203
TERM,2683,2939,0,0.6307192318278203
TERM,2940,3357,0,0.6307192318278203
TERM,3358,3414,0,0.6307192318278203
TERM,3415,3802,0,0.6307192318278203
TERM,3803,3831,0,0.6307192318278203
TERM,3832,4156,0,0.6307192318278203
TERM,4157,4359,0,0.6307192318278203
TERM,4360,4455,0,0.6307192318278203
TERM,4456,4629,0,0.6307192318278203
TERM,4630,5111,0,0.6307192318278203
TERM,5112,5313,0,0.6307192318278203
TERM,5314,5703,0,0.6307192318278203
TERM,5704,5746,0,0.6307192318278203
TERM,5747,6141,0,0.6307192318278203
