channel,start_time,stop_time,label,confidence
TERM,1,186,0,0.512197018875092
TERM,187,569,0,0.512197018875092
TERM,570,643,0,0.512197018875092
TERM,644,914,0,0.512197018875092
TERM,915,1172,0,0.512197018875092
TERM,1173,1611,0,0.512197018875092
TERM,1612,2079,0,0.512197018875092
TERM,2080,2559,0,0.512197018875092
TERM,2560,2822,0,0.512197018875092
TERM,2823,3115,0,0.512197018875092
TERM,3116,3500,0,0.512197018875092
TERM,3501,3669,0,0.512197018875092
TERM,3670,4138,0,0.512197018875092
TERM,4139,4571,0,0.512197018875092
TERM,4572,4848,0,0.512197018875092
TERM,4849,5057,0,0.512197018875092
TERM,5058,5087,0,0.512197018875092
TERM,5088,5477,0,0.512197018875092
TERM,5478,5948,0,0.512197018875092
TERM,5949,6259,0,0.512197018875092
TERM,6260,6505,0,0.512197018875092
TERM,6506,6715,0,0.512197018875092
TERM,6716,6879,0,0.512197018875092
TERM,6880,7195,0,0.512197018875092
TERM,7196,7472,0,0.512197018875092
TERM,7473,7566,0,0.512197018875092
TERM,7567,7649,0,0.512197018875092
TERM,7650,7912,0,0.512197018875092
TERM,7913,8140,0,0.512197018875092
TERM,8141,8511,0,0.512197018875092
TERM,8512,8984,0,0.512197018875092
TERM,8985,9461,0,0.512197018875092
TERM,9462,9533,0,0.512197018875092
TERM,9534,9841,0,0.512197018875092
TERM,9842,10013,0,0.512197018875092
TERM,10014,10430,0,0.512197018875092
