channel,start_time,stop_time,label,confidence
TERM,1,393,0,0.4834575799177617
TERM,394,483,0,0.4834575799177617
TERM,484,912,0,0.4834575799177617
TERM,913,930,0,0.4834575799177617
TERM,931,1215,0,0.4834575799177617
TERM,1216,1573,0,0.4834575799177617
TERM,1574,1946,0,0.4834575799177617
TERM,1947,2305,0,0.4834575799177617
TERM,2306,2571,0,0.4834575799177617
TERM,2572,2718,0,0.4834575799177617
TERM,2719,2776,0,0.4834575799177617
TERM,2777,3128,0,0.4834575799177617
TERM,3129,3592,0,0.4834575799177617
