channel,start_time,stop_time,label,confidence
TERM,1,316,0,0.4375091046713979
TERM,317,471,0,0.4375091046713979
TERM,472,591,0,0.4375091046713979
TERM,592,798,0,0.4375091046713979
TERM,799,881,0,0.4375091046713979
TERM,882,1237,0,0.4375091046713979
TERM,1238,1467,0,0.4375091046713979
TERM,1468,1802,0,0.4375091046713979
TERM,1803,2274,0,0.4375091046713979
TERM,2275,2437,0,0.4375091046713979
TERM,2438,2492,0,0.4375091046713979
TERM,2493,2663,0,0.4375091046713979
TERM,2664,2964,0,0.4375091046713979
TERM,2965,3037,0,0.4375091046713979
TERM,3038,3507,0,0.4375091046713979
TERM,3508,3602,0,0.4375091046713979
TERM,3603,3677,0,0.4375091046713979
TERM,3678,4005,0,0.4375091046713979
TERM,4006,4227,0,0.4375091046713979
TERM,4228,4658,0,0.4375091046713979
TERM,4659,4972,0,0.4375091046713979
TERM,4973,5233,0,0.4375091046713979
TERM,5234,5417,0,0.4375091046713979
TERM,5418,5801,0,0.4375091046713979
TERM,5802,6251,0,0.4375091046713979
TERM,6252,6552,0,0.4375091046713979
TERM,6553,6894,0,0.4375091046713979
TERM,6895,6991,0,0.4375091046713979
TERM,6992,7222,0,0.4375091046713979
TERM,7223,7342,0,0.4375091046713979
TERM,7343,7837,0,0.4375091046713979
TERM,7838,7913,0,0.4375091046713979
TERM,7914,8400,0,0.4375091046713979
TERM,8401,8752,0,0.4375091046713979
TERM,8753,9024,0,0.4375091046713979
TERM,9025,9335,0,0.4375091046713979
TERM,9336,9777,0,0.4375091046713979
TERM,9778,9945,0,0.4375091046713979
TERM,9946,10128,0,0.4375091046713979
TERM,10129,10381,0,0.4375091046713979
TERM,10382,10693,0,0.4375091046713979
TERM,10694,11009,0,0.4375091046713979
TERM,11010,11041,0,0.4375091046713979
TERM,11042,11293,0,0.4375091046713979
