channel,start_time,stop_time,label,confidence
TERM,1,491,0,0.4661139981900226
TERM,492,608,0,0.4661139981900226
TERM,609,1033,0,0.4661139981900226
TERM,1034,1109,0,0.4661139981900226
TERM,1110,1530,0,0.4661139981900226
TERM,1531,1954,0,0.4661139981900226
TERM,1955,2340,0,0.4661139981900226
TERM,2341,2827,0,0.4661139981900226
TERM,2828,2965,0,0.4661139981900226
TERM,2966,3192,0,0.4661139981900226
TERM,3193,3264,0,0.4661139981900226
TERM,3265,3506,0,0.4661139981900226
TERM,3507,3909,0,0.4661139981900226
TERM,3910,4065,0,0.4661139981900226
