channel,start_time,stop_time,label,confidence
TERM,1,272,0,0.5145259292774949
TERM,273,569,0,0.5145259292774949
TERM,570,618,0,0.5145259292774949
TERM,619,728,0,0.5145259292774949
TERM,729,1116,0,0.5145259292774949
TERM,1117,1387,0,0.5145259292774949
TERM,1388,1597,0,0.5145259292774949
TERM,1598,1721,0,0.5145259292774949
TERM,1722,2069,0,0.5145259292774949
TERM,2070,2238,0,0.5145259292774949
TERM,2239,2558,0,0.5145259292774949
TERM,2559,2654,0,0.5145259292774949
TERM,2655,2938,0,0.5145259292774949
TERM,2939,3019,0,0.5145259292774949
TERM,3020,3251,0,0.5145259292774949
TERM,3252,3515,0,0.5145259292774949
TERM,3516,4009,0,0.5145259292774949
TERM,4010,4087,0,0.5145259292774949
TERM,4088,4366,0,0.5145259292774949
TERM,4367,4589,0,0.5145259292774949
TERM,4590,4714,0,0.5145259292774949
TERM,4715,4962,0,0.5145259292774949
TERM,4963,5188,0,0.5145259292774949
TERM,5189,5316,0,0.5145259292774949
TERM,5317,5710,0,0.5145259292774949
TERM,5711,6176,0,0.5145259292774949
TERM,6177,6315,0,0.5145259292774949
TERM,6316,6561,0,0.5145259292774949
TERM,6562,6977,0,0.5145259292774949
TERM,6978,7356,0,0.5145259292774949
TERM,7357,7692,0,0.5145259292774949
TERM,7693,7861,0,0.5145259292774949
TERM,7862,8359,0,0.5145259292774949
