channel,start_time,stop_time,label,confidence
TERM,1,254,0,0.5285584118425841
TERM,255,289,0,0.5285584118425841
TERM,290,678,0,0.5285584118425841
TERM,679,1023,0,0.5285584118425841
TERM,1024,1324,0,0.5285584118425841
TERM,1325,1638,0,0.5285584118425841
TERM,1639,1902,0,0.5285584118425841
TERM,1903,2336,0,0.5285584118425841
TERM,2337,2372,0,0.5285584118425841
TERM,2373,2403,0,0.5285584118425841
TERM,2404,2617,0,0.5285584118425841
TERM,2618,2937,0,0.5285584118425841
TERM,2938,3319,0,0.5285584118425841
