channel,start_time,stop_time,label,confidence
TERM,1,182,0,0.7934236166745972
TERM,183,278,0,0.7934236166745972
TERM,279,321,0,0.7934236166745972
TERM,322,635,0,0.7934236166745972
TERM,636,936,0,0.7934236166745972
TERM,937,1395,0,0.7934236166745972
TERM,1396,1528,0,0.7934236166745972
TERM,1529,1607,0,0.7934236166745972
TERM,1608,1867,0,0.7934236166745972
TERM,1868,2215,0,0.7934236166745972
TERM,2216,2396,0,0.7934236166745972
TERM,2397,2579,0,0.7934236166745972
TERM,2580,2913,0,0.7934236166745972
TERM,2914,3114,0,0.7934236166745972
TERM,3115,3126,0,0.7934236166745972
TERM,3127,3137,0,0.7934236166745972
TERM,3138,3329,0,0.7934236166745972
TERM,3330,3723,0,0.7934236166745972
TERM,3724,3824,0,0.7934236166745972
TERM,3825,4035,0,0.7934236166745972
TERM,4036,4447,0,0.7934236166745972
TERM,4448,4658,0,0.7934236166745972
TERM,4659,4754,0,0.7934236166745972
TERM,4755,4905,0,0.7934236166745972
