channel,start_time,stop_time,label,confidence
TERM,1,359,0,0.5079613254026352
TERM,360,804,0,0.5079613254026352
TERM,805,1274,0,0.5079613254026352
TERM,1275,1694,0,0.5079613254026352
TERM,1695,1773,0,0.5079613254026352
TERM,1774,1837,0,0.5079613254026352
TERM,1838,1849,0,0.5079613254026352
TERM,1850,2277,0,0.5079613254026352
TERM,2278,2294,0,0.5079613254026352
TERM,2295,2525,0,0.5079613254026352
TERM,2526,2658,0,0.5079613254026352
TERM,2659,2923,0,0.5079613254026352
TERM,2924,3059,0,0.5079613254026352
TERM,3060,3248,0,0.5079613254026352
TERM,3249,3697,0,0.5079613254026352
TERM,3698,3996,0,0.5079613254026352
TERM,3997,4371,0,0.5079613254026352
TERM,4372,4408,0,0.5079613254026352
TERM,4409,4653,0,0.5079613254026352
TERM,4654,4927,0,0.5079613254026352
TERM,4928,4974,0,0.5079613254026352
TERM,4975,5204,0,0.5079613254026352
TERM,5205,5597,0,0.5079613254026352
TERM,5598,5819,0,0.5079613254026352
TERM,5820,6000,0,0.5079613254026352
TERM,6001,6184,0,0.5079613254026352
TERM,6185,6305,0,0.5079613254026352
TERM,6306,6365,0,0.5079613254026352
