channel,start_time,stop_time,label,confidence
TERM,1,52,0,0.7359821163197664
TERM,53,404,0,0.7359821163197664
TERM,405,868,0,0.7359821163197664
TERM,869,1367,0,0.7359821163197664
TERM,1368,1504,0,0.7359821163197664
TERM,1505,1832,0,0.7359821163197664
TERM,1833,1944,0,0.7359821163197664
TERM,1945,2005,0,0.7359821163197664
TERM,2006,2200,0,0.7359821163197664
TERM,2201,2311,0,0.7359821163197664
TERM,2312,2687,0,0.7359821163197664
TERM,2688,2940,0,0.7359821163197664
TERM,2941,2993,0,0.7359821163197664
TERM,2994,3039,0,0.7359821163197664
TERM,3040,3494,0,0.7359821163197664
TERM,3495,3567,0,0.7359821163197664
TERM,3568,3716,0,0.7359821163197664
TERM,3717,3998,0,0.7359821163197664
TERM,3999,4354,0,0.7359821163197664
TERM,4355,4702,0,0.7359821163197664
TERM,4703,5127,0,0.7359821163197664
TERM,5128,5295,0,0.7359821163197664
TERM,5296,5376,0,0.7359821163197664
TERM,5377,5743,0,0.7359821163197664
TERM,5744,5757,0,0.7359821163197664
TERM,5758,6128,0,0.7359821163197664
TERM,6129,6146,0,0.7359821163197664
TERM,6147,6556,0,0.7359821163197664
TERM,6557,6858,0,0.7359821163197664
TERM,6859,6899,0,0.7359821163197664
TERM,6900,7247,0,0.7359821163197664
TERM,7248,7607,0,0.7359821163197664
TERM,7608,7849,0,0.7359821163197664
TERM,7850,8084,0,0.7359821163197664
TERM,8085,8104,0,0.7359821163197664
TERM,8105,8289,0,0.7359821163197664
TERM,8290,8622,0,0.7359821163197664
TERM,8623,8924,0,0.7359821163197664
TERM,8925,9401,0,0.7359821163197664
