channel,start_time,stop_time,label,confidence
TERM,1,494,0,0.6391407942697565
TERM,495,841,0,0.6391407942697565
TERM,842,1112,0,0.6391407942697565
TERM,1113,1435,0,0.6391407942697565
TERM,1436,1633,0,0.6391407942697565
TERM,1634,1730,0,0.6391407942697565
TERM,1731,2103,0,0.6391407942697565
TERM,2104,2493,0,0.6391407942697565
TERM,2494,2551,0,0.6391407942697565
TERM,2552,2672,0,0.6391407942697565
TERM,2673,2808,0,0.6391407942697565
TERM,2809,3218,0,0.6391407942697565
TERM,3219,3609,0,0.6391407942697565
TERM,3610,3850,0,0.6391407942697565
TERM,3851,4051,0,0.6391407942697565
TERM,4052,4121,0,0.6391407942697565
TERM,4122,4265,0,0.6391407942697565
TERM,4266,4511,0,0.6391407942697565
TERM,4512,4737,0,0.6391407942697565
TERM,4738,5093,0,0.6391407942697565
TERM,5094,5310,0,0.6391407942697565
TERM,5311,5630,0,0.6391407942697565
TERM,5631,6026,0,0.6391407942697565
TERM,6027,6372,0,0.6391407942697565
TERM,6373,6555,0,0.6391407942697565
TERM,6556,6779,0,0.6391407942697565
TERM,6780,7219,0,0.6391407942697565
TERM,7220,7444,0,0.6391407942697565
TERM,7445,7914,0,0.6391407942697565
TERM,7915,7936,0,0.6391407942697565
TERM,7937,8372,0,0.6391407942697565
TERM,8373,8645,0,0.6391407942697565
TERM,8646,8912,0,0.6391407942697565
TERM,8913,9293,0,0.6391407942697565
TERM,9294,9384,0,0.6391407942697565
TERM,9385,9778,0,0.6391407942697565
TERM,9779,10023,0,0.6391407942697565
TERM,10024,10069,0,0.6391407942697565
TERM,10070,10450,0,0.6391407942697565
TERM,10451,10865,0,0.6391407942697565
TERM,10866,11014,0,0.6391407942697565
TERM,11015,11191,0,0.6391407942697565
TERM,11192,11589,0,0.6391407942697565
TERM,11590,12042,0,0.6391407942697565
TERM,12043,12260,0,0.6391407942697565
TERM,12261,12382,0,0.6391407942697565
TERM,12383,12793,0,0.6391407942697565
TERM,12794,12831,0,0.6391407942697565
TERM,12832,13040,0,0.6391407942697565
TERM,13041,13489,0,0.6391407942697565
TERM,13490,13680,0,0.6391407942697565
TERM,13681,14059,0,0.6391407942697565
TERM,14060,14376,0,0.6391407942697565
TERM,14377,14565,0,0.6391407942697565
TERM,14566,14963,0,0.6391407942697565
TERM,14964,15125,0,0.6391407942697565
TERM,15126,15494,0,0.6391407942697565
TERM,15495,15817,0,0.6391407942697565
TERM,15818,16166,0,0.6391407942697565
TERM,16167,16369,0,0.6391407942697565
