channel,start_time,stop_time,label,confidence
TERM,1,469,0,0.7861165040294531
TERM,470,623,0,0.7861165040294531
TERM,624,948,0,0.7861165040294531
TERM,949,1189,0,0.7861165040294531
TERM,1190,1241,0,0.7861165040294531
TERM,1242,1441,0,0.7861165040294531
TERM,1442,1589,0,0.7861165040294531
TERM,1590,1615,0,0.7861165040294531
TERM,1616,2024,0,0.7861165040294531
TERM,2025,2437,0,0.7861165040294531
TERM,2438,2563,0,0.7861165040294531
TERM,2564,2712,0,0.7861165040294531
TERM,2713,3024,0,0.7861165040294531
TERM,3025,3246,0,0.7861165040294531
TERM,3247,3267,0,0.7861165040294531
TERM,3268,3633,0,0.7861165040294531
