channel,start_time,stop_time,label,confidence
TERM,1,213,0,0.6653725419121488
TERM,214,371,0,0.6653725419121488
TERM,372,813,0,0.6653725419121488
TERM,814,1046,0,0.6653725419121488
TERM,1047,1327,0,0.6653725419121488
TERM,1328,1574,0,0.6653725419121488
TERM,1575,2061,0,0.6653725419121488
TERM,2062,2122,0,0.6653725419121488
TERM,2123,2435,0,0.6653725419121488
TERM,2436,2608,0,0.6653725419121488
TERM,2609,2664,0,0.6653725419121488
TERM,2665,2893,0,0.6653725419121488
