channel,start_time,stop_time,label,confidence
TERM,1,160,0,0.7876645457147381
TERM,161,594,0,0.7876645457147381
TERM,595,773,0,0.7876645457147381
TERM,774,992,0,0.7876645457147381
TERM,993,1041,0,0.7876645457147381
TERM,1042,1507,0,0.7876645457147381
TERM,1508,1647,0,0.7876645457147381
TERM,1648,1820,0,0.7876645457147381
TERM,1821,1883,0,0.7876645457147381
TERM,1884,1918,0,0.7876645457147381
TERM,1919,1981,0,0.7876645457147381
TERM,1982,2156,0,0.7876645457147381
TERM,2157,2175,0,0.7876645457147381
TERM,2176,2380,0,0.7876645457147381
TERM,2381,2548,0,0.7876645457147381
TERM,2549,2977,0,0.7876645457147381
TERM,2978,3270,0,0.7876645457147381
TERM,3271,3288,0,0.7876645457147381
TERM,3289,3577,0,0.7876645457147381
TERM,3578,3890,0,0.7876645457147381
TERM,3891,4377,0,0.7876645457147381
TERM,4378,4406,0,0.7876645457147381
TERM,4407,4759,0,0.7876645457147381
TERM,4760,5228,0,0.7876645457147381
TERM,5229,5501,0,0.7876645457147381
TERM,5502,5584,0,0.7876645457147381
TERM,5585,6009,0,0.7876645457147381
TERM,6010,6266,0,0.7876645457147381
TERM,6267,6765,0,0.7876645457147381
TERM,6766,6900,0,0.7876645457147381
TERM,6901,7202,0,0.7876645457147381
TERM,7203,7429,0,0.7876645457147381
TERM,7430,7504,0,0.7876645457147381
TERM,7505,7638,0,0.7876645457147381
TERM,7639,7793,0,0.7876645457147381
TERM,7794,8075,0,0.7876645457147381
TERM,8076,8217,0,0.7876645457147381
TERM,8218,8420,0,0.7876645457147381
TERM,8421,8597,0,0.7876645457147381
TERM,8598,8716,0,0.7876645457147381
TERM,8717,9032,0,0.7876645457147381
TERM,9033,9262,0,0.7876645457147381
