channel,start_time,stop_time,label,confidence
TERM,1,57,0,0.531355949495441
TERM,58,355,0,0.531355949495441
TERM,356,610,0,0.531355949495441
TERM,611,900,0,0.531355949495441
TERM,901,1190,0,0.531355949495441
TERM,1191,1257,0,0.531355949495441
TERM,1258,1278,0,0.531355949495441
TERM,1279,1384,0,0.531355949495441
TERM,1385,1710,0,0.531355949495441
TERM,1711,1926,0,0.531355949495441
TERM,1927,1955,0,0.531355949495441
TERM,1956,2436,0,0.531355949495441
TERM,2437,2587,0,0.531355949495441
TERM,2588,2928,0,0.531355949495441
TERM,2929,3057,0,0.531355949495441
TERM,3058,3460,0,0.531355949495441
TERM,3461,3636,0,0.531355949495441
TERM,3637,4047,0,0.531355949495441
TERM,4048,4259,0,0.531355949495441
TERM,4260,4332,0,0.531355949495441
TERM,4333,4773,0,0.531355949495441
TERM,4774,4814,0,0.531355949495441
TERM,4815,4918,0,0.531355949495441
TERM,4919,5074,0,0.531355949495441
TERM,5075,5106,0,0.531355949495441
TERM,5107,5494,0,0.531355949495441
TERM,5495,5721,0,0.531355949495441
TERM,5722,5785,0,0.531355949495441
TERM,5786,6277,0,0.531355949495441
TERM,6278,6352,0,0.531355949495441
TERM,6353,6384,0,0.531355949495441
TERM,6385,6460,0,0.531355949495441
TERM,6461,6625,0,0.531355949495441
