channel,start_time,stop_time,label,confidence
TERM,1,197,0,0.713452483331986
TERM,198,212,0,0.713452483331986
TERM,213,680,0,0.713452483331986
TERM,681,710,0,0.713452483331986
TERM,711,888,0,0.713452483331986
TERM,889,1209,0,0.713452483331986
TERM,1210,1610,0,0.713452483331986
TERM,1611,1621,0,0.713452483331986
TERM,1622,1759,0,0.713452483331986
TERM,1760,2016,0,0.713452483331986
TERM,2017,2115,0,0.713452483331986
TERM,2116,2541,0,0.713452483331986
TERM,2542,2748,0,0.713452483331986
TERM,2749,2880,0,0.713452483331986
TERM,2881,3331,0,0.713452483331986
TERM,3332,3781,0,0.713452483331986
TERM,3782,3808,0,0.713452483331986
TERM,3809,3913,0,0.713452483331986
TERM,3914,4053,0,0.713452483331986
TERM,4054,4119,0,0.713452483331986
TERM,4120,4616,0,0.713452483331986
TERM,4617,4843,0,0.713452483331986
TERM,4844,5090,0,0.713452483331986
TERM,5091,5285,0,0.713452483331986
TERM,5286,5664,0,0.713452483331986
TERM,5665,5972,0,0.713452483331986
TERM,5973,6151,0,0.713452483331986
TERM,6152,6419,0,0.713452483331986
TERM,6420,6522,0,0.713452483331986
TERM,6523,6644,0,0.713452483331986
TERM,6645,7064,0,0.713452483331986
TERM,7065,7222,0,0.713452483331986
TERM,7223,7675,0,0.713452483331986
TERM,7676,7935,0,0.713452483331986
TERM,7936,8118,0,0.713452483331986
TERM,8119,8310,0,0.713452483331986
TERM,8311,8521,0,0.713452483331986
TERM,8522,8641,0,0.713452483331986
TERM,8642,8708,0,0.713452483331986
TERM,8709,9149,0,0.713452483331986
TERM,9150,9462,0,0.713452483331986
TERM,9463,9487,0,0.713452483331986
TERM,9488,9971,0,0.713452483331986
TERM,9972,10171,0,0.713452483331986
TERM,10172,10285,0,0.713452483331986
TERM,10286,10760,0,0.713452483331986
TERM,10761,10810,0,0.713452483331986
TERM,10811,10909,0,0.713452483331986
