channel,start_time,stop_time,label,confidence
TERM,1,105,0,0.6888194552126397
TERM,106,385,0,0.6888194552126397
TERM,386,853,0,0.6888194552126397
TERM,854,1051,0,0.6888194552126397
TERM,1052,1278,0,0.6888194552126397
TERM,1279,1349,0,0.6888194552126397
TERM,1350,1725,0,0.6888194552126397
TERM,1726,2051,0,0.6888194552126397
TERM,2052,2500,0,0.6888194552126397
TERM,2501,2768,0,0.6888194552126397
TERM,2769,3208,0,0.6888194552126397
TERM,3209,3430,0,0.6888194552126397
TERM,3431,3459,0,0.6888194552126397
TERM,3460,3561,0,0.6888194552126397
TERM,3562,3584,0,0.6888194552126397
