channel,start_time,stop_time,label,confidence
TERM,1,56,0,0.6250699903556561
TERM,57,402,0,0.6250699903556561
TERM,403,770,0,0.6250699903556561
TERM,771,1071,0,0.6250699903556561
TERM,1072,1531,0,0.6250699903556561
TERM,1532,1805,0,0.6250699903556561
TERM,1806,2253,0,0.6250699903556561
TERM,2254,2481,0,0.6250699903556561
TERM,2482,2566,0,0.6250699903556561
TERM,2567,2955,0,0.6250699903556561
TERM,2956,3152,0,0.6250699903556561
TERM,3153,3250,0,0.6250699903556561
TERM,3251,3401,0,0.6250699903556561
TERM,3402,3492,0,0.6250699903556561
TERM,3493,3636,0,0.6250699903556561
TERM,3637,3911,0,0.6250699903556561
TERM,3912,4008,0,0.6250699903556561
TERM,4009,4372,0,0.6250699903556561
TERM,4373,4607,0,0.6250699903556561
TERM,4608,4668,0,0.6250699903556561
TERM,4669,4810,0,0.6250699903556561
TERM,4811,4908,0,0.6250699903556561
TERM,4909,5214,0,0.6250699903556561
TERM,5215,5275,0,0.6250699903556561
TERM,5276,5338,0,0.6250699903556561
TERM,5339,5768,0,0.6250699903556561
TERM,5769,6170,0,0.6250699903556561
TERM,6171,6492,0,0.6250699903556561
TERM,6493,6717,0,0.6250699903556561
TERM,6718,7031,0,0.6250699903556561
TERM,7032,7328,0,0.6250699903556561
TERM,7329,7728,0,0.6250699903556561
TERM,7729,7995,0,0.6250699903556561
TERM,7996,8088,0,0.6250699903556561
TERM,8089,8390,0,0.6250699903556561
TERM,8391,8571,0,0.6250699903556561
TERM,8572,8644,0,0.6250699903556561
TERM,8645,9014,0,0.6250699903556561
TERM,9015,9288,0,0.6250699903556561
TERM,9289,9748,0,0.6250699903556561
TERM,9749,10070,0,0.6250699903556561
TERM,10071,10460,0,0.6250699903556561
TERM,10461,10937,0,0.6250699903556561
TERM,10938,11200,0,0.6250699903556561
