channel,start_time,stop_time,label,confidence
TERM,1,142,0,0.2764322378890163
TERM,143,338,0,0.2764322378890163
TERM,339,523,0,0.2764322378890163
TERM,524,901,0,0.2764322378890163
TERM,902,931,0,0.2764322378890163
TERM,932,1006,0,0.2764322378890163
TERM,1007,1174,0,0.2764322378890163
TERM,1175,1512,0,0.2764322378890163
TERM,1513,1562,0,0.2764322378890163
TERM,1563,2017,0,0.2764322378890163
TERM,2018,2322,0,0.2764322378890163
TERM,2323,2761,0,0.2764322378890163
TERM,2762,3249,0,0.2764322378890163
