channel,start_time,stop_time,label,confidence
TERM,1,207,0,0.6648073127418079
TERM,208,671,0,0.6648073127418079
TERM,672,1083,0,0.6648073127418079
TERM,1084,1379,0,0.6648073127418079
TERM,1380,1635,0,0.6648073127418079
TERM,1636,1779,0,0.6648073127418079
TERM,1780,2235,0,0.6648073127418079
TERM,2236,2429,0,0.6648073127418079
TERM,2430,2868,0,0.6648073127418079
TERM,2869,3005,0,0.6648073127418079
TERM,3006,3156,0,0.6648073127418079
TERM,3157,3486,0,0.6648073127418079
TERM,3487,3789,0,0.6648073127418079
TERM,3790,3944,0,0.6648073127418079
TERM,3945,4337,0,0.6648073127418079
TERM,4338,4595,0,0.6648073127418079
TERM,4596,4817,0,0.6648073127418079
TERM,4818,4960,0,0.6648073127418079
TERM,4961,5091,0,0.6648073127418079
TERM,5092,5163,0,0.6648073127418079
TERM,5164,5482,0,0.6648073127418079
TERM,5483,5666,0,0.6648073127418079
