channel,start_time,stop_time,label,confidence
TERM,1,415,0,0.6499713674487224
TERM,416,773,0,0.6499713674487224
TERM,774,967,0,0.6499713674487224
TERM,968,1403,0,0.6499713674487224
TERM,1404,1830,0,0.6499713674487224
TERM,1831,2150,0,0.6499713674487224
TERM,2151,2430,0,0.6499713674487224
TERM,2431,2857,0,0.6499713674487224
TERM,2858,3233,0,0.6499713674487224
TERM,3234,3319,0,0.6499713674487224
TERM,3320,3441,0,0.6499713674487224
TERM,3442,3918,0,0.6499713674487224
TERM,3919,4058,0,0.6499713674487224
TERM,4059,4314,0,0.6499713674487224
TERM,4315,4445,0,0.6499713674487224
TERM,4446,4672,0,0.6499713674487224
TERM,4673,4767,0,0.6499713674487224
TERM,4768,5170,0,0.6499713674487224
TERM,5171,5580,0,0.6499713674487224
TERM,5581,6044,0,0.6499713674487224
TERM,6045,6501,0,0.6499713674487224
TERM,6502,6593,0,0.6499713674487224
TERM,6594,6888,0,0.6499713674487224
TERM,6889,6994,0,0.6499713674487224
TERM,6995,7224,0,0.6499713674487224
TERM,7225,7380,0,0.6499713674487224
TERM,7381,7511,0,0.6499713674487224
TERM,7512,7525,0,0.6499713674487224
TERM,7526,7829,0,0.6499713674487224
TERM,7830,8198,0,0.6499713674487224
TERM,8199,8570,0,0.6499713674487224
TERM,8571,8800,0,0.6499713674487224
TERM,8801,9212,0,0.6499713674487224
TERM,9213,9342,0,0.6499713674487224
TERM,9343,9487,0,0.6499713674487224
TERM,9488,9911,0,0.6499713674487224
TERM,9912,10131,0,0.6499713674487224
TERM,10132,10531,0,0.6499713674487224
TERM,10532,11002,0,0.6499713674487224
