channel,start_time,stop_time,label,confidence
TERM,1,195,0,0.6082261026647604
TERM,196,387,0,0.6082261026647604
TERM,388,433,0,0.6082261026647604
TERM,434,857,0,0.6082261026647604
TERM,858,1292,0,0.6082261026647604
TERM,1293,1544,0,0.6082261026647604
TERM,1545,1559,0,0.6082261026647604
TERM,1560,1574,0,0.6082261026647604
TERM,1575,1937,0,0.6082261026647604
TERM,1938,2182,0,0.6082261026647604
TERM,2183,2498,0,0.6082261026647604
TERM,2499,2746,0,0.6082261026647604
