channel,start_time,stop_time,label,confidence
TERM,1,453,0,0.6556786617679723
TERM,454,545,0,0.6556786617679723
TERM,546,1023,0,0.6556786617679723
TERM,1024,1097,0,0.6556786617679723
TERM,1098,1376,0,0.6556786617679723
TERM,1377,1737,0,0.6556786617679723
TERM,1738,2161,0,0.6556786617679723
TERM,2162,2324,0,0.6556786617679723
TERM,2325,2457,0,0.6556786617679723
TERM,2458,2474,0,0.6556786617679723
TERM,2475,2695,0,0.6556786617679723
TERM,2696,2954,0,0.6556786617679723
TERM,2955,3408,0,0.6556786617679723
TERM,3409,3738,0,0.6556786617679723
TERM,3739,4051,0,0.6556786617679723
TERM,4052,4063,0,0.6556786617679723
TERM,4064,4342,0,0.6556786617679723
TERM,4343,4474,0,0.6556786617679723
TERM,4475,4945,0,0.6556786617679723
TERM,4946,5195,0,0.6556786617679723
TERM,5196,5562,0,0.6556786617679723
TERM,5563,5702,0,0.6556786617679723
TERM,5703,6187,0,0.6556786617679723
TERM,6188,6204,0,0.6556786617679723
TERM,6205,6228,0,0.6556786617679723
TERM,6229,6580,0,0.6556786617679723
TERM,6581,6793,0,0.6556786617679723
TERM,6794,7216,0,0.6556786617679723
TERM,7217,7287,0,0.6556786617679723
TERM,7288,7374,0,0.6556786617679723
TERM,7375,7396,0,0.6556786617679723
TERM,7397,7676,0,0.6556786617679723
TERM,7677,7746,0,0.6556786617679723
TERM,7747,8033,0,0.6556786617679723
TERM,8034,8158,0,0.6556786617679723
TERM,8159,8273,0,0.6556786617679723
TERM,8274,8704,0,0.6556786617679723
TERM,8705,8752,0,0.6556786617679723
TERM,8753,9246,0,0.6556786617679723
TERM,9247,9644,0,0.6556786617679723
TERM,9645,9898,0,0.6556786617679723
TERM,9899,10383,0,0.6556786617679723
TERM,10384,10629,0,0.6556786617679723
TERM,10630,11100,0,0.6556786617679723
TERM,11101,11377,0,0.6556786617679723
TERM,11378,11816,0,0.6556786617679723
TERM,11817,12101,0,0.6556786617679723
TERM,12102,12596,0,0.6556786617679723
TERM,12597,12855,0,0.6556786617679723
TERM,12856,12908,0,0.6556786617679723
TERM,12909,13186,0,0.6556786617679723
TERM,13187,13550,0,0.6556786617679723
TERM,13551,13832,0,0.6556786617679723
TERM,13833,13959,0,0.6556786617679723
TERM,13960,14226,0,0.6556786617679723
TERM,14227,14337,0,0.6556786617679723
TERM,14338,14561,0,0.6556786617679723
TERM,14562,14638,0,0.6556786617679723
TERM,14639,15068,0,0.6556786617679723
TERM,15069,15296,0,0.6556786617679723
TERM,15297,15639,0,0.6556786617679723
TERM,15640,15799,0,0.6556786617679723
TERM,15800,15975,0,0.6556786617679723
TERM,15976,16108,0,0.6556786617679723
TERM,16109,16513,0,0.6556786617679723
TERM,16514,16750,0,0.6556786617679723
