channel,start_time,stop_time,label,confidence
TERM,1,42,0,0.5868914685452561
TERM,43,167,0,0.5868914685452561
TERM,168,419,0,0.5868914685452561
TERM,420,478,0,0.5868914685452561
TERM,479,824,0,0.5868914685452561
TERM,825,1069,0,0.5868914685452561
TERM,1070,1153,0,0.5868914685452561
TERM,1154,1444,0,0.5868914685452561
TERM,1445,1471,0,0.5868914685452561
TERM,1472,1859,0,0.5868914685452561
TERM,1860,2236,0,0.5868914685452561
TERM,2237,2343,0,0.5868914685452561
TERM,2344,2587,0,0.5868914685452561
