channel,start_time,stop_time,label,confidence
TERM,1,400,0,0.7442032132747958
TERM,401,628,0,0.7442032132747958
TERM,629,1036,0,0.7442032132747958
TERM,1037,1157,0,0.7442032132747958
TERM,1158,1651,0,0.7442032132747958
TERM,1652,2022,0,0.7442032132747958
TERM,2023,2173,0,0.7442032132747958
TERM,2174,2592,0,0.7442032132747958
TERM,2593,2885,0,0.7442032132747958
TERM,2886,3384,0,0.7442032132747958
TERM,3385,3784,0,0.7442032132747958
TERM,3785,4256,0,0.7442032132747958
TERM,4257,4350,0,0.7442032132747958
TERM,4351,4365,0,0.7442032132747958
TERM,4366,4565,0,0.7442032132747958
TERM,4566,4934,0,0.7442032132747958
TERM,4935,5363,0,0.7442032132747958
TERM,5364,5526,0,0.7442032132747958
TERM,5527,5693,0,0.7442032132747958
TERM,5694,5762,0,0.7442032132747958
TERM,5763,6167,0,0.7442032132747958
TERM,6168,6439,0,0.7442032132747958
TERM,6440,6719,0,0.7442032132747958
TERM,6720,6760,0,0.7442032132747958
TERM,6761,6972,0,0.7442032132747958
TERM,6973,7319,0,0.7442032132747958
TERM,7320,7392,0,0.7442032132747958
TERM,7393,7870,0,0.7442032132747958
TERM,7871,8331,0,0.7442032132747958
TERM,8332,8408,0,0.7442032132747958
