channel,start_time,stop_time,label,confidence
TERM,1,323,0,0.5885488783127424
TERM,324,760,0,0.5885488783127424
TERM,761,961,0,0.5885488783127424
TERM,962,1456,0,0.5885488783127424
TERM,1457,1619,0,0.5885488783127424
TERM,1620,1673,0,0.5885488783127424
TERM,1674,1978,0,0.5885488783127424
TERM,1979,2157,0,0.5885488783127424
TERM,2158,2614,0,0.5885488783127424
TERM,2615,2941,0,0.5885488783127424
TERM,2942,3396,0,0.5885488783127424
TERM,3397,3636,0,0.5885488783127424
TERM,3637,4042,0,0.5885488783127424
TERM,4043,4113,0,0.5885488783127424
TERM,4114,4312,0,0.5885488783127424
TERM,4313,4535,0,0.5885488783127424
TERM,4536,4603,0,0.5885488783127424
TERM,4604,4859,0,0.5885488783127424
TERM,4860,5308,0,0.5885488783127424
TERM,5309,5627,0,0.5885488783127424
TERM,5628,6059,0,0.5885488783127424
TERM,6060,6245,0,0.5885488783127424
TERM,6246,6612,0,0.5885488783127424
TERM,6613,6633,0,0.5885488783127424
TERM,6634,6741,0,0.5885488783127424
TERM,6742,6806,0,0.5885488783127424
TERM,6807,6978,0,0.5885488783127424
TERM,6979,7254,0,0.5885488783127424
TERM,7255,7669,0,0.5885488783127424
TERM,7670,8070,0,0.5885488783127424
TERM,8071,8514,0,0.5885488783127424
TERM,8515,8645,0,0.5885488783127424
TERM,8646,8782,0,0.5885488783127424
TERM,8783,9063,0,0.5885488783127424
TERM,9064,9503,0,0.5885488783127424
TERM,9504,9822,0,0.5885488783127424
TERM,9823,10192,0,0.5885488783127424
TERM,10193,10445,0,0.5885488783127424
TERM,10446,10890,0,0.5885488783127424
TERM,10891,11182,0,0.5885488783127424
TERM,11183,11207,0,0.5885488783127424
TERM,11208,11508,0,0.5885488783127424
TERM,11509,11990,0,0.5885488783127424
TERM,11991,12156,0,0.5885488783127424
TERM,12157,12456,0,0.5885488783127424
TERM,12457,12897,0,0.5885488783127424
TERM,12898,13111,0,0.5885488783127424
TERM,13112,13284,0,0.5885488783127424
TERM,13285,13545,0,0.5885488783127424
TERM,13546,13881,0,0.5885488783127424
TERM,13882,14160,0,0.5885488783127424
TERM,14161,14548,0,0.5885488783127424
TERM,14549,14889,0,0.5885488783127424
TERM,14890,15042,0,0.5885488783127424
TERM,15043,15347,0,0.5885488783127424
