channel,start_time,stop_time,label,confidence
TERM,1,400,0,0.6640268168316399
TERM,401,528,0,0.6640268168316399
TERM,529,735,0,0.6640268168316399
TERM,736,923,0,0.6640268168316399
TERM,924,1379,0,0.6640268168316399
TERM,1380,1609,0,0.6640268168316399
TERM,1610,1647,0,0.6640268168316399
TERM,1648,2114,0,0.6640268168316399
TERM,2115,2215,0,0.6640268168316399
TERM,2216,2306,0,0.6640268168316399
TERM,2307,2467,0,0.6640268168316399
TERM,2468,2552,0,0.6640268168316399
TERM,2553,2766,0,0.6640268168316399
TERM,2767,3132,0,0.6640268168316399
TERM,3133,3282,0,0.6640268168316399
TERM,3283,3758,0,0.6640268168316399
TERM,3759,4102,0,0.6640268168316399
TERM,4103,4147,0,0.6640268168316399
TERM,4148,4447,0,0.6640268168316399
TERM,4448,4724,0,0.6640268168316399
TERM,4725,4949,0,0.6640268168316399
TERM,4950,5124,0,0.6640268168316399
TERM,5125,5443,0,0.6640268168316399
TERM,5444,5903,0,0.6640268168316399
TERM,5904,6261,0,0.6640268168316399
TERM,6262,6323,0,0.6640268168316399
TERM,6324,6520,0,0.6640268168316399
TERM,6521,6905,0,0.6640268168316399
TERM,6906,7206,0,0.6640268168316399
TERM,7207,7429,0,0.6640268168316399
TERM,7430,7441,0,0.6640268168316399
TERM,7442,7722,0,0.6640268168316399
TERM,7723,7736,0,0.6640268168316399
TERM,7737,7910,0,0.6640268168316399
TERM,7911,8383,0,0.6640268168316399
TERM,8384,8425,0,0.6640268168316399
TERM,8426,8812,0,0.6640268168316399
TERM,8813,9283,0,0.6640268168316399
TERM,9284,9608,0,0.6640268168316399
TERM,9609,9705,0,0.6640268168316399
TERM,9706,9734,0,0.6640268168316399
TERM,9735,10183,0,0.6640268168316399
TERM,10184,10414,0,0.6640268168316399
TERM,10415,10750,0,0.6640268168316399
TERM,10751,10761,0,0.6640268168316399
TERM,10762,11002,0,0.6640268168316399
TERM,11003,11322,0,0.6640268168316399
TERM,11323,11493,0,0.6640268168316399
