channel,start_time,stop_time,label,confidence
TERM,1,473,0,0.2883957690824162
TERM,474,809,0,0.2883957690824162
TERM,810,1026,0,0.2883957690824162
TERM,1027,1395,0,0.2883957690824162
TERM,1396,1463,0,0.2883957690824162
TERM,1464,1489,0,0.2883957690824162
TERM,1490,1712,0,0.2883957690824162
TERM,1713,2079,0,0.2883957690824162
TERM,2080,2329,0,0.2883957690824162
TERM,2330,2383,0,0.2883957690824162
TERM,2384,2505,0,0.2883957690824162
