channel,start_time,stop_time,label,confidence
TERM,1,375,0,0.5877935579187306
TERM,376,496,0,0.5877935579187306
TERM,497,755,0,0.5877935579187306
TERM,756,1207,0,0.5877935579187306
TERM,1208,1284,0,0.5877935579187306
TERM,1285,1553,0,0.5877935579187306
TERM,1554,1812,0,0.5877935579187306
TERM,1813,2067,0,0.5877935579187306
TERM,2068,2163,0,0.5877935579187306
TERM,2164,2652,0,0.5877935579187306
TERM,2653,2869,0,0.5877935579187306
TERM,2870,3324,0,0.5877935579187306
TERM,3325,3454,0,0.5877935579187306
TERM,3455,3502,0,0.5877935579187306
TERM,3503,3920,0,0.5877935579187306
TERM,3921,3931,0,0.5877935579187306
TERM,3932,4258,0,0.5877935579187306
TERM,4259,4607,0,0.5877935579187306
TERM,4608,5016,0,0.5877935579187306
TERM,5017,5077,0,0.5877935579187306
TERM,5078,5386,0,0.5877935579187306
TERM,5387,5441,0,0.5877935579187306
TERM,5442,5495,0,0.5877935579187306
TERM,5496,5793,0,0.5877935579187306
TERM,5794,6173,0,0.5877935579187306
TERM,6174,6242,0,0.5877935579187306
