channel,start_time,stop_time,label,confidence
TERM,1,76,0,0.6282768589271832
TERM,77,381,0,0.6282768589271832
TERM,382,750,0,0.6282768589271832
TERM,751,902,0,0.6282768589271832
TERM,903,1305,0,0.6282768589271832
TERM,1306,1691,0,0.6282768589271832
TERM,1692,1828,0,0.6282768589271832
TERM,1829,2294,0,0.6282768589271832
TERM,2295,2324,0,0.6282768589271832
TERM,2325,2622,0,0.6282768589271832
TERM,2623,3112,0,0.6282768589271832
TERM,3113,3369,0,0.6282768589271832
TERM,3370,3519,0,0.6282768589271832
TERM,3520,3545,0,0.6282768589271832
TERM,3546,4013,0,0.6282768589271832
TERM,4014,4361,0,0.6282768589271832
TERM,4362,4391,0,0.6282768589271832
TERM,4392,4878,0,0.6282768589271832
TERM,4879,4904,0,0.6282768589271832
TERM,4905,5336,0,0.6282768589271832
TERM,5337,5687,0,0.6282768589271832
TERM,5688,5878,0,0.6282768589271832
TERM,5879,6293,0,0.6282768589271832
TERM,6294,6588,0,0.6282768589271832
TERM,6589,6645,0,0.6282768589271832
TERM,6646,6858,0,0.6282768589271832
TERM,6859,7058,0,0.6282768589271832
TERM,7059,7526,0,0.6282768589271832
TERM,7527,7568,0,0.6282768589271832
TERM,7569,7915,0,0.6282768589271832
TERM,7916,8088,0,0.6282768589271832
TERM,8089,8373,0,0.6282768589271832
TERM,8374,8490,0,0.6282768589271832
TERM,8491,8741,0,0.6282768589271832
TERM,8742,8870,0,0.6282768589271832
TERM,8871,9109,0,0.6282768589271832
TERM,9110,9199,0,0.6282768589271832
TERM,9200,9529,0,0.6282768589271832
TERM,9530,9905,0,0.6282768589271832
TERM,9906,10380,0,0.6282768589271832
TERM,10381,10837,0,0.6282768589271832
TERM,10838,11310,0,0.6282768589271832
TERM,11311,11715,0,0.6282768589271832
TERM,11716,11962,0,0.6282768589271832
TERM,11963,12066,0,0.6282768589271832
TERM,12067,12447,0,0.6282768589271832
TERM,12448,12689,0,0.6282768589271832
TERM,12690,12990,0,0.6282768589271832
