channel,start_time,stop_time,label,confidence
TERM,1,374,0,0.5811747717572866
TERM,375,752,0,0.5811747717572866
TERM,753,828,0,0.5811747717572866
TERM,829,1049,0,0.5811747717572866
TERM,1050,1158,0,0.5811747717572866
TERM,1159,1374,0,0.5811747717572866
TERM,1375,1866,0,0.5811747717572866
TERM,1867,2039,0,0.5811747717572866
TERM,2040,2362,0,0.5811747717572866
TERM,2363,2856,0,0.5811747717572866
TERM,2857,3058,0,0.5811747717572866
TERM,3059,3522,0,0.5811747717572866
TERM,3523,3870,0,0.5811747717572866
TERM,3871,4360,0,0.5811747717572866
TERM,4361,4760,0,0.5811747717572866
TERM,4761,5198,0,0.5811747717572866
TERM,5199,5287,0,0.5811747717572866
TERM,5288,5601,0,0.5811747717572866
TERM,5602,5786,0,0.5811747717572866
TERM,5787,5865,0,0.5811747717572866
TERM,5866,6251,0,0.5811747717572866
TERM,6252,6339,0,0.5811747717572866
TERM,6340,6540,0,0.5811747717572866
TERM,6541,6611,0,0.5811747717572866
TERM,6612,7035,0,0.5811747717572866
TERM,7036,7206,0,0.5811747717572866
TERM,7207,7392,0,0.5811747717572866
TERM,7393,7520,0,0.5811747717572866
TERM,7521,7972,0,0.5811747717572866
TERM,7973,8359,0,0.5811747717572866
TERM,8360,8792,0,0.5811747717572866
TERM,8793,9246,0,0.5811747717572866
TERM,9247,9520,0,0.5811747717572866
TERM,9521,9821,0,0.5811747717572866
TERM,9822,9911,0,0.5811747717572866
TERM,9912,9957,0,0.5811747717572866
TERM,9958,10362,0,0.5811747717572866
TERM,10363,10703,0,0.5811747717572866
TERM,10704,11041,0,0.5811747717572866
TERM,11042,11225,0,0.5811747717572866
TERM,11226,11284,0,0.5811747717572866
TERM,11285,11310,0,0.5811747717572866
