channel,start_time,stop_time,label,confidence
TERM,1,287,0,0.625658928881232
TERM,288,378,0,0.625658928881232
TERM,379,463,0,0.625658928881232
TERM,464,885,0,0.625658928881232
TERM,886,1313,0,0.625658928881232
TERM,1314,1487,0,0.625658928881232
TERM,1488,1680,0,0.625658928881232
TERM,1681,2025,0,0.625658928881232
TERM,2026,2181,0,0.625658928881232
TERM,2182,2345,0,0.625658928881232
TERM,2346,2718,0,0.625658928881232
TERM,2719,3056,0,0.625658928881232
TERM,3057,3258,0,0.625658928881232
TERM,3259,3392,0,0.625658928881232
TERM,3393,3740,0,0.625658928881232
TERM,3741,3882,0,0.625658928881232
TERM,3883,4076,0,0.625658928881232
TERM,4077,4126,0,0.625658928881232
TERM,4127,4204,0,0.625658928881232
TERM,4205,4348,0,0.625658928881232
TERM,4349,4590,0,0.625658928881232
TERM,4591,4906,0,0.625658928881232
TERM,4907,5022,0,0.625658928881232
TERM,5023,5131,0,0.625658928881232
TERM,5132,5499,0,0.625658928881232
TERM,5500,5797,0,0.625658928881232
