channel,start_time,stop_time,label,confidence
TERM,1,190,0,0.677264505606942
TERM,191,680,0,0.677264505606942
TERM,681,1021,0,0.677264505606942
TERM,1022,1512,0,0.677264505606942
TERM,1513,1993,0,0.677264505606942
TERM,1994,2431,0,0.677264505606942
TERM,2432,2603,0,0.677264505606942
TERM,2604,3103,0,0.677264505606942
TERM,3104,3182,0,0.677264505606942
TERM,3183,3264,0,0.677264505606942
TERM,3265,3669,0,0.677264505606942
TERM,3670,3711,0,0.677264505606942
TERM,3712,3847,0,0.677264505606942
TERM,3848,3879,0,0.677264505606942
TERM,3880,4045,0,0.677264505606942
TERM,4046,4094,0,0.677264505606942
TERM,4095,4516,0,0.677264505606942
TERM,4517,4908,0,0.677264505606942
TERM,4909,4935,0,0.677264505606942
TERM,4936,5343,0,0.677264505606942
TERM,5344,5690,0,0.677264505606942
TERM,5691,5817,0,0.677264505606942
TERM,5818,6057,0,0.677264505606942
TERM,6058,6463,0,0.677264505606942
TERM,6464,6557,0,0.677264505606942
TERM,6558,6660,0,0.677264505606942
TERM,6661,6852,0,0.677264505606942
TERM,6853,7274,0,0.677264505606942
TERM,7275,7544,0,0.677264505606942
TERM,7545,7795,0,0.677264505606942
TERM,7796,8166,0,0.677264505606942
TERM,8167,8282,0,0.677264505606942
TERM,8283,8684,0,0.677264505606942
TERM,8685,8990,0,0.677264505606942
TERM,8991,9244,0,0.677264505606942
TERM,9245,9424,0,0.677264505606942
TERM,9425,9448,0,0.677264505606942
TERM,9449,9738,0,0.677264505606942
TERM,9739,10080,0,0.677264505606942
TERM,10081,10540,0,0.677264505606942
TERM,10541,10867,0,0.677264505606942
TERM,10868,11017,0,0.677264505606942
TERM,11018,11424,0,0.677264505606942
TERM,11425,11676,0,0.677264505606942
TERM,11677,11706,0,0.677264505606942
TERM,11707,12168,0,0.677264505606942
TERM,12169,12429,0,0.677264505606942
TERM,12430,12599,0,0.677264505606942
TERM,12600,12695,0,0.677264505606942
TERM,12696,13094,0,0.677264505606942
TERM,13095,13368,0,0.677264505606942
TERM,13369,13555,0,0.677264505606942
TERM,13556,13810,0,0.677264505606942
TERM,13811,14069,0,0.677264505606942
TERM,14070,14448,0,0.677264505606942
TERM,14449,14554,0,0.677264505606942
TERM,14555,14906,0,0.677264505606942
TERM,14907,15271,0,0.677264505606942
TERM,15272,15763,0,0.677264505606942
TERM,15764,16067,0,0.677264505606942
