channel,start_time,stop_time,label,confidence
TERM,1,294,0,0.6224511049504367
TERM,295,572,0,0.6224511049504367
TERM,573,659,0,0.6224511049504367
TERM,660,900,0,0.6224511049504367
TERM,901,1315,0,0.6224511049504367
TERM,1316,1791,0,0.6224511049504367
TERM,1792,2103,0,0.6224511049504367
TERM,2104,2122,0,0.6224511049504367
TERM,2123,2513,0,0.6224511049504367
TERM,2514,2964,0,0.6224511049504367
TERM,2965,3194,0,0.6224511049504367
TERM,3195,3215,0,0.6224511049504367
TERM,3216,3447,0,0.6224511049504367
TERM,3448,3771,0,0.6224511049504367
TERM,3772,3793,0,0.6224511049504367
TERM,3794,4127,0,0.6224511049504367
TERM,4128,4178,0,0.6224511049504367
TERM,4179,4308,0,0.6224511049504367
TERM,4309,4447,0,0.6224511049504367
TERM,4448,4922,0,0.6224511049504367
TERM,4923,5061,0,0.6224511049504367
TERM,5062,5392,0,0.6224511049504367
TERM,5393,5679,0,0.6224511049504367
TERM,5680,5751,0,0.6224511049504367
TERM,5752,5820,0,0.6224511049504367
TERM,5821,6006,0,0.6224511049504367
TERM,6007,6428,0,0.6224511049504367
TERM,6429,6487,0,0.6224511049504367
TERM,6488,6925,0,0.6224511049504367
TERM,6926,7054,0,0.6224511049504367
TERM,7055,7305,0,0.6224511049504367
TERM,7306,7462,0,0.6224511049504367
TERM,7463,7625,0,0.6224511049504367
TERM,7626,7788,0,0.6224511049504367
TERM,7789,7948,0,0.6224511049504367
TERM,7949,8371,0,0.6224511049504367
TERM,8372,8512,0,0.6224511049504367
TERM,8513,8765,0,0.6224511049504367
TERM,8766,9154,0,0.6224511049504367
TERM,9155,9595,0,0.6224511049504367
TERM,9596,10073,0,0.6224511049504367
TERM,10074,10558,0,0.6224511049504367
