channel,start_time,stop_time,label,confidence
TERM,1,410,0,0.5817804664714105
TERM,411,753,0,0.5817804664714105
TERM,754,1244,0,0.5817804664714105
TERM,1245,1542,0,0.5817804664714105
TERM,1543,1598,0,0.5817804664714105
TERM,1599,1642,0,0.5817804664714105
TERM,1643,2088,0,0.5817804664714105
TERM,2089,2318,0,0.5817804664714105
TERM,2319,2738,0,0.5817804664714105
TERM,2739,3084,0,0.5817804664714105
TERM,3085,3365,0,0.5817804664714105
TERM,3366,3483,0,0.5817804664714105
