channel,start_time,stop_time,label,confidence
TERM,1,432,0,0.5967973605866576
TERM,433,466,0,0.5967973605866576
TERM,467,704,0,0.5967973605866576
TERM,705,745,0,0.5967973605866576
TERM,746,1138,0,0.5967973605866576
TERM,1139,1153,0,0.5967973605866576
TERM,1154,1305,0,0.5967973605866576
TERM,1306,1535,0,0.5967973605866576
TERM,1536,1553,0,0.5967973605866576
TERM,1554,1564,0,0.5967973605866576
TERM,1565,1983,0,0.5967973605866576
TERM,1984,2185,0,0.5967973605866576
TERM,2186,2413,0,0.5967973605866576
TERM,2414,2751,0,0.5967973605866576
TERM,2752,3137,0,0.5967973605866576
TERM,3138,3264,0,0.5967973605866576
TERM,3265,3486,0,0.5967973605866576
TERM,3487,3523,0,0.5967973605866576
TERM,3524,3868,0,0.5967973605866576
TERM,3869,4225,0,0.5967973605866576
TERM,4226,4406,0,0.5967973605866576
TERM,4407,4787,0,0.5967973605866576
TERM,4788,4873,0,0.5967973605866576
TERM,4874,5079,0,0.5967973605866576
TERM,5080,5520,0,0.5967973605866576
TERM,5521,5578,0,0.5967973605866576
TERM,5579,5889,0,0.5967973605866576
TERM,5890,5978,0,0.5967973605866576
TERM,5979,6015,0,0.5967973605866576
TERM,6016,6130,0,0.5967973605866576
TERM,6131,6410,0,0.5967973605866576
TERM,6411,6574,0,0.5967973605866576
TERM,6575,6818,0,0.5967973605866576
TERM,6819,6924,0,0.5967973605866576
TERM,6925,7264,0,0.5967973605866576
TERM,7265,7609,0,0.5967973605866576
TERM,7610,8013,0,0.5967973605866576
TERM,8014,8440,0,0.5967973605866576
TERM,8441,8478,0,0.5967973605866576
TERM,8479,8595,0,0.5967973605866576
TERM,8596,8739,0,0.5967973605866576
TERM,8740,8974,0,0.5967973605866576
