channel,start_time,stop_time,label,confidence
TERM,1,155,0,0.749690438042796
TERM,156,257,0,0.749690438042796
TERM,258,725,0,0.749690438042796
TERM,726,980,0,0.749690438042796
TERM,981,1231,0,0.749690438042796
TERM,1232,1556,0,0.749690438042796
TERM,1557,1745,0,0.749690438042796
TERM,1746,1959,0,0.749690438042796
TERM,1960,2178,0,0.749690438042796
TERM,2179,2547,0,0.749690438042796
TERM,2548,2711,0,0.749690438042796
TERM,2712,2962,0,0.749690438042796
TERM,2963,3105,0,0.749690438042796
