channel,start_time,stop_time,label,confidence
TERM,1,448,0,0.7520938225856635
TERM,449,548,0,0.7520938225856635
TERM,549,833,0,0.7520938225856635
TERM,834,913,0,0.7520938225856635
TERM,914,1186,0,0.7520938225856635
TERM,1187,1270,0,0.7520938225856635
TERM,1271,1728,0,0.7520938225856635
TERM,1729,1876,0,0.7520938225856635
TERM,1877,2323,0,0.7520938225856635
TERM,2324,2729,0,0.7520938225856635
TERM,2730,3058,0,0.7520938225856635
TERM,3059,3250,0,0.7520938225856635
TERM,3251,3434,0,0.7520938225856635
TERM,3435,3601,0,0.7520938225856635
TERM,3602,3955,0,0.7520938225856635
TERM,3956,3986,0,0.7520938225856635
TERM,3987,4234,0,0.7520938225856635
TERM,4235,4493,0,0.7520938225856635
TERM,4494,4786,0,0.7520938225856635
TERM,4787,4878,0,0.7520938225856635
TERM,4879,4979,0,0.7520938225856635
TERM,4980,5369,0,0.7520938225856635
TERM,5370,5843,0,0.7520938225856635
TERM,5844,6268,0,0.7520938225856635
TERM,6269,6591,0,0.7520938225856635
TERM,6592,6625,0,0.7520938225856635
TERM,6626,6818,0,0.7520938225856635
TERM,6819,7277,0,0.7520938225856635
TERM,7278,7588,0,0.7520938225856635
TERM,7589,7804,0,0.7520938225856635
TERM,7805,7999,0,0.7520938225856635
TERM,8000,8180,0,0.7520938225856635
TERM,8181,8434,0,0.7520938225856635
TERM,8435,8473,0,0.7520938225856635
TERM,8474,8618,0,0.7520938225856635
TERM,8619,8828,0,0.7520938225856635
TERM,8829,9245,0,0.7520938225856635
TERM,9246,9518,0,0.7520938225856635
TERM,9519,9967,0,0.7520938225856635
TERM,9968,10258,0,0.7520938225856635
TERM,10259,10667,0,0.7520938225856635
TERM,10668,10886,0,0.7520938225856635
TERM,10887,11290,0,0.7520938225856635
TERM,11291,11515,0,0.7520938225856635
TERM,11516,11965,0,0.7520938225856635
TERM,11966,12044,0,0.7520938225856635
TERM,12045,12456,0,0.7520938225856635
TERM,12457,12926,0,0.7520938225856635
TERM,12927,13030,0,0.7520938225856635
TERM,13031,13182,0,0.7520938225856635
TERM,13183,13276,0,0.7520938225856635
TERM,13277,13320,0,0.7520938225856635
TERM,13321,13487,0,0.7520938225856635
TERM,13488,13919,0,0.7520938225856635
TERM,13920,14097,0,0.7520938225856635
TERM,14098,14313,0,0.7520938225856635
TERM,14314,14726,0,0.7520938225856635
TERM,14727,14989,0,0.7520938225856635
TERM,14990,15477,0,0.7520938225856635
TERM,15478,15531,0,0.7520938225856635
