channel,start_time,stop_time,label,confidence
TERM,1,432,0,0.6006484784217578
TERM,433,826,0,0.6006484784217578
TERM,827,1226,0,0.6006484784217578
TERM,1227,1337,0,0.6006484784217578
TERM,1338,1790,0,0.6006484784217578
TERM,1791,2140,0,0.6006484784217578
TERM,2141,2582,0,0.6006484784217578
TERM,2583,2735,0,0.6006484784217578
TERM,2736,3044,0,0.6006484784217578
TERM,3045,3221,0,0.6006484784217578
TERM,3222,3250,0,0.6006484784217578
TERM,3251,3295,0,0.6006484784217578
TERM,3296,3419,0,0.6006484784217578
TERM,3420,3647,0,0.6006484784217578
TERM,3648,3931,0,0.6006484784217578
TERM,3932,4380,0,0.6006484784217578
TERM,4381,4528,0,0.6006484784217578
TERM,4529,4902,0,0.6006484784217578
TERM,4903,5241,0,0.6006484784217578
TERM,5242,5630,0,0.6006484784217578
TERM,5631,5840,0,0.6006484784217578
TERM,5841,6206,0,0.6006484784217578
TERM,6207,6557,0,0.6006484784217578
TERM,6558,6840,0,0.6006484784217578
TERM,6841,7335,0,0.6006484784217578
TERM,7336,7528,0,0.6006484784217578
TERM,7529,7666,0,0.6006484784217578
TERM,7667,7903,0,0.6006484784217578
TERM,7904,8393,0,0.6006484784217578
TERM,8394,8552,0,0.6006484784217578
TERM,8553,8818,0,0.6006484784217578
TERM,8819,8918,0,0.6006484784217578
TERM,8919,8963,0,0.6006484784217578
TERM,8964,9422,0,0.6006484784217578
TERM,9423,9700,0,0.6006484784217578
TERM,9701,9729,0,0.6006484784217578
TERM,9730,9822,0,0.6006484784217578
TERM,9823,10120,0,0.6006484784217578
TERM,10121,10159,0,0.6006484784217578
TERM,10160,10199,0,0.6006484784217578
TERM,10200,10311,0,0.6006484784217578
TERM,10312,10369,0,0.6006484784217578
TERM,10370,10550,0,0.6006484784217578
TERM,10551,10721,0,0.6006484784217578
