channel,start_time,stop_time,label,confidence
TERM,1,456,0,0.6661195690648514
TERM,457,538,0,0.6661195690648514
TERM,539,814,0,0.6661195690648514
TERM,815,1076,0,0.6661195690648514
TERM,1077,1095,0,0.6661195690648514
TERM,1096,1160,0,0.6661195690648514
TERM,1161,1324,0,0.6661195690648514
TERM,1325,1408,0,0.6661195690648514
TERM,1409,1498,0,0.6661195690648514
TERM,1499,1529,0,0.6661195690648514
TERM,1530,1547,0,0.6661195690648514
TERM,1548,1940,0,0.6661195690648514
TERM,1941,2020,0,0.6661195690648514
TERM,2021,2035,0,0.6661195690648514
TERM,2036,2481,0,0.6661195690648514
TERM,2482,2549,0,0.6661195690648514
TERM,2550,3023,0,0.6661195690648514
TERM,3024,3216,0,0.6661195690648514
TERM,3217,3352,0,0.6661195690648514
TERM,3353,3418,0,0.6661195690648514
TERM,3419,3513,0,0.6661195690648514
TERM,3514,3746,0,0.6661195690648514
TERM,3747,4074,0,0.6661195690648514
TERM,4075,4242,0,0.6661195690648514
TERM,4243,4619,0,0.6661195690648514
TERM,4620,5016,0,0.6661195690648514
TERM,5017,5313,0,0.6661195690648514
TERM,5314,5585,0,0.6661195690648514
TERM,5586,5629,0,0.6661195690648514
TERM,5630,5962,0,0.6661195690648514
TERM,5963,6126,0,0.6661195690648514
TERM,6127,6186,0,0.6661195690648514
TERM,6187,6208,0,0.6661195690648514
TERM,6209,6327,0,0.6661195690648514
TERM,6328,6767,0,0.6661195690648514
TERM,6768,6911,0,0.6661195690648514
TERM,6912,6926,0,0.6661195690648514
TERM,6927,7178,0,0.6661195690648514
TERM,7179,7332,0,0.6661195690648514
TERM,7333,7530,0,0.6661195690648514
TERM,7531,7889,0,0.6661195690648514
TERM,7890,8030,0,0.6661195690648514
TERM,8031,8379,0,0.6661195690648514
TERM,8380,8742,0,0.6661195690648514
TERM,8743,9181,0,0.6661195690648514
TERM,9182,9357,0,0.6661195690648514
TERM,9358,9572,0,0.6661195690648514
TERM,9573,9914,0,0.6661195690648514
TERM,9915,10121,0,0.6661195690648514
TERM,10122,10431,0,0.6661195690648514
TERM,10432,10784,0,0.6661195690648514
TERM,10785,11266,0,0.6661195690648514
TERM,11267,11379,0,0.6661195690648514
TERM,11380,11498,0,0.6661195690648514
TERM,11499,11891,0,0.6661195690648514
TERM,11892,12307,0,0.6661195690648514
