channel,start_time,stop_time,label,confidence
TERM,1,255,0,0.8785115508967563
TERM,256,270,0,0.8785115508967563
TERM,271,762,0,0.8785115508967563
TERM,763,986,0,0.8785115508967563
TERM,987,1451,0,0.8785115508967563
TERM,1452,1778,0,0.8785115508967563
TERM,1779,2230,0,0.8785115508967563
TERM,2231,2556,0,0.8785115508967563
TERM,2557,2982,0,0.8785115508967563
TERM,2983,3152,0,0.8785115508967563
TERM,3153,3230,0,0.8785115508967563
TERM,3231,3317,0,0.8785115508967563
