channel,start_time,stop_time,label,confidence
TERM,1,150,0,0.5084759135190666
TERM,151,445,0,0.5084759135190666
TERM,446,635,0,0.5084759135190666
TERM,636,692,0,0.5084759135190666
TERM,693,1131,0,0.5084759135190666
TERM,1132,1224,0,0.5084759135190666
TERM,1225,1719,0,0.5084759135190666
TERM,1720,1970,0,0.5084759135190666
TERM,1971,2466,0,0.5084759135190666
TERM,2467,2565,0,0.5084759135190666
TERM,2566,2620,0,0.5084759135190666
TERM,2621,2682,0,0.5084759135190666
TERM,2683,3082,0,0.5084759135190666
TERM,3083,3100,0,0.5084759135190666
TERM,3101,3468,0,0.5084759135190666
TERM,3469,3771,0,0.5084759135190666
TERM,3772,4094,0,0.5084759135190666
TERM,4095,4550,0,0.5084759135190666
TERM,4551,5012,0,0.5084759135190666
TERM,5013,5286,0,0.5084759135190666
TERM,5287,5375,0,0.5084759135190666
TERM,5376,5391,0,0.5084759135190666
TERM,5392,5617,0,0.5084759135190666
TERM,5618,6061,0,0.5084759135190666
TERM,6062,6389,0,0.5084759135190666
TERM,6390,6731,0,0.5084759135190666
TERM,6732,7044,0,0.5084759135190666
TERM,7045,7156,0,0.5084759135190666
TERM,7157,7616,0,0.5084759135190666
TERM,7617,7808,0,0.5084759135190666
TERM,7809,8012,0,0.5084759135190666
TERM,8013,8140,0,0.5084759135190666
TERM,8141,8421,0,0.5084759135190666
TERM,8422,8689,0,0.5084759135190666
TERM,8690,8827,0,0.5084759135190666
TERM,8828,9096,0,0.5084759135190666
TERM,9097,9115,0,0.5084759135190666
TERM,9116,9569,0,0.5084759135190666
TERM,9570,9714,0,0.5084759135190666
TERM,9715,9852,0,0.5084759135190666
TERM,9853,9873,0,0.5084759135190666
TERM,9874,10357,0,0.5084759135190666
TERM,10358,10842,0,0.5084759135190666
TERM,10843,11155,0,0.5084759135190666
TERM,11156,11266,0,0.5084759135190666
TERM,11267,11486,0,0.5084759135190666
TERM,11487,11554,0,0.5084759135190666
TERM,11555,11578,0,0.5084759135190666
TERM,11579,11648,0,0.5084759135190666
TERM,11649,12072,0,0.5084759135190666
TERM,12073,12396,0,0.5084759135190666
TERM,12397,12870,0,0.5084759135190666
TERM,12871,12927,0,0.5084759135190666
TERM,12928,13294,0,0.5084759135190666
TERM,13295,13666,0,0.5084759135190666
TERM,13667,13863,0,0.5084759135190666
