channel,start_time,stop_time,label,confidence
TERM,1,436,0,0.5446156660922612
TERM,437,695,0,0.5446156660922612
TERM,696,1031,0,0.5446156660922612
TERM,1032,1447,0,0.5446156660922612
TERM,1448,1709,0,0.5446156660922612
TERM,1710,2088,0,0.5446156660922612
TERM,2089,2244,0,0.5446156660922612
TERM,2245,2604,0,0.5446156660922612
TERM,2605,2637,0,0.5446156660922612
TERM,2638,2991,0,0.5446156660922612
TERM,2992,3012,0,0.5446156660922612
TERM,3013,3153,0,0.5446156660922612
TERM,3154,3239,0,0.5446156660922612
TERM,3240,3439,0,0.5446156660922612
TERM,3440,3735,0,0.5446156660922612
TERM,3736,4045,0,0.5446156660922612
TERM,4046,4293,0,0.5446156660922612
TERM,4294,4315,0,0.5446156660922612
TERM,4316,4326,0,0.5446156660922612
TERM,4327,4345,0,0.5446156660922612
TERM,4346,4527,0,0.5446156660922612
TERM,4528,4990,0,0.5446156660922612
TERM,4991,5356,0,0.5446156660922612
TERM,5357,5468,0,0.5446156660922612
TERM,5469,5751,0,0.5446156660922612
TERM,5752,6219,0,0.5446156660922612
TERM,6220,6542,0,0.5446156660922612
TERM,6543,6769,0,0.5446156660922612
TERM,6770,7159,0,0.5446156660922612
TERM,7160,7259,0,0.5446156660922612
TERM,7260,7591,0,0.5446156660922612
TERM,7592,7744,0,0.5446156660922612
TERM,7745,7945,0,0.5446156660922612
TERM,7946,8332,0,0.5446156660922612
TERM,8333,8760,0,0.5446156660922612
TERM,8761,9144,0,0.5446156660922612
TERM,9145,9245,0,0.5446156660922612
TERM,9246,9585,0,0.5446156660922612
TERM,9586,9638,0,0.5446156660922612
TERM,9639,9900,0,0.5446156660922612
TERM,9901,10078,0,0.5446156660922612
TERM,10079,10260,0,0.5446156660922612
TERM,10261,10650,0,0.5446156660922612
TERM,10651,10716,0,0.5446156660922612
TERM,10717,10899,0,0.5446156660922612
TERM,10900,11239,0,0.5446156660922612
TERM,11240,11312,0,0.5446156660922612
TERM,11313,11438,0,0.5446156660922612
TERM,11439,11496,0,0.5446156660922612
TERM,11497,11931,0,0.5446156660922612
TERM,11932,12085,0,0.5446156660922612
TERM,12086,12106,0,0.5446156660922612
TERM,12107,12388,0,0.5446156660922612
TERM,12389,12888,0,0.5446156660922612
TERM,12889,13200,0,0.5446156660922612
TERM,13201,13597,0,0.5446156660922612
TERM,13598,13683,0,0.5446156660922612
TERM,13684,14071,0,0.5446156660922612
TERM,14072,14158,0,0.5446156660922612
TERM,14159,14231,0,0.5446156660922612
