channel,start_time,stop_time,label,confidence
TERM,1,124,0,0.4579184064300176
TERM,125,455,0,0.4579184064300176
TERM,456,591,0,0.4579184064300176
TERM,592,853,0,0.4579184064300176
TERM,854,1019,0,0.4579184064300176
TERM,1020,1428,0,0.4579184064300176
TERM,1429,1854,0,0.4579184064300176
TERM,1855,1974,0,0.4579184064300176
TERM,1975,2221,0,0.4579184064300176
TERM,2222,2355,0,0.4579184064300176
TERM,2356,2465,0,0.4579184064300176
