channel,start_time,stop_time,label,confidence
TERM,1,198,0,0.6992711740056492
TERM,199,627,0,0.6992711740056492
TERM,628,684,0,0.6992711740056492
TERM,685,802,0,0.6992711740056492
TERM,803,1234,0,0.6992711740056492
TERM,1235,1309,0,0.6992711740056492
TERM,1310,1796,0,0.6992711740056492
TERM,1797,1883,0,0.6992711740056492
TERM,1884,2061,0,0.6992711740056492
TERM,2062,2299,0,0.6992711740056492
TERM,2300,2632,0,0.6992711740056492
TERM,2633,2906,0,0.6992711740056492
TERM,2907,2945,0,0.6992711740056492
TERM,2946,3237,0,0.6992711740056492
TERM,3238,3558,0,0.6992711740056492
TERM,3559,3627,0,0.6992711740056492
TERM,3628,3653,0,0.6992711740056492
TERM,3654,3955,0,0.6992711740056492
TERM,3956,4238,0,0.6992711740056492
TERM,4239,4618,0,0.6992711740056492
TERM,4619,4885,0,0.6992711740056492
TERM,4886,5068,0,0.6992711740056492
TERM,5069,5425,0,0.6992711740056492
TERM,5426,5541,0,0.6992711740056492
TERM,5542,5745,0,0.6992711740056492
TERM,5746,5762,0,0.6992711740056492
TERM,5763,5975,0,0.6992711740056492
TERM,5976,6329,0,0.6992711740056492
TERM,6330,6411,0,0.6992711740056492
TERM,6412,6812,0,0.6992711740056492
TERM,6813,7264,0,0.6992711740056492
TERM,7265,7705,0,0.6992711740056492
TERM,7706,8042,0,0.6992711740056492
TERM,8043,8174,0,0.6992711740056492
TERM,8175,8379,0,0.6992711740056492
TERM,8380,8474,0,0.6992711740056492
TERM,8475,8486,0,0.6992711740056492
TERM,8487,8923,0,0.6992711740056492
TERM,8924,9180,0,0.6992711740056492
TERM,9181,9486,0,0.6992711740056492
TERM,9487,9592,0,0.6992711740056492
TERM,9593,10092,0,0.6992711740056492
TERM,10093,10466,0,0.6992711740056492
TERM,10467,10589,0,0.6992711740056492
TERM,10590,11088,0,0.6992711740056492
TERM,11089,11529,0,0.6992711740056492
TERM,11530,11915,0,0.6992711740056492
TERM,11916,12146,0,0.6992711740056492
TERM,12147,12497,0,0.6992711740056492
TERM,12498,12831,0,0.6992711740056492
TERM,12832,13064,0,0.6992711740056492
TERM,13065,13485,0,0.6992711740056492
TERM,13486,13661,0,0.6992711740056492
TERM,13662,13726,0,0.6992711740056492
TERM,13727,13800,0,0.6992711740056492
TERM,13801,13873,0,0.6992711740056492
TERM,13874,14286,0,0.6992711740056492
TERM,14287,14554,0,0.6992711740056492
TERM,14555,14672,0,0.6992711740056492
TERM,14673,14694,0,0.6992711740056492
