channel,start_time,stop_time,label,confidence
TERM,1,392,0,0.618801241428206
TERM,393,580,0,0.618801241428206
TERM,581,929,0,0.618801241428206
TERM,930,991,0,0.618801241428206
TERM,992,1216,0,0.618801241428206
TERM,1217,1282,0,0.618801241428206
TERM,1283,1460,0,0.618801241428206
TERM,1461,1902,0,0.618801241428206
TERM,1903,2264,0,0.618801241428206
TERM,2265,2328,0,0.618801241428206
TERM,2329,2581,0,0.618801241428206
TERM,2582,3041,0,0.618801241428206
TERM,3042,3274,0,0.618801241428206
TERM,3275,3563,0,0.618801241428206
TERM,3564,3895,0,0.618801241428206
TERM,3896,3954,0,0.618801241428206
TERM,3955,4110,0,0.618801241428206
TERM,4111,4474,0,0.618801241428206
TERM,4475,4548,0,0.618801241428206
TERM,4549,4559,0,0.618801241428206
TERM,4560,4940,0,0.618801241428206
TERM,4941,5060,0,0.618801241428206
TERM,5061,5480,0,0.618801241428206
TERM,5481,5586,0,0.618801241428206
TERM,5587,6002,0,0.618801241428206
TERM,6003,6046,0,0.618801241428206
TERM,6047,6304,0,0.618801241428206
TERM,6305,6597,0,0.618801241428206
TERM,6598,6740,0,0.618801241428206
TERM,6741,7165,0,0.618801241428206
TERM,7166,7426,0,0.618801241428206
TERM,7427,7445,0,0.618801241428206
TERM,7446,7482,0,0.618801241428206
TERM,7483,7652,0,0.618801241428206
TERM,7653,8141,0,0.618801241428206
TERM,8142,8221,0,0.618801241428206
TERM,8222,8544,0,0.618801241428206
TERM,8545,8662,0,0.618801241428206
TERM,8663,9024,0,0.618801241428206
TERM,9025,9216,0,0.618801241428206
TERM,9217,9675,0,0.618801241428206
TERM,9676,9977,0,0.618801241428206
TERM,9978,10105,0,0.618801241428206
TERM,10106,10183,0,0.618801241428206
TERM,10184,10560,0,0.618801241428206
TERM,10561,10642,0,0.618801241428206
TERM,10643,11092,0,0.618801241428206
TERM,11093,11135,0,0.618801241428206
TERM,11136,11379,0,0.618801241428206
TERM,11380,11577,0,0.618801241428206
TERM,11578,11844,0,0.618801241428206
TERM,11845,12301,0,0.618801241428206
TERM,12302,12367,0,0.618801241428206
TERM,12368,12443,0,0.618801241428206
TERM,12444,12756,0,0.618801241428206
TERM,12757,13239,0,0.618801241428206
TERM,13240,13460,0,0.618801241428206
TERM,13461,13513,0,0.618801241428206
TERM,13514,13894,0,0.618801241428206
TERM,13895,13949,0,0.618801241428206
TERM,13950,14295,0,0.618801241428206
TERM,14296,14522,0,0.618801241428206
TERM,14523,14974,0,0.618801241428206
TERM,14975,15085,0,0.618801241428206
TERM,15086,15170,0,0.618801241428206
