channel,start_time,stop_time,label,confidence
TERM,1,94,0,0.5478409106337849
TERM,95,221,0,0.5478409106337849
TERM,222,439,0,0.5478409106337849
TERM,440,461,0,0.5478409106337849
TERM,462,512,0,0.5478409106337849
TERM,513,957,0,0.5478409106337849
TERM,958,1340,0,0.5478409106337849
TERM,1341,1834,0,0.5478409106337849
TERM,1835,1898,0,0.5478409106337849
TERM,1899,2044,0,0.5478409106337849
TERM,2045,2429,0,0.5478409106337849
TERM,2430,2691,0,0.5478409106337849
TERM,2692,2753,0,0.5478409106337849
TERM,2754,2784,0,0.5478409106337849
TERM,2785,3157,0,0.5478409106337849
TERM,3158,3287,0,0.5478409106337849
TERM,3288,3586,0,0.5478409106337849
TERM,3587,4030,0,0.5478409106337849
TERM,4031,4254,0,0.5478409106337849
TERM,4255,4458,0,0.5478409106337849
TERM,4459,4938,0,0.5478409106337849
TERM,4939,4948,0,0.5478409106337849
TERM,4949,5341,0,0.5478409106337849
TERM,5342,5811,0,0.5478409106337849
TERM,5812,6236,0,0.5478409106337849
TERM,6237,6332,0,0.5478409106337849
TERM,6333,6524,0,0.5478409106337849
TERM,6525,7008,0,0.5478409106337849
TERM,7009,7231,0,0.5478409106337849
TERM,7232,7715,0,0.5478409106337849
TERM,7716,7901,0,0.5478409106337849
TERM,7902,7993,0,0.5478409106337849
TERM,7994,8339,0,0.5478409106337849
TERM,8340,8812,0,0.5478409106337849
TERM,8813,8837,0,0.5478409106337849
TERM,8838,9064,0,0.5478409106337849
TERM,9065,9275,0,0.5478409106337849
TERM,9276,9365,0,0.5478409106337849
TERM,9366,9676,0,0.5478409106337849
TERM,9677,10158,0,0.5478409106337849
TERM,10159,10478,0,0.5478409106337849
TERM,10479,10868,0,0.5478409106337849
