channel,start_time,stop_time,label,confidence
TERM,1,408,0,0.6029578156599245
TERM,409,784,0,0.6029578156599245
TERM,785,1188,0,0.6029578156599245
TERM,1189,1468,0,0.6029578156599245
TERM,1469,1736,0,0.6029578156599245
TERM,1737,1838,0,0.6029578156599245
TERM,1839,2220,0,0.6029578156599245
TERM,2221,2423,0,0.6029578156599245
TERM,2424,2745,0,0.6029578156599245
TERM,2746,3084,0,0.6029578156599245
TERM,3085,3099,0,0.6029578156599245
TERM,3100,3349,0,0.6029578156599245
TERM,3350,3442,0,0.6029578156599245
TERM,3443,3738,0,0.6029578156599245
TERM,3739,3998,0,0.6029578156599245
TERM,3999,4071,0,0.6029578156599245
TERM,4072,4171,0,0.6029578156599245
TERM,4172,4354,0,0.6029578156599245
TERM,4355,4583,0,0.6029578156599245
TERM,4584,4789,0,0.6029578156599245
TERM,4790,4816,0,0.6029578156599245
TERM,4817,5185,0,0.6029578156599245
TERM,5186,5645,0,0.6029578156599245
TERM,5646,5897,0,0.6029578156599245
TERM,5898,5949,0,0.6029578156599245
TERM,5950,6188,0,0.6029578156599245
TERM,6189,6384,0,0.6029578156599245
TERM,6385,6516,0,0.6029578156599245
TERM,6517,6792,0,0.6029578156599245
TERM,6793,6965,0,0.6029578156599245
TERM,6966,7182,0,0.6029578156599245
TERM,7183,7536,0,0.6029578156599245
TERM,7537,7895,0,0.6029578156599245
TERM,7896,8052,0,0.6029578156599245
TERM,8053,8498,0,0.6029578156599245
TERM,8499,8911,0,0.6029578156599245
TERM,8912,9221,0,0.6029578156599245
TERM,9222,9266,0,0.6029578156599245
TERM,9267,9660,0,0.6029578156599245
TERM,9661,9903,0,0.6029578156599245
TERM,9904,10034,0,0.6029578156599245
TERM,10035,10487,0,0.6029578156599245
TERM,10488,10570,0,0.6029578156599245
TERM,10571,11019,0,0.6029578156599245
TERM,11020,11155,0,0.6029578156599245
