channel,start_time,stop_time,label,confidence
TERM,1,355,0,0.702951811248762
TERM,356,636,0,0.702951811248762
TERM,637,996,0,0.702951811248762
TERM,997,1129,0,0.702951811248762
TERM,1130,1301,0,0.702951811248762
TERM,1302,1524,0,0.702951811248762
TERM,1525,1628,0,0.702951811248762
TERM,1629,1846,0,0.702951811248762
TERM,1847,2100,0,0.702951811248762
TERM,2101,2516,0,0.702951811248762
TERM,2517,2798,0,0.702951811248762
TERM,2799,2865,0,0.702951811248762
TERM,2866,3298,0,0.702951811248762
TERM,3299,3777,0,0.702951811248762
