channel,start_time,stop_time,label,confidence
TERM,1,123,0,0.578701121347936
TERM,124,243,0,0.578701121347936
TERM,244,412,0,0.578701121347936
TERM,413,756,0,0.578701121347936
TERM,757,1039,0,0.578701121347936
TERM,1040,1407,0,0.578701121347936
TERM,1408,1591,0,0.578701121347936
TERM,1592,1646,0,0.578701121347936
TERM,1647,1856,0,0.578701121347936
TERM,1857,2023,0,0.578701121347936
TERM,2024,2380,0,0.578701121347936
TERM,2381,2527,0,0.578701121347936
TERM,2528,2959,0,0.578701121347936
TERM,2960,3418,0,0.578701121347936
TERM,3419,3449,0,0.578701121347936
TERM,3450,3711,0,0.578701121347936
TERM,3712,3841,0,0.578701121347936
TERM,3842,4036,0,0.578701121347936
TERM,4037,4167,0,0.578701121347936
TERM,4168,4298,0,0.578701121347936
TERM,4299,4483,0,0.578701121347936
TERM,4484,4784,0,0.578701121347936
TERM,4785,4997,0,0.578701121347936
TERM,4998,5494,0,0.578701121347936
TERM,5495,5518,0,0.578701121347936
TERM,5519,5574,0,0.578701121347936
TERM,5575,5850,0,0.578701121347936
TERM,5851,6317,0,0.578701121347936
TERM,6318,6337,0,0.578701121347936
TERM,6338,6707,0,0.578701121347936
TERM,6708,7030,0,0.578701121347936
TERM,7031,7147,0,0.578701121347936
TERM,7148,7188,0,0.578701121347936
TERM,7189,7228,0,0.578701121347936
TERM,7229,7675,0,0.578701121347936
TERM,7676,8082,0,0.578701121347936
TERM,8083,8305,0,0.578701121347936
TERM,8306,8698,0,0.578701121347936
TERM,8699,8863,0,0.578701121347936
TERM,8864,8995,0,0.578701121347936
TERM,8996,9266,0,0.578701121347936
TERM,9267,9303,0,0.578701121347936
TERM,9304,9577,0,0.578701121347936
TERM,9578,9703,0,0.578701121347936
TERM,9704,9788,0,0.578701121347936
TERM,9789,10169,0,0.578701121347936
TERM,10170,10278,0,0.578701121347936
TERM,10279,10392,0,0.578701121347936
TERM,10393,10808,0,0.578701121347936
TERM,10809,11067,0,0.578701121347936
TERM,11068,11277,0,0.578701121347936
TERM,11278,11633,0,0.578701121347936
