channel,start_time,stop_time,label,confidence
TERM,1,105,0,0.5606812913163582
TERM,106,411,0,0.5606812913163582
TERM,412,786,0,0.5606812913163582
TERM,787,885,0,0.5606812913163582
TERM,886,946,0,0.5606812913163582
TERM,947,1362,0,0.5606812913163582
TERM,1363,1375,0,0.5606812913163582
TERM,1376,1802,0,0.5606812913163582
TERM,1803,2289,0,0.5606812913163582
TERM,2290,2538,0,0.5606812913163582
TERM,2539,2957,0,0.5606812913163582
TERM,2958,3062,0,0.5606812913163582
TERM,3063,3297,0,0.5606812913163582
TERM,3298,3633,0,0.5606812913163582
TERM,3634,3898,0,0.5606812913163582
TERM,3899,4028,0,0.5606812913163582
TERM,4029,4305,0,0.5606812913163582
TERM,4306,4339,0,0.5606812913163582
TERM,4340,4396,0,0.5606812913163582
TERM,4397,4809,0,0.5606812913163582
TERM,4810,5260,0,0.5606812913163582
TERM,5261,5747,0,0.5606812913163582
TERM,5748,6105,0,0.5606812913163582
TERM,6106,6426,0,0.5606812913163582
TERM,6427,6900,0,0.5606812913163582
TERM,6901,7194,0,0.5606812913163582
TERM,7195,7432,0,0.5606812913163582
TERM,7433,7896,0,0.5606812913163582
TERM,7897,8002,0,0.5606812913163582
TERM,8003,8105,0,0.5606812913163582
TERM,8106,8151,0,0.5606812913163582
TERM,8152,8530,0,0.5606812913163582
TERM,8531,8875,0,0.5606812913163582
TERM,8876,9099,0,0.5606812913163582
TERM,9100,9589,0,0.5606812913163582
TERM,9590,9996,0,0.5606812913163582
TERM,9997,10384,0,0.5606812913163582
TERM,10385,10877,0,0.5606812913163582
TERM,10878,11117,0,0.5606812913163582
TERM,11118,11543,0,0.5606812913163582
TERM,11544,11739,0,0.5606812913163582
TERM,11740,11984,0,0.5606812913163582
TERM,11985,12113,0,0.5606812913163582
TERM,12114,12171,0,0.5606812913163582
TERM,12172,12654,0,0.5606812913163582
TERM,12655,12902,0,0.5606812913163582
TERM,12903,13282,0,0.5606812913163582
TERM,13283,13610,0,0.5606812913163582
