channel,start_time,stop_time,label,confidence
TERM,1,145,0,0.6580808994255929
TERM,146,308,0,0.6580808994255929
TERM,309,693,0,0.6580808994255929
TERM,694,902,0,0.6580808994255929
TERM,903,1165,0,0.6580808994255929
TERM,1166,1523,0,0.6580808994255929
TERM,1524,1986,0,0.6580808994255929
TERM,1987,2062,0,0.6580808994255929
TERM,2063,2275,0,0.6580808994255929
TERM,2276,2764,0,0.6580808994255929
TERM,2765,2977,0,0.6580808994255929
TERM,2978,3037,0,0.6580808994255929
TERM,3038,3240,0,0.6580808994255929
TERM,3241,3586,0,0.6580808994255929
TERM,3587,3955,0,0.6580808994255929
TERM,3956,4425,0,0.6580808994255929
TERM,4426,4482,0,0.6580808994255929
TERM,4483,4774,0,0.6580808994255929
TERM,4775,4893,0,0.6580808994255929
TERM,4894,5149,0,0.6580808994255929
TERM,5150,5391,0,0.6580808994255929
TERM,5392,5867,0,0.6580808994255929
TERM,5868,6162,0,0.6580808994255929
TERM,6163,6639,0,0.6580808994255929
TERM,6640,7102,0,0.6580808994255929
TERM,7103,7385,0,0.6580808994255929
TERM,7386,7441,0,0.6580808994255929
TERM,7442,7764,0,0.6580808994255929
TERM,7765,7969,0,0.6580808994255929
TERM,7970,8309,0,0.6580808994255929
TERM,8310,8548,0,0.6580808994255929
TERM,8549,8801,0,0.6580808994255929
TERM,8802,8836,0,0.6580808994255929
TERM,8837,8854,0,0.6580808994255929
TERM,8855,9156,0,0.6580808994255929
TERM,9157,9457,0,0.6580808994255929
TERM,9458,9547,0,0.6580808994255929
TERM,9548,9964,0,0.6580808994255929
TERM,9965,10153,0,0.6580808994255929
TERM,10154,10382,0,0.6580808994255929
TERM,10383,10497,0,0.6580808994255929
TERM,10498,10697,0,0.6580808994255929
TERM,10698,10746,0,0.6580808994255929
TERM,10747,10796,0,0.6580808994255929
TERM,10797,11003,0,0.6580808994255929
TERM,11004,11159,0,0.6580808994255929
TERM,11160,11561,0,0.6580808994255929
TERM,11562,11615,0,0.6580808994255929
