channel,start_time,stop_time,label,confidence
TERM,1,439,0,0.6326311241070552
TERM,440,583,0,0.6326311241070552
TERM,584,596,0,0.6326311241070552
TERM,597,687,0,0.6326311241070552
TERM,688,813,0,0.6326311241070552
TERM,814,1086,0,0.6326311241070552
TERM,1087,1272,0,0.6326311241070552
TERM,1273,1319,0,0.6326311241070552
TERM,1320,1710,0,0.6326311241070552
TERM,1711,2144,0,0.6326311241070552
TERM,2145,2417,0,0.6326311241070552
TERM,2418,2852,0,0.6326311241070552
TERM,2853,3275,0,0.6326311241070552
TERM,3276,3305,0,0.6326311241070552
