channel,start_time,stop_time,label,confidence
TERM,1,154,0,0.8119015905398426
TERM,155,521,0,0.8119015905398426
TERM,522,966,0,0.8119015905398426
TERM,967,1037,0,0.8119015905398426
TERM,1038,1175,0,0.8119015905398426
TERM,1176,1640,0,0.8119015905398426
TERM,1641,1955,0,0.8119015905398426
TERM,1956,2168,0,0.8119015905398426
TERM,2169,2501,0,0.8119015905398426
TERM,2502,2644,0,0.8119015905398426
TERM,2645,2666,0,0.8119015905398426
