channel,start_time,stop_time,label,confidence
TERM,1,153,0,0.4865502969907411
TERM,154,581,0,0.4865502969907411
TERM,582,746,0,0.4865502969907411
TERM,747,882,0,0.4865502969907411
TERM,883,1015,0,0.4865502969907411
TERM,1016,1304,0,0.4865502969907411
TERM,1305,1594,0,0.4865502969907411
TERM,1595,2049,0,0.4865502969907411
TERM,2050,2533,0,0.4865502969907411
TERM,2534,2653,0,0.4865502969907411
TERM,2654,2854,0,0.4865502969907411
TERM,2855,3270,0,0.4865502969907411
TERM,3271,3687,0,0.4865502969907411
TERM,3688,4085,0,0.4865502969907411
TERM,4086,4569,0,0.4865502969907411
TERM,4570,4887,0,0.4865502969907411
TERM,4888,5081,0,0.4865502969907411
TERM,5082,5375,0,0.4865502969907411
TERM,5376,5455,0,0.4865502969907411
TERM,5456,5689,0,0.4865502969907411
TERM,5690,5878,0,0.4865502969907411
TERM,5879,6229,0,0.4865502969907411
TERM,6230,6434,0,0.4865502969907411
TERM,6435,6695,0,0.4865502969907411
TERM,6696,7005,0,0.4865502969907411
TERM,7006,7109,0,0.4865502969907411
TERM,7110,7578,0,0.4865502969907411
TERM,7579,8008,0,0.4865502969907411
TERM,8009,8464,0,0.4865502969907411
TERM,8465,8586,0,0.4865502969907411
TERM,8587,8925,0,0.4865502969907411
TERM,8926,9109,0,0.4865502969907411
TERM,9110,9123,0,0.4865502969907411
TERM,9124,9233,0,0.4865502969907411
TERM,9234,9510,0,0.4865502969907411
TERM,9511,9634,0,0.4865502969907411
