channel,start_time,stop_time,label,confidence
TERM,1,195,0,0.7074849157130425
TERM,196,288,0,0.7074849157130425
TERM,289,714,0,0.7074849157130425
TERM,715,842,0,0.7074849157130425
TERM,843,1281,0,0.7074849157130425
TERM,1282,1365,0,0.7074849157130425
TERM,1366,1583,0,0.7074849157130425
TERM,1584,1795,0,0.7074849157130425
TERM,1796,1873,0,0.7074849157130425
TERM,1874,2000,0,0.7074849157130425
TERM,2001,2161,0,0.7074849157130425
