channel,start_time,stop_time,label,confidence
TERM,1,177,0,0.6545251861155335
TERM,178,629,0,0.6545251861155335
TERM,630,702,0,0.6545251861155335
TERM,703,984,0,0.6545251861155335
TERM,985,1033,0,0.6545251861155335
TERM,1034,1315,0,0.6545251861155335
TERM,1316,1689,0,0.6545251861155335
TERM,1690,2031,0,0.6545251861155335
TERM,2032,2390,0,0.6545251861155335
TERM,2391,2847,0,0.6545251861155335
TERM,2848,3023,0,0.6545251861155335
TERM,3024,3488,0,0.6545251861155335
TERM,3489,3937,0,0.6545251861155335
TERM,3938,3982,0,0.6545251861155335
TERM,3983,4478,0,0.6545251861155335
TERM,4479,4823,0,0.6545251861155335
TERM,4824,4986,0,0.6545251861155335
TERM,4987,5320,0,0.6545251861155335
TERM,5321,5640,0,0.6545251861155335
TERM,5641,6022,0,0.6545251861155335
TERM,6023,6099,0,0.6545251861155335
TERM,6100,6161,0,0.6545251861155335
TERM,6162,6563,0,0.6545251861155335
TERM,6564,6981,0,0.6545251861155335
TERM,6982,7370,0,0.6545251861155335
TERM,7371,7779,0,0.6545251861155335
TERM,7780,8193,0,0.6545251861155335
TERM,8194,8210,0,0.6545251861155335
TERM,8211,8652,0,0.6545251861155335
TERM,8653,8860,0,0.6545251861155335
TERM,8861,9073,0,0.6545251861155335
TERM,9074,9192,0,0.6545251861155335
TERM,9193,9562,0,0.6545251861155335
TERM,9563,10009,0,0.6545251861155335
TERM,10010,10411,0,0.6545251861155335
TERM,10412,10648,0,0.6545251861155335
TERM,10649,11083,0,0.6545251861155335
TERM,11084,11285,0,0.6545251861155335
TERM,11286,11305,0,0.6545251861155335
TERM,11306,11603,0,0.6545251861155335
TERM,11604,11878,0,0.6545251861155335
TERM,11879,12272,0,0.6545251861155335
TERM,12273,12480,0,0.6545251861155335
TERM,12481,12589,0,0.6545251861155335
TERM,12590,12618,0,0.6545251861155335
TERM,12619,12645,0,0.6545251861155335
TERM,12646,13057,0,0.6545251861155335
TERM,13058,13429,0,0.6545251861155335
TERM,13430,13816,0,0.6545251861155335
TERM,13817,13907,0,0.6545251861155335
TERM,13908,13970,0,0.6545251861155335
TERM,13971,14125,0,0.6545251861155335
TERM,14126,14614,0,0.6545251861155335
TERM,14615,14926,0,0.6545251861155335
TERM,14927,14984,0,0.6545251861155335
