channel,start_time,stop_time,label,confidence
TERM,1,107,0,0.5483083524861344
TERM,108,241,0,0.5483083524861344
TERM,242,667,0,0.5483083524861344
TERM,668,892,0,0.5483083524861344
TERM,893,1233,0,0.5483083524861344
TERM,1234,1521,0,0.5483083524861344
TERM,1522,1871,0,0.5483083524861344
TERM,1872,2243,0,0.5483083524861344
TERM,2244,2674,0,0.5483083524861344
TERM,2675,3032,0,0.5483083524861344
TERM,3033,3396,0,0.5483083524861344
TERM,3397,3796,0,0.5483083524861344
TERM,3797,3934,0,0.5483083524861344
TERM,3935,4395,0,0.5483083524861344
TERM,4396,4493,0,0.5483083524861344
TERM,4494,4670,0,0.5483083524861344
TERM,4671,4740,0,0.5483083524861344
TERM,4741,5082,0,0.5483083524861344
TERM,5083,5302,0,0.5483083524861344
TERM,5303,5800,0,0.5483083524861344
TERM,5801,5860,0,0.5483083524861344
TERM,5861,5994,0,0.5483083524861344
TERM,5995,6047,0,0.5483083524861344
TERM,6048,6184,0,0.5483083524861344
TERM,6185,6280,0,0.5483083524861344
TERM,6281,6663,0,0.5483083524861344
TERM,6664,6687,0,0.5483083524861344
TERM,6688,7160,0,0.5483083524861344
TERM,7161,7241,0,0.5483083524861344
TERM,7242,7292,0,0.5483083524861344
TERM,7293,7732,0,0.5483083524861344
TERM,7733,7971,0,0.5483083524861344
TERM,7972,8148,0,0.5483083524861344
TERM,8149,8488,0,0.5483083524861344
TERM,8489,8730,0,0.5483083524861344
TERM,8731,8749,0,0.5483083524861344
TERM,8750,9229,0,0.5483083524861344
TERM,9230,9556,0,0.5483083524861344
TERM,9557,9789,0,0.5483083524861344
TERM,9790,9900,0,0.5483083524861344
TERM,9901,10197,0,0.5483083524861344
TERM,10198,10435,0,0.5483083524861344
TERM,10436,10776,0,0.5483083524861344
TERM,10777,10894,0,0.5483083524861344
TERM,10895,11085,0,0.5483083524861344
TERM,11086,11297,0,0.5483083524861344
TERM,11298,11695,0,0.5483083524861344
TERM,11696,11730,0,0.5483083524861344
TERM,11731,12086,0,0.5483083524861344
TERM,12087,12169,0,0.5483083524861344
TERM,12170,12434,0,0.5483083524861344
TERM,12435,12506,0,0.5483083524861344
TERM,12507,12658,0,0.5483083524861344
TERM,12659,12847,0,0.5483083524861344
TERM,12848,13262,0,0.5483083524861344
TERM,13263,13546,0,0.5483083524861344
TERM,13547,13578,0,0.5483083524861344
TERM,13579,13949,0,0.5483083524861344
TERM,13950,14095,0,0.5483083524861344
TERM,14096,14247,0,0.5483083524861344
