channel,start_time,stop_time,label,confidence
TERM,1,74,0,0.653141060251033
TERM,75,324,0,0.653141060251033
TERM,325,698,0,0.653141060251033
TERM,699,913,0,0.653141060251033
TERM,914,1181,0,0.653141060251033
TERM,1182,1584,0,0.653141060251033
TERM,1585,2072,0,0.653141060251033
TERM,2073,2311,0,0.653141060251033
TERM,2312,2498,0,0.653141060251033
TERM,2499,2626,0,0.653141060251033
TERM,2627,2857,0,0.653141060251033
TERM,2858,3173,0,0.653141060251033
TERM,3174,3521,0,0.653141060251033
TERM,3522,3772,0,0.653141060251033
TERM,3773,3869,0,0.653141060251033
TERM,3870,4364,0,0.653141060251033
TERM,4365,4451,0,0.653141060251033
TERM,4452,4498,0,0.653141060251033
TERM,4499,4977,0,0.653141060251033
TERM,4978,5234,0,0.653141060251033
TERM,5235,5507,0,0.653141060251033
TERM,5508,5894,0,0.653141060251033
TERM,5895,6328,0,0.653141060251033
TERM,6329,6391,0,0.653141060251033
TERM,6392,6816,0,0.653141060251033
TERM,6817,7283,0,0.653141060251033
TERM,7284,7510,0,0.653141060251033
TERM,7511,7888,0,0.653141060251033
TERM,7889,8075,0,0.653141060251033
TERM,8076,8454,0,0.653141060251033
TERM,8455,8608,0,0.653141060251033
TERM,8609,8850,0,0.653141060251033
TERM,8851,8954,0,0.653141060251033
TERM,8955,9237,0,0.653141060251033
TERM,9238,9411,0,0.653141060251033
TERM,9412,9743,0,0.653141060251033
TERM,9744,10201,0,0.653141060251033
TERM,10202,10575,0,0.653141060251033
TERM,10576,10686,0,0.653141060251033
TERM,10687,10776,0,0.653141060251033
TERM,10777,10867,0,0.653141060251033
TERM,10868,11281,0,0.653141060251033
TERM,11282,11730,0,0.653141060251033
TERM,11731,11918,0,0.653141060251033
TERM,11919,12299,0,0.653141060251033
TERM,12300,12429,0,0.653141060251033
TERM,12430,12643,0,0.653141060251033
TERM,12644,12904,0,0.653141060251033
TERM,12905,12986,0,0.653141060251033
TERM,12987,13147,0,0.653141060251033
TERM,13148,13331,0,0.653141060251033
TERM,13332,13358,0,0.653141060251033
TERM,13359,13726,0,0.653141060251033
TERM,13727,13753,0,0.653141060251033
TERM,13754,13923,0,0.653141060251033
TERM,13924,14393,0,0.653141060251033
TERM,14394,14650,0,0.653141060251033
TERM,14651,14746,0,0.653141060251033
TERM,14747,14952,0,0.653141060251033
TERM,14953,15112,0,0.653141060251033
TERM,15113,15604,0,0.653141060251033
TERM,15605,15935,0,0.653141060251033
TERM,15936,16092,0,0.653141060251033
TERM,16093,16505,0,0.653141060251033
TERM,16506,16605,0,0.653141060251033
