channel,start_time,stop_time,label,confidence
TERM,1,281,0,0.5668427716114095
TERM,282,534,0,0.5668427716114095
TERM,535,640,0,0.5668427716114095
TERM,641,673,0,0.5668427716114095
TERM,674,749,0,0.5668427716114095
TERM,750,963,0,0.5668427716114095
TERM,964,1187,0,0.5668427716114095
TERM,1188,1451,0,0.5668427716114095
TERM,1452,1819,0,0.5668427716114095
TERM,1820,2055,0,0.5668427716114095
TERM,2056,2122,0,0.5668427716114095
TERM,2123,2313,0,0.5668427716114095
TERM,2314,2371,0,0.5668427716114095
TERM,2372,2390,0,0.5668427716114095
TERM,2391,2690,0,0.5668427716114095
TERM,2691,3188,0,0.5668427716114095
TERM,3189,3467,0,0.5668427716114095
TERM,3468,3526,0,0.5668427716114095
TERM,3527,3621,0,0.5668427716114095
TERM,3622,3702,0,0.5668427716114095
TERM,3703,3997,0,0.5668427716114095
TERM,3998,4360,0,0.5668427716114095
TERM,4361,4741,0,0.5668427716114095
TERM,4742,5036,0,0.5668427716114095
TERM,5037,5449,0,0.5668427716114095
TERM,5450,5928,0,0.5668427716114095
TERM,5929,5985,0,0.5668427716114095
TERM,5986,6419,0,0.5668427716114095
TERM,6420,6808,0,0.5668427716114095
TERM,6809,7053,0,0.5668427716114095
TERM,7054,7200,0,0.5668427716114095
TERM,7201,7546,0,0.5668427716114095
TERM,7547,7854,0,0.5668427716114095
TERM,7855,8004,0,0.5668427716114095
TERM,8005,8446,0,0.5668427716114095
TERM,8447,8888,0,0.5668427716114095
TERM,8889,8919,0,0.5668427716114095
TERM,8920,9409,0,0.5668427716114095
TERM,9410,9859,0,0.5668427716114095
TERM,9860,10028,0,0.5668427716114095
TERM,10029,10086,0,0.5668427716114095
TERM,10087,10348,0,0.5668427716114095
TERM,10349,10675,0,0.5668427716114095
TERM,10676,11175,0,0.5668427716114095
TERM,11176,11633,0,0.5668427716114095
TERM,11634,11733,0,0.5668427716114095
TERM,11734,12048,0,0.5668427716114095
TERM,12049,12186,0,0.5668427716114095
TERM,12187,12680,0,0.5668427716114095
TERM,12681,12802,0,0.5668427716114095
TERM,12803,13112,0,0.5668427716114095
TERM,13113,13565,0,0.5668427716114095
TERM,13566,13887,0,0.5668427716114095
TERM,13888,14090,0,0.5668427716114095
TERM,14091,14308,0,0.5668427716114095
TERM,14309,14469,0,0.5668427716114095
TERM,14470,14784,0,0.5668427716114095
TERM,14785,15136,0,0.5668427716114095
TERM,15137,15498,0,0.5668427716114095
TERM,15499,15885,0,0.5668427716114095
TERM,15886,16295,0,0.5668427716114095
TERM,16296,16529,0,0.5668427716114095
TERM,16530,16949,0,0.5668427716114095
TERM,16950,17114,0,0.5668427716114095
TERM,17115,17248,0,0.5668427716114095
TERM,17249,17379,0,0.5668427716114095
