channel,start_time,stop_time,label,confidence
TERM,1,98,0,0.6087024021808128
TERM,99,457,0,0.6087024021808128
TERM,458,555,0,0.6087024021808128
TERM,556,1029,0,0.6087024021808128
TERM,1030,1148,0,0.6087024021808128
TERM,1149,1621,0,0.6087024021808128
TERM,1622,1915,0,0.6087024021808128
TERM,1916,1927,0,0.6087024021808128
TERM,1928,2118,0,0.6087024021808128
TERM,2119,2157,0,0.6087024021808128
TERM,2158,2226,0,0.6087024021808128
TERM,2227,2658,0,0.6087024021808128
TERM,2659,2799,0,0.6087024021808128
TERM,2800,3280,0,0.6087024021808128
TERM,3281,3712,0,0.6087024021808128
TERM,3713,4001,0,0.6087024021808128
TERM,4002,4042,0,0.6087024021808128
TERM,4043,4063,0,0.6087024021808128
TERM,4064,4469,0,0.6087024021808128
TERM,4470,4700,0,0.6087024021808128
TERM,4701,4884,0,0.6087024021808128
TERM,4885,4900,0,0.6087024021808128
TERM,4901,5308,0,0.6087024021808128
TERM,5309,5488,0,0.6087024021808128
TERM,5489,5755,0,0.6087024021808128
TERM,5756,5803,0,0.6087024021808128
TERM,5804,5829,0,0.6087024021808128
TERM,5830,5931,0,0.6087024021808128
TERM,5932,6060,0,0.6087024021808128
TERM,6061,6297,0,0.6087024021808128
TERM,6298,6425,0,0.6087024021808128
TERM,6426,6476,0,0.6087024021808128
TERM,6477,6559,0,0.6087024021808128
TERM,6560,6845,0,0.6087024021808128
TERM,6846,7307,0,0.6087024021808128
TERM,7308,7691,0,0.6087024021808128
TERM,7692,7778,0,0.6087024021808128
TERM,7779,8152,0,0.6087024021808128
TERM,8153,8585,0,0.6087024021808128
TERM,8586,8626,0,0.6087024021808128
TERM,8627,9084,0,0.6087024021808128
TERM,9085,9106,0,0.6087024021808128
TERM,9107,9336,0,0.6087024021808128
TERM,9337,9384,0,0.6087024021808128
TERM,9385,9675,0,0.6087024021808128
TERM,9676,9717,0,0.6087024021808128
TERM,9718,9900,0,0.6087024021808128
TERM,9901,10381,0,0.6087024021808128
TERM,10382,10797,0,0.6087024021808128
TERM,10798,11137,0,0.6087024021808128
TERM,11138,11281,0,0.6087024021808128
TERM,11282,11622,0,0.6087024021808128
TERM,11623,11903,0,0.6087024021808128
TERM,11904,12370,0,0.6087024021808128
TERM,12371,12813,0,0.6087024021808128
