channel,start_time,stop_time,label,confidence
TERM,1,447,0,0.7890409581089698
TERM,448,750,0,0.7890409581089698
TERM,751,920,0,0.7890409581089698
TERM,921,1375,0,0.7890409581089698
TERM,1376,1592,0,0.7890409581089698
TERM,1593,1792,0,0.7890409581089698
TERM,1793,2052,0,0.7890409581089698
TERM,2053,2331,0,0.7890409581089698
TERM,2332,2826,0,0.7890409581089698
TERM,2827,3129,0,0.7890409581089698
TERM,3130,3200,0,0.7890409581089698
TERM,3201,3624,0,0.7890409581089698
TERM,3625,4038,0,0.7890409581089698
TERM,4039,4276,0,0.7890409581089698
TERM,4277,4352,0,0.7890409581089698
TERM,4353,4804,0,0.7890409581089698
TERM,4805,4856,0,0.7890409581089698
TERM,4857,5332,0,0.7890409581089698
TERM,5333,5606,0,0.7890409581089698
TERM,5607,5744,0,0.7890409581089698
TERM,5745,5790,0,0.7890409581089698
TERM,5791,6081,0,0.7890409581089698
TERM,6082,6474,0,0.7890409581089698
TERM,6475,6644,0,0.7890409581089698
TERM,6645,6813,0,0.7890409581089698
TERM,6814,7010,0,0.7890409581089698
TERM,7011,7243,0,0.7890409581089698
TERM,7244,7596,0,0.7890409581089698
TERM,7597,7941,0,0.7890409581089698
TERM,7942,8144,0,0.7890409581089698
TERM,8145,8545,0,0.7890409581089698
TERM,8546,8609,0,0.7890409581089698
TERM,8610,9043,0,0.7890409581089698
TERM,9044,9512,0,0.7890409581089698
TERM,9513,9857,0,0.7890409581089698
TERM,9858,10317,0,0.7890409581089698
TERM,10318,10556,0,0.7890409581089698
TERM,10557,10643,0,0.7890409581089698
TERM,10644,10928,0,0.7890409581089698
TERM,10929,11006,0,0.7890409581089698
TERM,11007,11035,0,0.7890409581089698
TERM,11036,11162,0,0.7890409581089698
TERM,11163,11255,0,0.7890409581089698
TERM,11256,11714,0,0.7890409581089698
TERM,11715,12002,0,0.7890409581089698
TERM,12003,12498,0,0.7890409581089698
TERM,12499,12720,0,0.7890409581089698
TERM,12721,13113,0,0.7890409581089698
