channel,start_time,stop_time,label,confidence
TERM,1,262,0,0.7636335784939736
TERM,263,358,0,0.7636335784939736
TERM,359,781,0,0.7636335784939736
TERM,782,794,0,0.7636335784939736
TERM,795,1231,0,0.7636335784939736
TERM,1232,1566,0,0.7636335784939736
TERM,1567,1669,0,0.7636335784939736
TERM,1670,1909,0,0.7636335784939736
TERM,1910,2268,0,0.7636335784939736
TERM,2269,2621,0,0.7636335784939736
TERM,2622,2854,0,0.7636335784939736
TERM,2855,3302,0,0.7636335784939736
TERM,3303,3352,0,0.7636335784939736
TERM,3353,3738,0,0.7636335784939736
TERM,3739,3877,0,0.7636335784939736
TERM,3878,4295,0,0.7636335784939736
TERM,4296,4559,0,0.7636335784939736
TERM,4560,4932,0,0.7636335784939736
TERM,4933,5202,0,0.7636335784939736
TERM,5203,5461,0,0.7636335784939736
TERM,5462,5772,0,0.7636335784939736
TERM,5773,6224,0,0.7636335784939736
TERM,6225,6589,0,0.7636335784939736
TERM,6590,6673,0,0.7636335784939736
TERM,6674,6826,0,0.7636335784939736
TERM,6827,6852,0,0.7636335784939736
TERM,6853,7277,0,0.7636335784939736
TERM,7278,7681,0,0.7636335784939736
TERM,7682,7974,0,0.7636335784939736
TERM,7975,8142,0,0.7636335784939736
TERM,8143,8636,0,0.7636335784939736
TERM,8637,8863,0,0.7636335784939736
TERM,8864,9220,0,0.7636335784939736
TERM,9221,9667,0,0.7636335784939736
TERM,9668,10077,0,0.7636335784939736
TERM,10078,10480,0,0.7636335784939736
TERM,10481,10797,0,0.7636335784939736
TERM,10798,10841,0,0.7636335784939736
TERM,10842,11128,0,0.7636335784939736
TERM,11129,11374,0,0.7636335784939736
TERM,11375,11402,0,0.7636335784939736
TERM,11403,11691,0,0.7636335784939736
TERM,11692,12110,0,0.7636335784939736
TERM,12111,12374,0,0.7636335784939736
TERM,12375,12738,0,0.7636335784939736
TERM,12739,13119,0,0.7636335784939736
TERM,13120,13599,0,0.7636335784939736
TERM,13600,13861,0,0.7636335784939736
TERM,13862,14230,0,0.7636335784939736
TERM,14231,14670,0,0.7636335784939736
TERM,14671,15026,0,0.7636335784939736
TERM,15027,15168,0,0.7636335784939736
TERM,15169,15541,0,0.7636335784939736
TERM,15542,15896,0,0.7636335784939736
TERM,15897,16101,0,0.7636335784939736
TERM,16102,16456,0,0.7636335784939736
