channel,start_time,stop_time,label,confidence
TERM,1,484,0,0.7278296232175383
TERM,485,589,0,0.7278296232175383
TERM,590,1089,0,0.7278296232175383
TERM,1090,1549,0,0.7278296232175383
TERM,1550,1839,0,0.7278296232175383
TERM,1840,2115,0,0.7278296232175383
TERM,2116,2591,0,0.7278296232175383
TERM,2592,2665,0,0.7278296232175383
TERM,2666,3073,0,0.7278296232175383
TERM,3074,3155,0,0.7278296232175383
TERM,3156,3581,0,0.7278296232175383
TERM,3582,3984,0,0.7278296232175383
TERM,3985,4206,0,0.7278296232175383
TERM,4207,4685,0,0.7278296232175383
TERM,4686,5060,0,0.7278296232175383
TERM,5061,5071,0,0.7278296232175383
TERM,5072,5162,0,0.7278296232175383
TERM,5163,5622,0,0.7278296232175383
TERM,5623,5988,0,0.7278296232175383
TERM,5989,6250,0,0.7278296232175383
TERM,6251,6317,0,0.7278296232175383
TERM,6318,6422,0,0.7278296232175383
TERM,6423,6670,0,0.7278296232175383
TERM,6671,6932,0,0.7278296232175383
TERM,6933,7381,0,0.7278296232175383
TERM,7382,7674,0,0.7278296232175383
TERM,7675,8021,0,0.7278296232175383
TERM,8022,8162,0,0.7278296232175383
TERM,8163,8246,0,0.7278296232175383
TERM,8247,8531,0,0.7278296232175383
TERM,8532,8562,0,0.7278296232175383
TERM,8563,8826,0,0.7278296232175383
TERM,8827,9230,0,0.7278296232175383
TERM,9231,9409,0,0.7278296232175383
TERM,9410,9677,0,0.7278296232175383
TERM,9678,9936,0,0.7278296232175383
TERM,9937,10077,0,0.7278296232175383
TERM,10078,10539,0,0.7278296232175383
TERM,10540,10828,0,0.7278296232175383
TERM,10829,11041,0,0.7278296232175383
TERM,11042,11490,0,0.7278296232175383
TERM,11491,11740,0,0.7278296232175383
TERM,11741,12157,0,0.7278296232175383
TERM,12158,12652,0,0.7278296232175383
TERM,12653,12965,0,0.7278296232175383
TERM,12966,13267,0,0.7278296232175383
TERM,13268,13561,0,0.7278296232175383
TERM,13562,13794,0,0.7278296232175383
TERM,13795,13864,0,0.7278296232175383
TERM,13865,14337,0,0.7278296232175383
TERM,14338,14437,0,0.7278296232175383
TERM,14438,14900,0,0.7278296232175383
