channel,start_time,stop_time,label,confidence
TERM,1,10,0,0.476749085203568
TERM,11,466,0,0.476749085203568
TERM,467,847,0,0.476749085203568
TERM,848,1060,0,0.476749085203568
TERM,1061,1095,0,0.476749085203568
TERM,1096,1526,0,0.476749085203568
TERM,1527,1663,0,0.476749085203568
TERM,1664,2088,0,0.476749085203568
TERM,2089,2397,0,0.476749085203568
TERM,2398,2858,0,0.476749085203568
TERM,2859,3238,0,0.476749085203568
TERM,3239,3317,0,0.476749085203568
TERM,3318,3381,0,0.476749085203568
TERM,3382,3636,0,0.476749085203568
TERM,3637,3658,0,0.476749085203568
TERM,3659,3937,0,0.476749085203568
