channel,start_time,stop_time,label,confidence
TERM,1,469,0,0.5910621530397888
TERM,470,693,0,0.5910621530397888
TERM,694,961,0,0.5910621530397888
TERM,962,1376,0,0.5910621530397888
TERM,1377,1389,0,0.5910621530397888
TERM,1390,1876,0,0.5910621530397888
TERM,1877,1893,0,0.5910621530397888
TERM,1894,2302,0,0.5910621530397888
TERM,2303,2733,0,0.5910621530397888
TERM,2734,3046,0,0.5910621530397888
TERM,3047,3098,0,0.5910621530397888
TERM,3099,3245,0,0.5910621530397888
TERM,3246,3470,0,0.5910621530397888
TERM,3471,3874,0,0.5910621530397888
TERM,3875,3972,0,0.5910621530397888
TERM,3973,4360,0,0.5910621530397888
TERM,4361,4693,0,0.5910621530397888
TERM,4694,4788,0,0.5910621530397888
TERM,4789,4838,0,0.5910621530397888
TERM,4839,5101,0,0.5910621530397888
TERM,5102,5526,0,0.5910621530397888
TERM,5527,5900,0,0.5910621530397888
TERM,5901,6154,0,0.5910621530397888
TERM,6155,6444,0,0.5910621530397888
TERM,6445,6934,0,0.5910621530397888
TERM,6935,7247,0,0.5910621530397888
TERM,7248,7682,0,0.5910621530397888
TERM,7683,8022,0,0.5910621530397888
TERM,8023,8185,0,0.5910621530397888
TERM,8186,8461,0,0.5910621530397888
TERM,8462,8642,0,0.5910621530397888
TERM,8643,8965,0,0.5910621530397888
TERM,8966,9273,0,0.5910621530397888
TERM,9274,9300,0,0.5910621530397888
TERM,9301,9519,0,0.5910621530397888
TERM,9520,9957,0,0.5910621530397888
TERM,9958,10338,0,0.5910621530397888
TERM,10339,10518,0,0.5910621530397888
TERM,10519,10865,0,0.5910621530397888
TERM,10866,11138,0,0.5910621530397888
TERM,11139,11616,0,0.5910621530397888
TERM,11617,11802,0,0.5910621530397888
TERM,11803,12075,0,0.5910621530397888
TERM,12076,12521,0,0.5910621530397888
TERM,12522,12897,0,0.5910621530397888
TERM,12898,13225,0,0.5910621530397888
TERM,13226,13307,0,0.5910621530397888
TERM,13308,13728,0,0.5910621530397888
TERM,13729,13963,0,0.5910621530397888
TERM,13964,14351,0,0.5910621530397888
TERM,14352,14637,0,0.5910621530397888
TERM,14638,14808,0,0.5910621530397888
