channel,start_time,stop_time,label,confidence
TERM,1,63,0,0.7181568561815215
TERM,64,218,0,0.7181568561815215
TERM,219,563,0,0.7181568561815215
TERM,564,855,0,0.7181568561815215
TERM,856,1046,0,0.7181568561815215
TERM,1047,1439,0,0.7181568561815215
TERM,1440,1607,0,0.7181568561815215
TERM,1608,1933,0,0.7181568561815215
TERM,1934,2388,0,0.7181568561815215
TERM,2389,2464,0,0.7181568561815215
TERM,2465,2669,0,0.7181568561815215
TERM,2670,2806,0,0.7181568561815215
