channel,start_time,stop_time,label,confidence
TERM,1,442,0,0.6285036435455709
TERM,443,694,0,0.6285036435455709
TERM,695,891,0,0.6285036435455709
TERM,892,1057,0,0.6285036435455709
TERM,1058,1476,0,0.6285036435455709
TERM,1477,1524,0,0.6285036435455709
TERM,1525,1639,0,0.6285036435455709
TERM,1640,1743,0,0.6285036435455709
TERM,1744,1861,0,0.6285036435455709
TERM,1862,2087,0,0.6285036435455709
TERM,2088,2568,0,0.6285036435455709
TERM,2569,3062,0,0.6285036435455709
