channel,start_time,stop_time,label,confidence
TERM,1,116,0,0.5919588448395068
TERM,117,301,0,0.5919588448395068
TERM,302,598,0,0.5919588448395068
TERM,599,790,0,0.5919588448395068
TERM,791,929,0,0.5919588448395068
TERM,930,1422,0,0.5919588448395068
TERM,1423,1656,0,0.5919588448395068
TERM,1657,1843,0,0.5919588448395068
TERM,1844,2189,0,0.5919588448395068
TERM,2190,2280,0,0.5919588448395068
TERM,2281,2681,0,0.5919588448395068
TERM,2682,2879,0,0.5919588448395068
TERM,2880,3326,0,0.5919588448395068
TERM,3327,3518,0,0.5919588448395068
TERM,3519,3915,0,0.5919588448395068
TERM,3916,4169,0,0.5919588448395068
TERM,4170,4242,0,0.5919588448395068
TERM,4243,4444,0,0.5919588448395068
TERM,4445,4561,0,0.5919588448395068
TERM,4562,4769,0,0.5919588448395068
TERM,4770,4955,0,0.5919588448395068
TERM,4956,5002,0,0.5919588448395068
TERM,5003,5461,0,0.5919588448395068
TERM,5462,5598,0,0.5919588448395068
TERM,5599,5850,0,0.5919588448395068
TERM,5851,6323,0,0.5919588448395068
TERM,6324,6421,0,0.5919588448395068
TERM,6422,6764,0,0.5919588448395068
TERM,6765,7154,0,0.5919588448395068
TERM,7155,7372,0,0.5919588448395068
TERM,7373,7467,0,0.5919588448395068
TERM,7468,7897,0,0.5919588448395068
TERM,7898,8249,0,0.5919588448395068
TERM,8250,8561,0,0.5919588448395068
TERM,8562,8579,0,0.5919588448395068
TERM,8580,9011,0,0.5919588448395068
TERM,9012,9221,0,0.5919588448395068
TERM,9222,9428,0,0.5919588448395068
TERM,9429,9842,0,0.5919588448395068
TERM,9843,10327,0,0.5919588448395068
TERM,10328,10506,0,0.5919588448395068
TERM,10507,10813,0,0.5919588448395068
TERM,10814,11097,0,0.5919588448395068
TERM,11098,11257,0,0.5919588448395068
TERM,11258,11388,0,0.5919588448395068
TERM,11389,11820,0,0.5919588448395068
TERM,11821,11975,0,0.5919588448395068
TERM,11976,12369,0,0.5919588448395068
