channel,start_time,stop_time,label,confidence
TERM,1,338,0,0.287985807074854
TERM,339,531,0,0.287985807074854
TERM,532,802,0,0.287985807074854
TERM,803,1288,0,0.287985807074854
TERM,1289,1501,0,0.287985807074854
TERM,1502,1847,0,0.287985807074854
TERM,1848,2234,0,0.287985807074854
TERM,2235,2274,0,0.287985807074854
TERM,2275,2580,0,0.287985807074854
TERM,2581,2960,0,0.287985807074854
TERM,2961,3151,0,0.287985807074854
