channel,start_time,stop_time,label,confidence
TERM,1,152,0,0.7262383355943323
TERM,153,556,0,0.7262383355943323
TERM,557,721,0,0.7262383355943323
TERM,722,1147,0,0.7262383355943323
TERM,1148,1473,0,0.7262383355943323
TERM,1474,1839,0,0.7262383355943323
TERM,1840,2022,0,0.7262383355943323
TERM,2023,2174,0,0.7262383355943323
TERM,2175,2523,0,0.7262383355943323
TERM,2524,2549,0,0.7262383355943323
TERM,2550,2762,0,0.7262383355943323
TERM,2763,3106,0,0.7262383355943323
TERM,3107,3452,0,0.7262383355943323
TERM,3453,3553,0,0.7262383355943323
TERM,3554,3649,0,0.7262383355943323
TERM,3650,3743,0,0.7262383355943323
TERM,3744,3839,0,0.7262383355943323
TERM,3840,4154,0,0.7262383355943323
TERM,4155,4551,0,0.7262383355943323
TERM,4552,4564,0,0.7262383355943323
TERM,4565,4897,0,0.7262383355943323
TERM,4898,5314,0,0.7262383355943323
TERM,5315,5453,0,0.7262383355943323
TERM,5454,5847,0,0.7262383355943323
TERM,5848,5925,0,0.7262383355943323
TERM,5926,6120,0,0.7262383355943323
TERM,6121,6605,0,0.7262383355943323
TERM,6606,6703,0,0.7262383355943323
TERM,6704,6922,0,0.7262383355943323
TERM,6923,7236,0,0.7262383355943323
TERM,7237,7695,0,0.7262383355943323
TERM,7696,8062,0,0.7262383355943323
TERM,8063,8449,0,0.7262383355943323
