channel,start_time,stop_time,label,confidence
TERM,1,272,0,0.4313154106971497
TERM,273,603,0,0.4313154106971497
TERM,604,1011,0,0.4313154106971497
TERM,1012,1246,0,0.4313154106971497
TERM,1247,1504,0,0.4313154106971497
TERM,1505,1693,0,0.4313154106971497
TERM,1694,1958,0,0.4313154106971497
TERM,1959,2280,0,0.4313154106971497
TERM,2281,2500,0,0.4313154106971497
TERM,2501,2951,0,0.4313154106971497
TERM,2952,3068,0,0.4313154106971497
TERM,3069,3164,0,0.4313154106971497
TERM,3165,3406,0,0.4313154106971497
TERM,3407,3503,0,0.4313154106971497
TERM,3504,3625,0,0.4313154106971497
TERM,3626,4036,0,0.4313154106971497
TERM,4037,4246,0,0.4313154106971497
TERM,4247,4449,0,0.4313154106971497
TERM,4450,4522,0,0.4313154106971497
TERM,4523,4635,0,0.4313154106971497
TERM,4636,5075,0,0.4313154106971497
TERM,5076,5100,0,0.4313154106971497
TERM,5101,5559,0,0.4313154106971497
TERM,5560,5642,0,0.4313154106971497
TERM,5643,5684,0,0.4313154106971497
TERM,5685,6055,0,0.4313154106971497
TERM,6056,6492,0,0.4313154106971497
TERM,6493,6680,0,0.4313154106971497
TERM,6681,6893,0,0.4313154106971497
TERM,6894,6935,0,0.4313154106971497
TERM,6936,7260,0,0.4313154106971497
TERM,7261,7586,0,0.4313154106971497
TERM,7587,7729,0,0.4313154106971497
