channel,start_time,stop_time,label,confidence
TERM,1,120,0,0.7356085935509022
TERM,121,492,0,0.7356085935509022
TERM,493,706,0,0.7356085935509022
TERM,707,1037,0,0.7356085935509022
TERM,1038,1124,0,0.7356085935509022
TERM,1125,1159,0,0.7356085935509022
TERM,1160,1293,0,0.7356085935509022
TERM,1294,1631,0,0.7356085935509022
TERM,1632,1953,0,0.7356085935509022
TERM,1954,2208,0,0.7356085935509022
TERM,2209,2495,0,0.7356085935509022
TERM,2496,2543,0,0.7356085935509022
TERM,2544,2723,0,0.7356085935509022
TERM,2724,2946,0,0.7356085935509022
TERM,2947,3037,0,0.7356085935509022
TERM,3038,3229,0,0.7356085935509022
TERM,3230,3497,0,0.7356085935509022
TERM,3498,3553,0,0.7356085935509022
TERM,3554,3742,0,0.7356085935509022
TERM,3743,4131,0,0.7356085935509022
TERM,4132,4427,0,0.7356085935509022
TERM,4428,4664,0,0.7356085935509022
TERM,4665,4971,0,0.7356085935509022
TERM,4972,5084,0,0.7356085935509022
TERM,5085,5432,0,0.7356085935509022
TERM,5433,5481,0,0.7356085935509022
TERM,5482,5918,0,0.7356085935509022
TERM,5919,6308,0,0.7356085935509022
TERM,6309,6530,0,0.7356085935509022
TERM,6531,6621,0,0.7356085935509022
TERM,6622,6778,0,0.7356085935509022
TERM,6779,7228,0,0.7356085935509022
