channel,start_time,stop_time,label,confidence
TERM,1,453,0,0.5427587138695094
TERM,454,794,0,0.5427587138695094
TERM,795,1138,0,0.5427587138695094
TERM,1139,1281,0,0.5427587138695094
TERM,1282,1593,0,0.5427587138695094
TERM,1594,1656,0,0.5427587138695094
TERM,1657,2024,0,0.5427587138695094
TERM,2025,2128,0,0.5427587138695094
TERM,2129,2470,0,0.5427587138695094
TERM,2471,2631,0,0.5427587138695094
TERM,2632,2960,0,0.5427587138695094
TERM,2961,3063,0,0.5427587138695094
TERM,3064,3104,0,0.5427587138695094
TERM,3105,3450,0,0.5427587138695094
TERM,3451,3734,0,0.5427587138695094
TERM,3735,3768,0,0.5427587138695094
TERM,3769,4152,0,0.5427587138695094
TERM,4153,4366,0,0.5427587138695094
TERM,4367,4683,0,0.5427587138695094
TERM,4684,5097,0,0.5427587138695094
TERM,5098,5470,0,0.5427587138695094
TERM,5471,5639,0,0.5427587138695094
TERM,5640,5900,0,0.5427587138695094
TERM,5901,6107,0,0.5427587138695094
TERM,6108,6558,0,0.5427587138695094
TERM,6559,6700,0,0.5427587138695094
TERM,6701,6858,0,0.5427587138695094
TERM,6859,7082,0,0.5427587138695094
TERM,7083,7461,0,0.5427587138695094
TERM,7462,7739,0,0.5427587138695094
TERM,7740,7928,0,0.5427587138695094
TERM,7929,8316,0,0.5427587138695094
TERM,8317,8792,0,0.5427587138695094
TERM,8793,8972,0,0.5427587138695094
TERM,8973,9132,0,0.5427587138695094
TERM,9133,9279,0,0.5427587138695094
TERM,9280,9771,0,0.5427587138695094
TERM,9772,10249,0,0.5427587138695094
TERM,10250,10644,0,0.5427587138695094
TERM,10645,10682,0,0.5427587138695094
TERM,10683,10968,0,0.5427587138695094
TERM,10969,11280,0,0.5427587138695094
TERM,11281,11407,0,0.5427587138695094
TERM,11408,11739,0,0.5427587138695094
TERM,11740,12007,0,0.5427587138695094
TERM,12008,12181,0,0.5427587138695094
TERM,12182,12302,0,0.5427587138695094
TERM,12303,12716,0,0.5427587138695094
TERM,12717,12890,0,0.5427587138695094
TERM,12891,13148,0,0.5427587138695094
TERM,13149,13399,0,0.5427587138695094
TERM,13400,13531,0,0.5427587138695094
TERM,13532,13610,0,0.5427587138695094
TERM,13611,14004,0,0.5427587138695094
TERM,14005,14399,0,0.5427587138695094
TERM,14400,14835,0,0.5427587138695094
TERM,14836,15254,0,0.5427587138695094
TERM,15255,15397,0,0.5427587138695094
TERM,15398,15625,0,0.5427587138695094
TERM,15626,15637,0,0.5427587138695094
TERM,15638,15766,0,0.5427587138695094
TERM,15767,15873,0,0.5427587138695094
TERM,15874,16075,0,0.5427587138695094
TERM,16076,16141,0,0.5427587138695094
TERM,16142,16247,0,0.5427587138695094
TERM,16248,16512,0,0.5427587138695094
