channel,start_time,stop_time,label,confidence
TERM,1,132,0,0.5626066975738144
TERM,133,488,0,0.5626066975738144
TERM,489,741,0,0.5626066975738144
TERM,742,827,0,0.5626066975738144
TERM,828,1256,0,0.5626066975738144
TERM,1257,1746,0,0.5626066975738144
TERM,1747,1858,0,0.5626066975738144
TERM,1859,1943,0,0.5626066975738144
TERM,1944,2023,0,0.5626066975738144
TERM,2024,2100,0,0.5626066975738144
TERM,2101,2448,0,0.5626066975738144
TERM,2449,2618,0,0.5626066975738144
TERM,2619,2763,0,0.5626066975738144
TERM,2764,2983,0,0.5626066975738144
TERM,2984,3279,0,0.5626066975738144
TERM,3280,3551,0,0.5626066975738144
TERM,3552,3683,0,0.5626066975738144
TERM,3684,4133,0,0.5626066975738144
TERM,4134,4227,0,0.5626066975738144
TERM,4228,4620,0,0.5626066975738144
TERM,4621,4868,0,0.5626066975738144
TERM,4869,4918,0,0.5626066975738144
TERM,4919,5302,0,0.5626066975738144
TERM,5303,5792,0,0.5626066975738144
TERM,5793,6292,0,0.5626066975738144
TERM,6293,6661,0,0.5626066975738144
TERM,6662,6961,0,0.5626066975738144
TERM,6962,7116,0,0.5626066975738144
TERM,7117,7604,0,0.5626066975738144
TERM,7605,8002,0,0.5626066975738144
TERM,8003,8105,0,0.5626066975738144
TERM,8106,8462,0,0.5626066975738144
TERM,8463,8841,0,0.5626066975738144
TERM,8842,9328,0,0.5626066975738144
TERM,9329,9426,0,0.5626066975738144
TERM,9427,9758,0,0.5626066975738144
TERM,9759,10192,0,0.5626066975738144
TERM,10193,10579,0,0.5626066975738144
TERM,10580,10729,0,0.5626066975738144
TERM,10730,11223,0,0.5626066975738144
TERM,11224,11647,0,0.5626066975738144
TERM,11648,12009,0,0.5626066975738144
