channel,start_time,stop_time,label,confidence
TERM,1,485,0,0.5812114449993855
TERM,486,962,0,0.5812114449993855
TERM,963,1064,0,0.5812114449993855
TERM,1065,1179,0,0.5812114449993855
TERM,1180,1651,0,0.5812114449993855
TERM,1652,2012,0,0.5812114449993855
TERM,2013,2370,0,0.5812114449993855
TERM,2371,2644,0,0.5812114449993855
TERM,2645,2667,0,0.5812114449993855
TERM,2668,3060,0,0.5812114449993855
TERM,3061,3085,0,0.5812114449993855
TERM,3086,3440,0,0.5812114449993855
TERM,3441,3744,0,0.5812114449993855
TERM,3745,4079,0,0.5812114449993855
TERM,4080,4492,0,0.5812114449993855
TERM,4493,4965,0,0.5812114449993855
TERM,4966,5370,0,0.5812114449993855
TERM,5371,5532,0,0.5812114449993855
TERM,5533,5715,0,0.5812114449993855
TERM,5716,5881,0,0.5812114449993855
TERM,5882,6210,0,0.5812114449993855
TERM,6211,6246,0,0.5812114449993855
TERM,6247,6293,0,0.5812114449993855
TERM,6294,6486,0,0.5812114449993855
TERM,6487,6795,0,0.5812114449993855
TERM,6796,7280,0,0.5812114449993855
TERM,7281,7527,0,0.5812114449993855
TERM,7528,7985,0,0.5812114449993855
TERM,7986,8436,0,0.5812114449993855
TERM,8437,8755,0,0.5812114449993855
TERM,8756,9039,0,0.5812114449993855
TERM,9040,9355,0,0.5812114449993855
TERM,9356,9477,0,0.5812114449993855
TERM,9478,9569,0,0.5812114449993855
TERM,9570,9868,0,0.5812114449993855
TERM,9869,10341,0,0.5812114449993855
TERM,10342,10438,0,0.5812114449993855
TERM,10439,10682,0,0.5812114449993855
TERM,10683,10805,0,0.5812114449993855
TERM,10806,11133,0,0.5812114449993855
TERM,11134,11210,0,0.5812114449993855
TERM,11211,11483,0,0.5812114449993855
TERM,11484,11528,0,0.5812114449993855
TERM,11529,12025,0,0.5812114449993855
TERM,12026,12287,0,0.5812114449993855
TERM,12288,12482,0,0.5812114449993855
TERM,12483,12794,0,0.5812114449993855
TERM,12795,12806,0,0.5812114449993855
