channel,start_time,stop_time,label,confidence
TERM,1,348,0,0.631971834740881
TERM,349,820,0,0.631971834740881
TERM,821,1310,0,0.631971834740881
TERM,1311,1330,0,0.631971834740881
TERM,1331,1557,0,0.631971834740881
TERM,1558,1658,0,0.631971834740881
TERM,1659,2147,0,0.631971834740881
TERM,2148,2191,0,0.631971834740881
TERM,2192,2213,0,0.631971834740881
TERM,2214,2257,0,0.631971834740881
TERM,2258,2613,0,0.631971834740881
TERM,2614,2765,0,0.631971834740881
TERM,2766,2973,0,0.631971834740881
TERM,2974,3371,0,0.631971834740881
TERM,3372,3837,0,0.631971834740881
TERM,3838,3888,0,0.631971834740881
TERM,3889,4151,0,0.631971834740881
TERM,4152,4345,0,0.631971834740881
TERM,4346,4696,0,0.631971834740881
TERM,4697,4867,0,0.631971834740881
TERM,4868,5134,0,0.631971834740881
TERM,5135,5409,0,0.631971834740881
TERM,5410,5896,0,0.631971834740881
TERM,5897,6023,0,0.631971834740881
TERM,6024,6442,0,0.631971834740881
TERM,6443,6640,0,0.631971834740881
TERM,6641,7133,0,0.631971834740881
TERM,7134,7288,0,0.631971834740881
TERM,7289,7742,0,0.631971834740881
TERM,7743,8234,0,0.631971834740881
TERM,8235,8281,0,0.631971834740881
TERM,8282,8500,0,0.631971834740881
TERM,8501,8880,0,0.631971834740881
TERM,8881,9020,0,0.631971834740881
TERM,9021,9514,0,0.631971834740881
TERM,9515,9691,0,0.631971834740881
TERM,9692,10142,0,0.631971834740881
TERM,10143,10447,0,0.631971834740881
TERM,10448,10712,0,0.631971834740881
TERM,10713,10851,0,0.631971834740881
TERM,10852,11145,0,0.631971834740881
TERM,11146,11427,0,0.631971834740881
TERM,11428,11445,0,0.631971834740881
TERM,11446,11833,0,0.631971834740881
TERM,11834,11941,0,0.631971834740881
