channel,start_time,stop_time,label,confidence
TERM,1,440,0,0.4869355923953535
TERM,441,785,0,0.4869355923953535
TERM,786,961,0,0.4869355923953535
TERM,962,1352,0,0.4869355923953535
TERM,1353,1845,0,0.4869355923953535
TERM,1846,2077,0,0.4869355923953535
TERM,2078,2507,0,0.4869355923953535
TERM,2508,2817,0,0.4869355923953535
TERM,2818,3062,0,0.4869355923953535
TERM,3063,3491,0,0.4869355923953535
TERM,3492,3772,0,0.4869355923953535
