channel,start_time,stop_time,label,confidence
TERM,1,302,0,0.7906533380572554
TERM,303,330,0,0.7906533380572554
TERM,331,478,0,0.7906533380572554
TERM,479,977,0,0.7906533380572554
TERM,978,1412,0,0.7906533380572554
TERM,1413,1891,0,0.7906533380572554
TERM,1892,2050,0,0.7906533380572554
TERM,2051,2085,0,0.7906533380572554
TERM,2086,2112,0,0.7906533380572554
TERM,2113,2361,0,0.7906533380572554
TERM,2362,2517,0,0.7906533380572554
TERM,2518,2625,0,0.7906533380572554
TERM,2626,2937,0,0.7906533380572554
TERM,2938,3386,0,0.7906533380572554
TERM,3387,3764,0,0.7906533380572554
TERM,3765,4064,0,0.7906533380572554
TERM,4065,4343,0,0.7906533380572554
TERM,4344,4727,0,0.7906533380572554
TERM,4728,5114,0,0.7906533380572554
TERM,5115,5453,0,0.7906533380572554
TERM,5454,5805,0,0.7906533380572554
TERM,5806,5947,0,0.7906533380572554
TERM,5948,6110,0,0.7906533380572554
TERM,6111,6228,0,0.7906533380572554
TERM,6229,6349,0,0.7906533380572554
TERM,6350,6533,0,0.7906533380572554
TERM,6534,6689,0,0.7906533380572554
TERM,6690,6740,0,0.7906533380572554
TERM,6741,6769,0,0.7906533380572554
TERM,6770,6930,0,0.7906533380572554
TERM,6931,7304,0,0.7906533380572554
TERM,7305,7329,0,0.7906533380572554
TERM,7330,7687,0,0.7906533380572554
TERM,7688,8013,0,0.7906533380572554
TERM,8014,8493,0,0.7906533380572554
TERM,8494,8525,0,0.7906533380572554
TERM,8526,8611,0,0.7906533380572554
TERM,8612,8840,0,0.7906533380572554
TERM,8841,9005,0,0.7906533380572554
TERM,9006,9080,0,0.7906533380572554
TERM,9081,9274,0,0.7906533380572554
TERM,9275,9338,0,0.7906533380572554
TERM,9339,9801,0,0.7906533380572554
TERM,9802,9815,0,0.7906533380572554
TERM,9816,10254,0,0.7906533380572554
TERM,10255,10678,0,0.7906533380572554
TERM,10679,10811,0,0.7906533380572554
TERM,10812,10822,0,0.7906533380572554
TERM,10823,10854,0,0.7906533380572554
TERM,10855,11198,0,0.7906533380572554
TERM,11199,11682,0,0.7906533380572554
TERM,11683,12148,0,0.7906533380572554
TERM,12149,12552,0,0.7906533380572554
TERM,12553,12871,0,0.7906533380572554
TERM,12872,13166,0,0.7906533380572554
TERM,13167,13234,0,0.7906533380572554
TERM,13235,13385,0,0.7906533380572554
TERM,13386,13652,0,0.7906533380572554
TERM,13653,13889,0,0.7906533380572554
TERM,13890,14334,0,0.7906533380572554
