channel,start_time,stop_time,label,confidence
TERM,1,310,0,0.6307474299744059
TERM,311,757,0,0.6307474299744059
TERM,758,814,0,0.6307474299744059
TERM,815,1240,0,0.6307474299744059
TERM,1241,1338,0,0.6307474299744059
TERM,1339,1355,0,0.6307474299744059
TERM,1356,1588,0,0.6307474299744059
TERM,1589,1883,0,0.6307474299744059
TERM,1884,2291,0,0.6307474299744059
TERM,2292,2493,0,0.6307474299744059
TERM,2494,2742,0,0.6307474299744059
TERM,2743,3178,0,0.6307474299744059
TERM,3179,3389,0,0.6307474299744059
TERM,3390,3668,0,0.6307474299744059
TERM,3669,3971,0,0.6307474299744059
TERM,3972,4017,0,0.6307474299744059
TERM,4018,4100,0,0.6307474299744059
TERM,4101,4160,0,0.6307474299744059
TERM,4161,4614,0,0.6307474299744059
TERM,4615,4956,0,0.6307474299744059
TERM,4957,5052,0,0.6307474299744059
TERM,5053,5532,0,0.6307474299744059
TERM,5533,5846,0,0.6307474299744059
TERM,5847,5985,0,0.6307474299744059
TERM,5986,6215,0,0.6307474299744059
TERM,6216,6706,0,0.6307474299744059
TERM,6707,7025,0,0.6307474299744059
TERM,7026,7274,0,0.6307474299744059
TERM,7275,7297,0,0.6307474299744059
TERM,7298,7728,0,0.6307474299744059
TERM,7729,7969,0,0.6307474299744059
TERM,7970,8033,0,0.6307474299744059
TERM,8034,8441,0,0.6307474299744059
