channel,start_time,stop_time,label,confidence
TERM,1,154,0,0.6690246807002487
TERM,155,443,0,0.6690246807002487
TERM,444,485,0,0.6690246807002487
TERM,486,967,0,0.6690246807002487
TERM,968,1210,0,0.6690246807002487
TERM,1211,1498,0,0.6690246807002487
TERM,1499,1745,0,0.6690246807002487
TERM,1746,1982,0,0.6690246807002487
TERM,1983,2295,0,0.6690246807002487
TERM,2296,2601,0,0.6690246807002487
TERM,2602,2698,0,0.6690246807002487
TERM,2699,3006,0,0.6690246807002487
TERM,3007,3190,0,0.6690246807002487
TERM,3191,3299,0,0.6690246807002487
TERM,3300,3397,0,0.6690246807002487
