channel,start_time,stop_time,label,confidence
TERM,1,401,0,0.4790032823231148
TERM,402,618,0,0.4790032823231148
TERM,619,1059,0,0.4790032823231148
TERM,1060,1332,0,0.4790032823231148
TERM,1333,1756,0,0.4790032823231148
TERM,1757,2174,0,0.4790032823231148
TERM,2175,2188,0,0.4790032823231148
TERM,2189,2462,0,0.4790032823231148
TERM,2463,2651,0,0.4790032823231148
TERM,2652,2997,0,0.4790032823231148
TERM,2998,3459,0,0.4790032823231148
TERM,3460,3518,0,0.4790032823231148
TERM,3519,3891,0,0.4790032823231148
