channel,start_time,stop_time,label,confidence
TERM,1,174,0,0.4561269346290781
TERM,175,212,0,0.4561269346290781
TERM,213,695,0,0.4561269346290781
TERM,696,972,0,0.4561269346290781
TERM,973,1388,0,0.4561269346290781
TERM,1389,1589,0,0.4561269346290781
TERM,1590,1751,0,0.4561269346290781
TERM,1752,2197,0,0.4561269346290781
TERM,2198,2229,0,0.4561269346290781
TERM,2230,2254,0,0.4561269346290781
TERM,2255,2399,0,0.4561269346290781
TERM,2400,2530,0,0.4561269346290781
TERM,2531,2935,0,0.4561269346290781
TERM,2936,3005,0,0.4561269346290781
TERM,3006,3480,0,0.4561269346290781
TERM,3481,3638,0,0.4561269346290781
TERM,3639,3929,0,0.4561269346290781
TERM,3930,4319,0,0.4561269346290781
TERM,4320,4532,0,0.4561269346290781
TERM,4533,4664,0,0.4561269346290781
TERM,4665,4903,0,0.4561269346290781
TERM,4904,5230,0,0.4561269346290781
TERM,5231,5259,0,0.4561269346290781
TERM,5260,5504,0,0.4561269346290781
TERM,5505,5566,0,0.4561269346290781
TERM,5567,5840,0,0.4561269346290781
TERM,5841,5950,0,0.4561269346290781
TERM,5951,6283,0,0.4561269346290781
TERM,6284,6392,0,0.4561269346290781
TERM,6393,6468,0,0.4561269346290781
TERM,6469,6516,0,0.4561269346290781
TERM,6517,6932,0,0.4561269346290781
TERM,6933,6962,0,0.4561269346290781
TERM,6963,7118,0,0.4561269346290781
TERM,7119,7344,0,0.4561269346290781
TERM,7345,7375,0,0.4561269346290781
TERM,7376,7754,0,0.4561269346290781
TERM,7755,8044,0,0.4561269346290781
TERM,8045,8228,0,0.4561269346290781
TERM,8229,8521,0,0.4561269346290781
TERM,8522,8709,0,0.4561269346290781
TERM,8710,8959,0,0.4561269346290781
TERM,8960,9404,0,0.4561269346290781
TERM,9405,9492,0,0.4561269346290781
TERM,9493,9931,0,0.4561269346290781
