channel,start_time,stop_time,label,confidence
TERM,1,420,0,0.58965116620765
TERM,421,778,0,0.58965116620765
TERM,779,1178,0,0.58965116620765
TERM,1179,1263,0,0.58965116620765
TERM,1264,1715,0,0.58965116620765
TERM,1716,1806,0,0.58965116620765
TERM,1807,1939,0,0.58965116620765
TERM,1940,2195,0,0.58965116620765
TERM,2196,2647,0,0.58965116620765
TERM,2648,2662,0,0.58965116620765
TERM,2663,2785,0,0.58965116620765
TERM,2786,3182,0,0.58965116620765
TERM,3183,3527,0,0.58965116620765
TERM,3528,3932,0,0.58965116620765
TERM,3933,4351,0,0.58965116620765
TERM,4352,4499,0,0.58965116620765
TERM,4500,4643,0,0.58965116620765
TERM,4644,5006,0,0.58965116620765
TERM,5007,5157,0,0.58965116620765
TERM,5158,5323,0,0.58965116620765
TERM,5324,5363,0,0.58965116620765
TERM,5364,5427,0,0.58965116620765
TERM,5428,5792,0,0.58965116620765
TERM,5793,5842,0,0.58965116620765
TERM,5843,6003,0,0.58965116620765
TERM,6004,6391,0,0.58965116620765
TERM,6392,6802,0,0.58965116620765
TERM,6803,7166,0,0.58965116620765
TERM,7167,7211,0,0.58965116620765
TERM,7212,7289,0,0.58965116620765
TERM,7290,7769,0,0.58965116620765
TERM,7770,7973,0,0.58965116620765
