channel,start_time,stop_time,label,confidence
TERM,1,376,0,0.6361345649314405
TERM,377,841,0,0.6361345649314405
TERM,842,965,0,0.6361345649314405
TERM,966,1307,0,0.6361345649314405
TERM,1308,1580,0,0.6361345649314405
TERM,1581,1647,0,0.6361345649314405
TERM,1648,1963,0,0.6361345649314405
TERM,1964,2366,0,0.6361345649314405
TERM,2367,2789,0,0.6361345649314405
TERM,2790,2833,0,0.6361345649314405
TERM,2834,3115,0,0.6361345649314405
TERM,3116,3445,0,0.6361345649314405
TERM,3446,3874,0,0.6361345649314405
TERM,3875,4257,0,0.6361345649314405
TERM,4258,4278,0,0.6361345649314405
TERM,4279,4565,0,0.6361345649314405
TERM,4566,4705,0,0.6361345649314405
TERM,4706,4796,0,0.6361345649314405
TERM,4797,4848,0,0.6361345649314405
TERM,4849,5159,0,0.6361345649314405
TERM,5160,5272,0,0.6361345649314405
TERM,5273,5675,0,0.6361345649314405
TERM,5676,5867,0,0.6361345649314405
TERM,5868,6212,0,0.6361345649314405
TERM,6213,6402,0,0.6361345649314405
TERM,6403,6756,0,0.6361345649314405
