channel,start_time,stop_time,label,confidence
TERM,1,402,0,0.859346126606134
TERM,403,471,0,0.859346126606134
TERM,472,548,0,0.859346126606134
TERM,549,918,0,0.859346126606134
TERM,919,1396,0,0.859346126606134
TERM,1397,1545,0,0.859346126606134
TERM,1546,1995,0,0.859346126606134
TERM,1996,2216,0,0.859346126606134
TERM,2217,2249,0,0.859346126606134
TERM,2250,2722,0,0.859346126606134
TERM,2723,2753,0,0.859346126606134
TERM,2754,3179,0,0.859346126606134
TERM,3180,3330,0,0.859346126606134
TERM,3331,3507,0,0.859346126606134
TERM,3508,3981,0,0.859346126606134
TERM,3982,3991,0,0.859346126606134
