channel,start_time,stop_time,label,confidence
TERM,1,478,0,0.6617635289470477
TERM,479,895,0,0.6617635289470477
TERM,896,1228,0,0.6617635289470477
TERM,1229,1484,0,0.6617635289470477
TERM,1485,1686,0,0.6617635289470477
TERM,1687,2132,0,0.6617635289470477
TERM,2133,2508,0,0.6617635289470477
TERM,2509,2725,0,0.6617635289470477
TERM,2726,2912,0,0.6617635289470477
TERM,2913,3338,0,0.6617635289470477
TERM,3339,3788,0,0.6617635289470477
TERM,3789,3829,0,0.6617635289470477
TERM,3830,4282,0,0.6617635289470477
TERM,4283,4659,0,0.6617635289470477
TERM,4660,4999,0,0.6617635289470477
TERM,5000,5127,0,0.6617635289470477
TERM,5128,5360,0,0.6617635289470477
TERM,5361,5846,0,0.6617635289470477
TERM,5847,5866,0,0.6617635289470477
TERM,5867,5945,0,0.6617635289470477
TERM,5946,6097,0,0.6617635289470477
TERM,6098,6172,0,0.6617635289470477
TERM,6173,6562,0,0.6617635289470477
TERM,6563,6885,0,0.6617635289470477
TERM,6886,7377,0,0.6617635289470477
TERM,7378,7733,0,0.6617635289470477
TERM,7734,8079,0,0.6617635289470477
TERM,8080,8347,0,0.6617635289470477
TERM,8348,8766,0,0.6617635289470477
TERM,8767,8988,0,0.6617635289470477
TERM,8989,9267,0,0.6617635289470477
TERM,9268,9730,0,0.6617635289470477
TERM,9731,9817,0,0.6617635289470477
TERM,9818,10296,0,0.6617635289470477
TERM,10297,10330,0,0.6617635289470477
TERM,10331,10599,0,0.6617635289470477
TERM,10600,10789,0,0.6617635289470477
TERM,10790,11104,0,0.6617635289470477
TERM,11105,11126,0,0.6617635289470477
TERM,11127,11162,0,0.6617635289470477
TERM,11163,11442,0,0.6617635289470477
TERM,11443,11780,0,0.6617635289470477
TERM,11781,12130,0,0.6617635289470477
TERM,12131,12472,0,0.6617635289470477
TERM,12473,12730,0,0.6617635289470477
TERM,12731,13033,0,0.6617635289470477
TERM,13034,13235,0,0.6617635289470477
TERM,13236,13475,0,0.6617635289470477
TERM,13476,13498,0,0.6617635289470477
TERM,13499,13536,0,0.6617635289470477
TERM,13537,13883,0,0.6617635289470477
TERM,13884,13949,0,0.6617635289470477
TERM,13950,14332,0,0.6617635289470477
TERM,14333,14498,0,0.6617635289470477
TERM,14499,14621,0,0.6617635289470477
TERM,14622,14904,0,0.6617635289470477
