channel,start_time,stop_time,label,confidence
TERM,1,373,0,0.7411316738649867
TERM,374,471,0,0.7411316738649867
TERM,472,529,0,0.7411316738649867
TERM,530,643,0,0.7411316738649867
TERM,644,991,0,0.7411316738649867
TERM,992,1053,0,0.7411316738649867
TERM,1054,1093,0,0.7411316738649867
TERM,1094,1322,0,0.7411316738649867
TERM,1323,1500,0,0.7411316738649867
TERM,1501,1913,0,0.7411316738649867
TERM,1914,2395,0,0.7411316738649867
