channel,start_time,stop_time,label,confidence
TERM,1,44,0,0.571824339254644
TERM,45,439,0,0.571824339254644
TERM,440,691,0,0.571824339254644
TERM,692,999,0,0.571824339254644
TERM,1000,1072,0,0.571824339254644
TERM,1073,1406,0,0.571824339254644
TERM,1407,1626,0,0.571824339254644
TERM,1627,1866,0,0.571824339254644
TERM,1867,2346,0,0.571824339254644
TERM,2347,2505,0,0.571824339254644
TERM,2506,2564,0,0.571824339254644
TERM,2565,2787,0,0.571824339254644
TERM,2788,3022,0,0.571824339254644
TERM,3023,3449,0,0.571824339254644
TERM,3450,3565,0,0.571824339254644
TERM,3566,3588,0,0.571824339254644
TERM,3589,3841,0,0.571824339254644
TERM,3842,4024,0,0.571824339254644
TERM,4025,4502,0,0.571824339254644
TERM,4503,4764,0,0.571824339254644
TERM,4765,5016,0,0.571824339254644
TERM,5017,5512,0,0.571824339254644
TERM,5513,5674,0,0.571824339254644
TERM,5675,5835,0,0.571824339254644
