channel,start_time,stop_time,label,confidence
TERM,1,153,0,0.6094435827792235
TERM,154,320,0,0.6094435827792235
TERM,321,338,0,0.6094435827792235
TERM,339,476,0,0.6094435827792235
TERM,477,616,0,0.6094435827792235
TERM,617,674,0,0.6094435827792235
TERM,675,732,0,0.6094435827792235
TERM,733,1027,0,0.6094435827792235
TERM,1028,1062,0,0.6094435827792235
TERM,1063,1229,0,0.6094435827792235
TERM,1230,1510,0,0.6094435827792235
