channel,start_time,stop_time,label,confidence
TERM,1,251,0,0.4203106187496198
TERM,252,687,0,0.4203106187496198
TERM,688,781,0,0.4203106187496198
TERM,782,984,0,0.4203106187496198
TERM,985,1363,0,0.4203106187496198
TERM,1364,1801,0,0.4203106187496198
TERM,1802,1858,0,0.4203106187496198
TERM,1859,1891,0,0.4203106187496198
TERM,1892,2288,0,0.4203106187496198
TERM,2289,2751,0,0.4203106187496198
TERM,2752,2976,0,0.4203106187496198
TERM,2977,3123,0,0.4203106187496198
TERM,3124,3522,0,0.4203106187496198
TERM,3523,3921,0,0.4203106187496198
TERM,3922,4282,0,0.4203106187496198
TERM,4283,4684,0,0.4203106187496198
TERM,4685,4718,0,0.4203106187496198
TERM,4719,4948,0,0.4203106187496198
TERM,4949,5012,0,0.4203106187496198
TERM,5013,5269,0,0.4203106187496198
TERM,5270,5667,0,0.4203106187496198
TERM,5668,5828,0,0.4203106187496198
TERM,5829,6111,0,0.4203106187496198
TERM,6112,6453,0,0.4203106187496198
TERM,6454,6748,0,0.4203106187496198
TERM,6749,6831,0,0.4203106187496198
TERM,6832,6958,0,0.4203106187496198
TERM,6959,7337,0,0.4203106187496198
TERM,7338,7716,0,0.4203106187496198
TERM,7717,8118,0,0.4203106187496198
TERM,8119,8491,0,0.4203106187496198
TERM,8492,8554,0,0.4203106187496198
TERM,8555,8750,0,0.4203106187496198
TERM,8751,9181,0,0.4203106187496198
TERM,9182,9364,0,0.4203106187496198
TERM,9365,9860,0,0.4203106187496198
TERM,9861,10040,0,0.4203106187496198
TERM,10041,10268,0,0.4203106187496198
TERM,10269,10725,0,0.4203106187496198
TERM,10726,10804,0,0.4203106187496198
TERM,10805,10961,0,0.4203106187496198
TERM,10962,11425,0,0.4203106187496198
TERM,11426,11529,0,0.4203106187496198
TERM,11530,11769,0,0.4203106187496198
