channel,start_time,stop_time,label,confidence
TERM,1,93,0,0.3945237478186735
TERM,94,479,0,0.3945237478186735
TERM,480,504,0,0.3945237478186735
TERM,505,981,0,0.3945237478186735
TERM,982,1436,0,0.3945237478186735
TERM,1437,1458,0,0.3945237478186735
TERM,1459,1584,0,0.3945237478186735
TERM,1585,1634,0,0.3945237478186735
TERM,1635,2107,0,0.3945237478186735
TERM,2108,2325,0,0.3945237478186735
TERM,2326,2511,0,0.3945237478186735
TERM,2512,2698,0,0.3945237478186735
TERM,2699,2816,0,0.3945237478186735
TERM,2817,3255,0,0.3945237478186735
TERM,3256,3555,0,0.3945237478186735
TERM,3556,3640,0,0.3945237478186735
TERM,3641,4121,0,0.3945237478186735
TERM,4122,4374,0,0.3945237478186735
TERM,4375,4447,0,0.3945237478186735
TERM,4448,4720,0,0.3945237478186735
TERM,4721,4960,0,0.3945237478186735
TERM,4961,5169,0,0.3945237478186735
TERM,5170,5237,0,0.3945237478186735
TERM,5238,5393,0,0.3945237478186735
TERM,5394,5532,0,0.3945237478186735
TERM,5533,5923,0,0.3945237478186735
TERM,5924,6360,0,0.3945237478186735
TERM,6361,6529,0,0.3945237478186735
TERM,6530,6724,0,0.3945237478186735
TERM,6725,7044,0,0.3945237478186735
TERM,7045,7455,0,0.3945237478186735
TERM,7456,7468,0,0.3945237478186735
TERM,7469,7929,0,0.3945237478186735
TERM,7930,8247,0,0.3945237478186735
TERM,8248,8457,0,0.3945237478186735
TERM,8458,8496,0,0.3945237478186735
TERM,8497,8786,0,0.3945237478186735
TERM,8787,8836,0,0.3945237478186735
TERM,8837,8942,0,0.3945237478186735
TERM,8943,9013,0,0.3945237478186735
TERM,9014,9300,0,0.3945237478186735
TERM,9301,9673,0,0.3945237478186735
TERM,9674,10150,0,0.3945237478186735
TERM,10151,10365,0,0.3945237478186735
TERM,10366,10688,0,0.3945237478186735
TERM,10689,10875,0,0.3945237478186735
TERM,10876,11059,0,0.3945237478186735
TERM,11060,11478,0,0.3945237478186735
TERM,11479,11576,0,0.3945237478186735
TERM,11577,11685,0,0.3945237478186735
TERM,11686,12036,0,0.3945237478186735
TERM,12037,12170,0,0.3945237478186735
TERM,12171,12509,0,0.3945237478186735
TERM,12510,12996,0,0.3945237478186735
TERM,12997,13164,0,0.3945237478186735
TERM,13165,13264,0,0.3945237478186735
TERM,13265,13516,0,0.3945237478186735
TERM,13517,13590,0,0.3945237478186735
TERM,13591,13652,0,0.3945237478186735
TERM,13653,14097,0,0.3945237478186735
TERM,14098,14570,0,0.3945237478186735
TERM,14571,14991,0,0.3945237478186735
TERM,14992,15150,0,0.3945237478186735
TERM,15151,15578,0,0.3945237478186735
TERM,15579,15832,0,0.3945237478186735
TERM,15833,16066,0,0.3945237478186735
