channel,start_time,stop_time,label,confidence
TERM,1,97,0,0.4836637579644232
TERM,98,339,0,0.4836637579644232
TERM,340,406,0,0.4836637579644232
TERM,407,752,0,0.4836637579644232
TERM,753,1160,0,0.4836637579644232
TERM,1161,1228,0,0.4836637579644232
TERM,1229,1652,0,0.4836637579644232
TERM,1653,1835,0,0.4836637579644232
TERM,1836,1927,0,0.4836637579644232
TERM,1928,2217,0,0.4836637579644232
TERM,2218,2265,0,0.4836637579644232
TERM,2266,2418,0,0.4836637579644232
TERM,2419,2517,0,0.4836637579644232
TERM,2518,2659,0,0.4836637579644232
TERM,2660,2866,0,0.4836637579644232
TERM,2867,2987,0,0.4836637579644232
TERM,2988,3387,0,0.4836637579644232
TERM,3388,3414,0,0.4836637579644232
TERM,3415,3568,0,0.4836637579644232
TERM,3569,3722,0,0.4836637579644232
TERM,3723,4077,0,0.4836637579644232
TERM,4078,4099,0,0.4836637579644232
TERM,4100,4338,0,0.4836637579644232
TERM,4339,4456,0,0.4836637579644232
TERM,4457,4729,0,0.4836637579644232
TERM,4730,5074,0,0.4836637579644232
TERM,5075,5348,0,0.4836637579644232
TERM,5349,5701,0,0.4836637579644232
TERM,5702,5715,0,0.4836637579644232
TERM,5716,6004,0,0.4836637579644232
TERM,6005,6481,0,0.4836637579644232
TERM,6482,6816,0,0.4836637579644232
TERM,6817,7268,0,0.4836637579644232
TERM,7269,7766,0,0.4836637579644232
TERM,7767,7950,0,0.4836637579644232
TERM,7951,8030,0,0.4836637579644232
TERM,8031,8116,0,0.4836637579644232
TERM,8117,8275,0,0.4836637579644232
TERM,8276,8317,0,0.4836637579644232
TERM,8318,8344,0,0.4836637579644232
TERM,8345,8656,0,0.4836637579644232
TERM,8657,9007,0,0.4836637579644232
TERM,9008,9248,0,0.4836637579644232
TERM,9249,9531,0,0.4836637579644232
TERM,9532,9702,0,0.4836637579644232
TERM,9703,9977,0,0.4836637579644232
TERM,9978,10068,0,0.4836637579644232
TERM,10069,10175,0,0.4836637579644232
TERM,10176,10452,0,0.4836637579644232
TERM,10453,10686,0,0.4836637579644232
TERM,10687,10954,0,0.4836637579644232
TERM,10955,10982,0,0.4836637579644232
TERM,10983,11459,0,0.4836637579644232
TERM,11460,11621,0,0.4836637579644232
TERM,11622,12029,0,0.4836637579644232
TERM,12030,12278,0,0.4836637579644232
TERM,12279,12453,0,0.4836637579644232
TERM,12454,12873,0,0.4836637579644232
TERM,12874,13008,0,0.4836637579644232
TERM,13009,13290,0,0.4836637579644232
TERM,13291,13584,0,0.4836637579644232
TERM,13585,13940,0,0.4836637579644232
TERM,13941,14381,0,0.4836637579644232
TERM,14382,14641,0,0.4836637579644232
TERM,14642,14828,0,0.4836637579644232
