channel,start_time,stop_time,label,confidence
TERM,1,74,0,0.7066235060757875
TERM,75,191,0,0.7066235060757875
TERM,192,207,0,0.7066235060757875
TERM,208,582,0,0.7066235060757875
TERM,583,966,0,0.7066235060757875
TERM,967,1411,0,0.7066235060757875
TERM,1412,1437,0,0.7066235060757875
TERM,1438,1663,0,0.7066235060757875
TERM,1664,2064,0,0.7066235060757875
TERM,2065,2108,0,0.7066235060757875
TERM,2109,2135,0,0.7066235060757875
TERM,2136,2187,0,0.7066235060757875
TERM,2188,2235,0,0.7066235060757875
TERM,2236,2365,0,0.7066235060757875
TERM,2366,2842,0,0.7066235060757875
TERM,2843,3125,0,0.7066235060757875
TERM,3126,3343,0,0.7066235060757875
TERM,3344,3709,0,0.7066235060757875
TERM,3710,3862,0,0.7066235060757875
TERM,3863,4149,0,0.7066235060757875
TERM,4150,4595,0,0.7066235060757875
TERM,4596,4800,0,0.7066235060757875
TERM,4801,5199,0,0.7066235060757875
TERM,5200,5316,0,0.7066235060757875
TERM,5317,5410,0,0.7066235060757875
TERM,5411,5839,0,0.7066235060757875
TERM,5840,5929,0,0.7066235060757875
TERM,5930,6294,0,0.7066235060757875
TERM,6295,6699,0,0.7066235060757875
TERM,6700,6918,0,0.7066235060757875
TERM,6919,6930,0,0.7066235060757875
TERM,6931,7384,0,0.7066235060757875
TERM,7385,7652,0,0.7066235060757875
TERM,7653,7938,0,0.7066235060757875
TERM,7939,8213,0,0.7066235060757875
TERM,8214,8423,0,0.7066235060757875
TERM,8424,8905,0,0.7066235060757875
TERM,8906,8980,0,0.7066235060757875
TERM,8981,9406,0,0.7066235060757875
TERM,9407,9569,0,0.7066235060757875
TERM,9570,9976,0,0.7066235060757875
TERM,9977,10387,0,0.7066235060757875
TERM,10388,10575,0,0.7066235060757875
TERM,10576,11001,0,0.7066235060757875
TERM,11002,11296,0,0.7066235060757875
TERM,11297,11709,0,0.7066235060757875
TERM,11710,12064,0,0.7066235060757875
TERM,12065,12187,0,0.7066235060757875
TERM,12188,12366,0,0.7066235060757875
TERM,12367,12682,0,0.7066235060757875
TERM,12683,12932,0,0.7066235060757875
TERM,12933,13326,0,0.7066235060757875
TERM,13327,13764,0,0.7066235060757875
TERM,13765,14196,0,0.7066235060757875
TERM,14197,14646,0,0.7066235060757875
TERM,14647,14656,0,0.7066235060757875
