channel,start_time,stop_time,label,confidence
TERM,1,374,0,0.5405577784760485
TERM,375,710,0,0.5405577784760485
TERM,711,961,0,0.5405577784760485
TERM,962,1025,0,0.5405577784760485
TERM,1026,1190,0,0.5405577784760485
TERM,1191,1616,0,0.5405577784760485
TERM,1617,2059,0,0.5405577784760485
TERM,2060,2267,0,0.5405577784760485
TERM,2268,2563,0,0.5405577784760485
TERM,2564,2837,0,0.5405577784760485
TERM,2838,3327,0,0.5405577784760485
TERM,3328,3719,0,0.5405577784760485
TERM,3720,3774,0,0.5405577784760485
TERM,3775,4136,0,0.5405577784760485
TERM,4137,4397,0,0.5405577784760485
TERM,4398,4478,0,0.5405577784760485
TERM,4479,4921,0,0.5405577784760485
TERM,4922,5387,0,0.5405577784760485
TERM,5388,5688,0,0.5405577784760485
TERM,5689,5983,0,0.5405577784760485
TERM,5984,6074,0,0.5405577784760485
TERM,6075,6544,0,0.5405577784760485
TERM,6545,7027,0,0.5405577784760485
TERM,7028,7265,0,0.5405577784760485
TERM,7266,7484,0,0.5405577784760485
TERM,7485,7587,0,0.5405577784760485
TERM,7588,7606,0,0.5405577784760485
TERM,7607,8033,0,0.5405577784760485
TERM,8034,8165,0,0.5405577784760485
TERM,8166,8306,0,0.5405577784760485
TERM,8307,8382,0,0.5405577784760485
TERM,8383,8859,0,0.5405577784760485
TERM,8860,9100,0,0.5405577784760485
TERM,9101,9540,0,0.5405577784760485
TERM,9541,9905,0,0.5405577784760485
TERM,9906,10188,0,0.5405577784760485
TERM,10189,10607,0,0.5405577784760485
TERM,10608,10708,0,0.5405577784760485
TERM,10709,10853,0,0.5405577784760485
TERM,10854,11280,0,0.5405577784760485
TERM,11281,11538,0,0.5405577784760485
TERM,11539,11593,0,0.5405577784760485
TERM,11594,11824,0,0.5405577784760485
TERM,11825,12063,0,0.5405577784760485
TERM,12064,12360,0,0.5405577784760485
TERM,12361,12378,0,0.5405577784760485
TERM,12379,12495,0,0.5405577784760485
TERM,12496,12990,0,0.5405577784760485
TERM,12991,13370,0,0.5405577784760485
TERM,13371,13400,0,0.5405577784760485
TERM,13401,13775,0,0.5405577784760485
TERM,13776,13841,0,0.5405577784760485
TERM,13842,14189,0,0.5405577784760485
TERM,14190,14621,0,0.5405577784760485
TERM,14622,14793,0,0.5405577784760485
