channel,start_time,stop_time,label,confidence
TERM,1,303,0,0.4826900666340983
TERM,304,706,0,0.4826900666340983
TERM,707,985,0,0.4826900666340983
TERM,986,1309,0,0.4826900666340983
TERM,1310,1717,0,0.4826900666340983
TERM,1718,2002,0,0.4826900666340983
TERM,2003,2479,0,0.4826900666340983
TERM,2480,2957,0,0.4826900666340983
TERM,2958,2991,0,0.4826900666340983
TERM,2992,3403,0,0.4826900666340983
TERM,3404,3466,0,0.4826900666340983
TERM,3467,3747,0,0.4826900666340983
TERM,3748,4067,0,0.4826900666340983
TERM,4068,4125,0,0.4826900666340983
TERM,4126,4309,0,0.4826900666340983
