channel,start_time,stop_time,label,confidence
TERM,1,73,0,0.4802917042756831
TERM,74,233,0,0.4802917042756831
TERM,234,475,0,0.4802917042756831
TERM,476,506,0,0.4802917042756831
TERM,507,741,0,0.4802917042756831
TERM,742,1002,0,0.4802917042756831
TERM,1003,1392,0,0.4802917042756831
TERM,1393,1781,0,0.4802917042756831
TERM,1782,2104,0,0.4802917042756831
TERM,2105,2140,0,0.4802917042756831
TERM,2141,2383,0,0.4802917042756831
TERM,2384,2393,0,0.4802917042756831
TERM,2394,2821,0,0.4802917042756831
TERM,2822,2876,0,0.4802917042756831
TERM,2877,3299,0,0.4802917042756831
TERM,3300,3653,0,0.4802917042756831
TERM,3654,4001,0,0.4802917042756831
TERM,4002,4476,0,0.4802917042756831
TERM,4477,4569,0,0.4802917042756831
TERM,4570,4773,0,0.4802917042756831
TERM,4774,5142,0,0.4802917042756831
TERM,5143,5260,0,0.4802917042756831
TERM,5261,5425,0,0.4802917042756831
TERM,5426,5502,0,0.4802917042756831
