channel,start_time,stop_time,label,confidence
TERM,1,455,0,0.6188929462871673
TERM,456,903,0,0.6188929462871673
TERM,904,1307,0,0.6188929462871673
TERM,1308,1385,0,0.6188929462871673
TERM,1386,1476,0,0.6188929462871673
TERM,1477,1582,0,0.6188929462871673
TERM,1583,1933,0,0.6188929462871673
TERM,1934,2208,0,0.6188929462871673
TERM,2209,2305,0,0.6188929462871673
TERM,2306,2557,0,0.6188929462871673
TERM,2558,2697,0,0.6188929462871673
TERM,2698,2904,0,0.6188929462871673
TERM,2905,3188,0,0.6188929462871673
