channel,start_time,stop_time,label,confidence
TERM,1,472,0,0.5708123775561447
TERM,473,768,0,0.5708123775561447
TERM,769,951,0,0.5708123775561447
TERM,952,1156,0,0.5708123775561447
TERM,1157,1424,0,0.5708123775561447
TERM,1425,1597,0,0.5708123775561447
TERM,1598,2079,0,0.5708123775561447
TERM,2080,2239,0,0.5708123775561447
TERM,2240,2293,0,0.5708123775561447
TERM,2294,2647,0,0.5708123775561447
TERM,2648,2919,0,0.5708123775561447
TERM,2920,3235,0,0.5708123775561447
TERM,3236,3328,0,0.5708123775561447
TERM,3329,3362,0,0.5708123775561447
TERM,3363,3629,0,0.5708123775561447
TERM,3630,3948,0,0.5708123775561447
TERM,3949,4234,0,0.5708123775561447
TERM,4235,4434,0,0.5708123775561447
TERM,4435,4799,0,0.5708123775561447
TERM,4800,5039,0,0.5708123775561447
TERM,5040,5396,0,0.5708123775561447
TERM,5397,5607,0,0.5708123775561447
TERM,5608,5880,0,0.5708123775561447
TERM,5881,6370,0,0.5708123775561447
TERM,6371,6649,0,0.5708123775561447
TERM,6650,6998,0,0.5708123775561447
TERM,6999,7062,0,0.5708123775561447
TERM,7063,7498,0,0.5708123775561447
TERM,7499,7575,0,0.5708123775561447
TERM,7576,7757,0,0.5708123775561447
TERM,7758,8200,0,0.5708123775561447
TERM,8201,8644,0,0.5708123775561447
TERM,8645,8992,0,0.5708123775561447
TERM,8993,9243,0,0.5708123775561447
TERM,9244,9742,0,0.5708123775561447
TERM,9743,10234,0,0.5708123775561447
TERM,10235,10374,0,0.5708123775561447
TERM,10375,10588,0,0.5708123775561447
TERM,10589,10708,0,0.5708123775561447
TERM,10709,11114,0,0.5708123775561447
TERM,11115,11174,0,0.5708123775561447
TERM,11175,11510,0,0.5708123775561447
TERM,11511,11820,0,0.5708123775561447
TERM,11821,12209,0,0.5708123775561447
TERM,12210,12444,0,0.5708123775561447
TERM,12445,12817,0,0.5708123775561447
TERM,12818,12997,0,0.5708123775561447
TERM,12998,13062,0,0.5708123775561447
TERM,13063,13173,0,0.5708123775561447
TERM,13174,13468,0,0.5708123775561447
TERM,13469,13659,0,0.5708123775561447
TERM,13660,14112,0,0.5708123775561447
TERM,14113,14391,0,0.5708123775561447
TERM,14392,14536,0,0.5708123775561447
TERM,14537,14678,0,0.5708123775561447
TERM,14679,15076,0,0.5708123775561447
TERM,15077,15390,0,0.5708123775561447
TERM,15391,15723,0,0.5708123775561447
TERM,15724,16059,0,0.5708123775561447
TERM,16060,16483,0,0.5708123775561447
TERM,16484,16700,0,0.5708123775561447
TERM,16701,17005,0,0.5708123775561447
TERM,17006,17081,0,0.5708123775561447
TERM,17082,17169,0,0.5708123775561447
TERM,17170,17501,0,0.5708123775561447
