channel,start_time,stop_time,label,confidence
TERM,1,316,0,0.6463851071628944
TERM,317,792,0,0.6463851071628944
TERM,793,1056,0,0.6463851071628944
TERM,1057,1411,0,0.6463851071628944
TERM,1412,1525,0,0.6463851071628944
TERM,1526,1555,0,0.6463851071628944
TERM,1556,1888,0,0.6463851071628944
TERM,1889,2242,0,0.6463851071628944
TERM,2243,2525,0,0.6463851071628944
TERM,2526,2587,0,0.6463851071628944
TERM,2588,3017,0,0.6463851071628944
TERM,3018,3121,0,0.6463851071628944
TERM,3122,3619,0,0.6463851071628944
TERM,3620,3641,0,0.6463851071628944
TERM,3642,3955,0,0.6463851071628944
TERM,3956,4148,0,0.6463851071628944
TERM,4149,4471,0,0.6463851071628944
TERM,4472,4939,0,0.6463851071628944
TERM,4940,5203,0,0.6463851071628944
TERM,5204,5541,0,0.6463851071628944
TERM,5542,5651,0,0.6463851071628944
TERM,5652,5800,0,0.6463851071628944
