channel,start_time,stop_time,label,confidence
TERM,1,450,0,0.6227036280523609
TERM,451,673,0,0.6227036280523609
TERM,674,845,0,0.6227036280523609
TERM,846,1136,0,0.6227036280523609
TERM,1137,1596,0,0.6227036280523609
TERM,1597,1639,0,0.6227036280523609
TERM,1640,1905,0,0.6227036280523609
TERM,1906,2072,0,0.6227036280523609
TERM,2073,2162,0,0.6227036280523609
TERM,2163,2241,0,0.6227036280523609
TERM,2242,2657,0,0.6227036280523609
TERM,2658,2722,0,0.6227036280523609
TERM,2723,2759,0,0.6227036280523609
TERM,2760,3024,0,0.6227036280523609
TERM,3025,3093,0,0.6227036280523609
TERM,3094,3213,0,0.6227036280523609
TERM,3214,3233,0,0.6227036280523609
TERM,3234,3255,0,0.6227036280523609
TERM,3256,3583,0,0.6227036280523609
TERM,3584,4044,0,0.6227036280523609
TERM,4045,4092,0,0.6227036280523609
TERM,4093,4106,0,0.6227036280523609
TERM,4107,4488,0,0.6227036280523609
TERM,4489,4560,0,0.6227036280523609
TERM,4561,4820,0,0.6227036280523609
TERM,4821,4921,0,0.6227036280523609
TERM,4922,5094,0,0.6227036280523609
TERM,5095,5484,0,0.6227036280523609
TERM,5485,5503,0,0.6227036280523609
TERM,5504,5581,0,0.6227036280523609
TERM,5582,5744,0,0.6227036280523609
TERM,5745,6192,0,0.6227036280523609
TERM,6193,6246,0,0.6227036280523609
TERM,6247,6428,0,0.6227036280523609
TERM,6429,6644,0,0.6227036280523609
TERM,6645,6997,0,0.6227036280523609
TERM,6998,7179,0,0.6227036280523609
TERM,7180,7653,0,0.6227036280523609
TERM,7654,8077,0,0.6227036280523609
TERM,8078,8549,0,0.6227036280523609
TERM,8550,8853,0,0.6227036280523609
TERM,8854,9263,0,0.6227036280523609
TERM,9264,9671,0,0.6227036280523609
TERM,9672,9728,0,0.6227036280523609
TERM,9729,9994,0,0.6227036280523609
TERM,9995,10141,0,0.6227036280523609
TERM,10142,10631,0,0.6227036280523609
TERM,10632,10917,0,0.6227036280523609
TERM,10918,11084,0,0.6227036280523609
TERM,11085,11452,0,0.6227036280523609
TERM,11453,11530,0,0.6227036280523609
TERM,11531,11930,0,0.6227036280523609
TERM,11931,12161,0,0.6227036280523609
TERM,12162,12361,0,0.6227036280523609
TERM,12362,12810,0,0.6227036280523609
TERM,12811,12859,0,0.6227036280523609
TERM,12860,13102,0,0.6227036280523609
TERM,13103,13144,0,0.6227036280523609
TERM,13145,13544,0,0.6227036280523609
TERM,13545,13791,0,0.6227036280523609
TERM,13792,14055,0,0.6227036280523609
TERM,14056,14388,0,0.6227036280523609
TERM,14389,14467,0,0.6227036280523609
TERM,14468,14693,0,0.6227036280523609
TERM,14694,15057,0,0.6227036280523609
