channel,start_time,stop_time,label,confidence
TERM,1,240,0,0.6408349938801627
TERM,241,464,0,0.6408349938801627
TERM,465,783,0,0.6408349938801627
TERM,784,1070,0,0.6408349938801627
TERM,1071,1514,0,0.6408349938801627
TERM,1515,1584,0,0.6408349938801627
TERM,1585,1758,0,0.6408349938801627
TERM,1759,2046,0,0.6408349938801627
TERM,2047,2288,0,0.6408349938801627
TERM,2289,2391,0,0.6408349938801627
TERM,2392,2679,0,0.6408349938801627
TERM,2680,2833,0,0.6408349938801627
TERM,2834,3081,0,0.6408349938801627
TERM,3082,3519,0,0.6408349938801627
TERM,3520,3619,0,0.6408349938801627
TERM,3620,3894,0,0.6408349938801627
TERM,3895,4191,0,0.6408349938801627
TERM,4192,4420,0,0.6408349938801627
TERM,4421,4619,0,0.6408349938801627
TERM,4620,4857,0,0.6408349938801627
TERM,4858,5225,0,0.6408349938801627
TERM,5226,5335,0,0.6408349938801627
TERM,5336,5673,0,0.6408349938801627
TERM,5674,6059,0,0.6408349938801627
TERM,6060,6312,0,0.6408349938801627
TERM,6313,6454,0,0.6408349938801627
TERM,6455,6771,0,0.6408349938801627
TERM,6772,7181,0,0.6408349938801627
TERM,7182,7315,0,0.6408349938801627
TERM,7316,7586,0,0.6408349938801627
TERM,7587,7818,0,0.6408349938801627
TERM,7819,7897,0,0.6408349938801627
TERM,7898,8174,0,0.6408349938801627
TERM,8175,8315,0,0.6408349938801627
TERM,8316,8761,0,0.6408349938801627
TERM,8762,9083,0,0.6408349938801627
TERM,9084,9138,0,0.6408349938801627
TERM,9139,9282,0,0.6408349938801627
TERM,9283,9669,0,0.6408349938801627
TERM,9670,10071,0,0.6408349938801627
TERM,10072,10441,0,0.6408349938801627
TERM,10442,10802,0,0.6408349938801627
TERM,10803,10857,0,0.6408349938801627
TERM,10858,11091,0,0.6408349938801627
TERM,11092,11492,0,0.6408349938801627
