channel,start_time,stop_time,label,confidence
TERM,1,72,0,0.6534006167888817
TERM,73,444,0,0.6534006167888817
TERM,445,809,0,0.6534006167888817
TERM,810,1051,0,0.6534006167888817
TERM,1052,1244,0,0.6534006167888817
TERM,1245,1532,0,0.6534006167888817
TERM,1533,1834,0,0.6534006167888817
TERM,1835,1879,0,0.6534006167888817
TERM,1880,2305,0,0.6534006167888817
TERM,2306,2365,0,0.6534006167888817
TERM,2366,2622,0,0.6534006167888817
TERM,2623,2934,0,0.6534006167888817
TERM,2935,3004,0,0.6534006167888817
TERM,3005,3321,0,0.6534006167888817
TERM,3322,3513,0,0.6534006167888817
TERM,3514,3977,0,0.6534006167888817
TERM,3978,4044,0,0.6534006167888817
TERM,4045,4136,0,0.6534006167888817
TERM,4137,4431,0,0.6534006167888817
TERM,4432,4605,0,0.6534006167888817
TERM,4606,4776,0,0.6534006167888817
TERM,4777,5091,0,0.6534006167888817
TERM,5092,5368,0,0.6534006167888817
TERM,5369,5800,0,0.6534006167888817
TERM,5801,6262,0,0.6534006167888817
TERM,6263,6429,0,0.6534006167888817
TERM,6430,6590,0,0.6534006167888817
TERM,6591,6796,0,0.6534006167888817
TERM,6797,7020,0,0.6534006167888817
TERM,7021,7059,0,0.6534006167888817
TERM,7060,7201,0,0.6534006167888817
TERM,7202,7292,0,0.6534006167888817
TERM,7293,7592,0,0.6534006167888817
TERM,7593,7870,0,0.6534006167888817
TERM,7871,8142,0,0.6534006167888817
TERM,8143,8446,0,0.6534006167888817
TERM,8447,8575,0,0.6534006167888817
TERM,8576,9048,0,0.6534006167888817
TERM,9049,9166,0,0.6534006167888817
TERM,9167,9475,0,0.6534006167888817
TERM,9476,9605,0,0.6534006167888817
TERM,9606,9744,0,0.6534006167888817
TERM,9745,9809,0,0.6534006167888817
TERM,9810,9950,0,0.6534006167888817
TERM,9951,10226,0,0.6534006167888817
TERM,10227,10303,0,0.6534006167888817
TERM,10304,10497,0,0.6534006167888817
TERM,10498,10846,0,0.6534006167888817
TERM,10847,11303,0,0.6534006167888817
TERM,11304,11359,0,0.6534006167888817
TERM,11360,11517,0,0.6534006167888817
TERM,11518,11785,0,0.6534006167888817
TERM,11786,11990,0,0.6534006167888817
TERM,11991,12379,0,0.6534006167888817
TERM,12380,12528,0,0.6534006167888817
TERM,12529,12856,0,0.6534006167888817
TERM,12857,13349,0,0.6534006167888817
TERM,13350,13782,0,0.6534006167888817
TERM,13783,14120,0,0.6534006167888817
TERM,14121,14151,0,0.6534006167888817
