channel,start_time,stop_time,label,confidence
TERM,1,67,0,0.602809603949286
TERM,68,351,0,0.602809603949286
TERM,352,753,0,0.602809603949286
TERM,754,1170,0,0.602809603949286
TERM,1171,1282,0,0.602809603949286
TERM,1283,1667,0,0.602809603949286
TERM,1668,2075,0,0.602809603949286
TERM,2076,2238,0,0.602809603949286
TERM,2239,2397,0,0.602809603949286
TERM,2398,2489,0,0.602809603949286
TERM,2490,2823,0,0.602809603949286
TERM,2824,3209,0,0.602809603949286
TERM,3210,3406,0,0.602809603949286
TERM,3407,3672,0,0.602809603949286
TERM,3673,4084,0,0.602809603949286
TERM,4085,4369,0,0.602809603949286
TERM,4370,4743,0,0.602809603949286
TERM,4744,5220,0,0.602809603949286
TERM,5221,5665,0,0.602809603949286
TERM,5666,5999,0,0.602809603949286
TERM,6000,6013,0,0.602809603949286
TERM,6014,6291,0,0.602809603949286
TERM,6292,6534,0,0.602809603949286
TERM,6535,7003,0,0.602809603949286
