channel,start_time,stop_time,label,confidence
TERM,1,151,0,0.7678121881279558
TERM,152,362,0,0.7678121881279558
TERM,363,448,0,0.7678121881279558
TERM,449,553,0,0.7678121881279558
TERM,554,891,0,0.7678121881279558
TERM,892,1070,0,0.7678121881279558
TERM,1071,1459,0,0.7678121881279558
TERM,1460,1529,0,0.7678121881279558
TERM,1530,1939,0,0.7678121881279558
TERM,1940,2343,0,0.7678121881279558
TERM,2344,2598,0,0.7678121881279558
TERM,2599,2645,0,0.7678121881279558
TERM,2646,2746,0,0.7678121881279558
TERM,2747,2961,0,0.7678121881279558
TERM,2962,3239,0,0.7678121881279558
TERM,3240,3285,0,0.7678121881279558
TERM,3286,3460,0,0.7678121881279558
TERM,3461,3637,0,0.7678121881279558
TERM,3638,4106,0,0.7678121881279558
TERM,4107,4575,0,0.7678121881279558
TERM,4576,4746,0,0.7678121881279558
TERM,4747,4765,0,0.7678121881279558
TERM,4766,4855,0,0.7678121881279558
TERM,4856,4900,0,0.7678121881279558
