channel,start_time,stop_time,label,confidence
TERM,1,157,0,0.798599469225369
TERM,158,591,0,0.798599469225369
TERM,592,1040,0,0.798599469225369
TERM,1041,1384,0,0.798599469225369
TERM,1385,1854,0,0.798599469225369
TERM,1855,1886,0,0.798599469225369
TERM,1887,1964,0,0.798599469225369
TERM,1965,2050,0,0.798599469225369
TERM,2051,2307,0,0.798599469225369
TERM,2308,2502,0,0.798599469225369
TERM,2503,2931,0,0.798599469225369
TERM,2932,3307,0,0.798599469225369
TERM,3308,3323,0,0.798599469225369
TERM,3324,3646,0,0.798599469225369
TERM,3647,3817,0,0.798599469225369
TERM,3818,4259,0,0.798599469225369
TERM,4260,4344,0,0.798599469225369
TERM,4345,4449,0,0.798599469225369
TERM,4450,4915,0,0.798599469225369
TERM,4916,5268,0,0.798599469225369
TERM,5269,5323,0,0.798599469225369
TERM,5324,5733,0,0.798599469225369
TERM,5734,5963,0,0.798599469225369
TERM,5964,6305,0,0.798599469225369
TERM,6306,6706,0,0.798599469225369
TERM,6707,7079,0,0.798599469225369
TERM,7080,7530,0,0.798599469225369
TERM,7531,7876,0,0.798599469225369
TERM,7877,8046,0,0.798599469225369
TERM,8047,8234,0,0.798599469225369
TERM,8235,8297,0,0.798599469225369
TERM,8298,8544,0,0.798599469225369
TERM,8545,8595,0,0.798599469225369
TERM,8596,8859,0,0.798599469225369
TERM,8860,9293,0,0.798599469225369
TERM,9294,9305,0,0.798599469225369
TERM,9306,9562,0,0.798599469225369
TERM,9563,9910,0,0.798599469225369
TERM,9911,10092,0,0.798599469225369
TERM,10093,10406,0,0.798599469225369
TERM,10407,10888,0,0.798599469225369
TERM,10889,11209,0,0.798599469225369
TERM,11210,11455,0,0.798599469225369
TERM,11456,11808,0,0.798599469225369
TERM,11809,11868,0,0.798599469225369
TERM,11869,12314,0,0.798599469225369
TERM,12315,12621,0,0.798599469225369
TERM,12622,12672,0,0.798599469225369
