channel,start_time,stop_time,label,confidence
TERM,1,52,0,0.6089066691982559
TERM,53,119,0,0.6089066691982559
TERM,120,487,0,0.6089066691982559
TERM,488,833,0,0.6089066691982559
TERM,834,1080,0,0.6089066691982559
TERM,1081,1445,0,0.6089066691982559
TERM,1446,1722,0,0.6089066691982559
TERM,1723,1772,0,0.6089066691982559
TERM,1773,2030,0,0.6089066691982559
TERM,2031,2279,0,0.6089066691982559
TERM,2280,2750,0,0.6089066691982559
TERM,2751,3205,0,0.6089066691982559
TERM,3206,3676,0,0.6089066691982559
TERM,3677,4004,0,0.6089066691982559
TERM,4005,4428,0,0.6089066691982559
TERM,4429,4880,0,0.6089066691982559
TERM,4881,5154,0,0.6089066691982559
TERM,5155,5633,0,0.6089066691982559
TERM,5634,5765,0,0.6089066691982559
TERM,5766,5924,0,0.6089066691982559
TERM,5925,5973,0,0.6089066691982559
TERM,5974,6311,0,0.6089066691982559
