channel,start_time,stop_time,label,confidence
TERM,1,426,0,0.5846130766368688
TERM,427,900,0,0.5846130766368688
TERM,901,1201,0,0.5846130766368688
TERM,1202,1545,0,0.5846130766368688
TERM,1546,1683,0,0.5846130766368688
TERM,1684,2163,0,0.5846130766368688
TERM,2164,2415,0,0.5846130766368688
TERM,2416,2806,0,0.5846130766368688
TERM,2807,2863,0,0.5846130766368688
TERM,2864,3147,0,0.5846130766368688
TERM,3148,3191,0,0.5846130766368688
TERM,3192,3402,0,0.5846130766368688
TERM,3403,3717,0,0.5846130766368688
TERM,3718,3901,0,0.5846130766368688
TERM,3902,4299,0,0.5846130766368688
TERM,4300,4373,0,0.5846130766368688
TERM,4374,4861,0,0.5846130766368688
TERM,4862,4873,0,0.5846130766368688
TERM,4874,5353,0,0.5846130766368688
TERM,5354,5529,0,0.5846130766368688
TERM,5530,5775,0,0.5846130766368688
TERM,5776,6125,0,0.5846130766368688
TERM,6126,6420,0,0.5846130766368688
TERM,6421,6906,0,0.5846130766368688
TERM,6907,7201,0,0.5846130766368688
TERM,7202,7301,0,0.5846130766368688
TERM,7302,7400,0,0.5846130766368688
TERM,7401,7467,0,0.5846130766368688
