channel,start_time,stop_time,label,confidence
TERM,1,78,0,0.6060380213680268
TERM,79,259,0,0.6060380213680268
TERM,260,649,0,0.6060380213680268
TERM,650,1101,0,0.6060380213680268
TERM,1102,1140,0,0.6060380213680268
TERM,1141,1287,0,0.6060380213680268
TERM,1288,1396,0,0.6060380213680268
TERM,1397,1604,0,0.6060380213680268
TERM,1605,1978,0,0.6060380213680268
TERM,1979,2205,0,0.6060380213680268
TERM,2206,2348,0,0.6060380213680268
TERM,2349,2363,0,0.6060380213680268
TERM,2364,2529,0,0.6060380213680268
TERM,2530,2601,0,0.6060380213680268
TERM,2602,2697,0,0.6060380213680268
TERM,2698,3065,0,0.6060380213680268
TERM,3066,3227,0,0.6060380213680268
TERM,3228,3269,0,0.6060380213680268
TERM,3270,3414,0,0.6060380213680268
TERM,3415,3893,0,0.6060380213680268
TERM,3894,4263,0,0.6060380213680268
TERM,4264,4320,0,0.6060380213680268
TERM,4321,4404,0,0.6060380213680268
TERM,4405,4572,0,0.6060380213680268
TERM,4573,5044,0,0.6060380213680268
TERM,5045,5108,0,0.6060380213680268
TERM,5109,5380,0,0.6060380213680268
TERM,5381,5583,0,0.6060380213680268
TERM,5584,5870,0,0.6060380213680268
TERM,5871,5994,0,0.6060380213680268
TERM,5995,6393,0,0.6060380213680268
TERM,6394,6406,0,0.6060380213680268
TERM,6407,6757,0,0.6060380213680268
TERM,6758,7075,0,0.6060380213680268
TERM,7076,7246,0,0.6060380213680268
TERM,7247,7437,0,0.6060380213680268
TERM,7438,7885,0,0.6060380213680268
TERM,7886,8222,0,0.6060380213680268
TERM,8223,8500,0,0.6060380213680268
TERM,8501,8576,0,0.6060380213680268
TERM,8577,8763,0,0.6060380213680268
TERM,8764,8816,0,0.6060380213680268
TERM,8817,9134,0,0.6060380213680268
TERM,9135,9475,0,0.6060380213680268
TERM,9476,9964,0,0.6060380213680268
TERM,9965,10400,0,0.6060380213680268
TERM,10401,10491,0,0.6060380213680268
TERM,10492,10811,0,0.6060380213680268
