channel,start_time,stop_time,label,confidence
TERM,1,103,0,0.6501641904152338
TERM,104,314,0,0.6501641904152338
TERM,315,813,0,0.6501641904152338
TERM,814,1292,0,0.6501641904152338
TERM,1293,1551,0,0.6501641904152338
TERM,1552,1597,0,0.6501641904152338
TERM,1598,1814,0,0.6501641904152338
TERM,1815,2313,0,0.6501641904152338
TERM,2314,2489,0,0.6501641904152338
TERM,2490,2507,0,0.6501641904152338
TERM,2508,2698,0,0.6501641904152338
TERM,2699,3101,0,0.6501641904152338
TERM,3102,3335,0,0.6501641904152338
TERM,3336,3770,0,0.6501641904152338
TERM,3771,4086,0,0.6501641904152338
TERM,4087,4568,0,0.6501641904152338
TERM,4569,4709,0,0.6501641904152338
TERM,4710,4964,0,0.6501641904152338
TERM,4965,5335,0,0.6501641904152338
TERM,5336,5599,0,0.6501641904152338
TERM,5600,5929,0,0.6501641904152338
TERM,5930,6314,0,0.6501641904152338
TERM,6315,6390,0,0.6501641904152338
TERM,6391,6657,0,0.6501641904152338
TERM,6658,7099,0,0.6501641904152338
TERM,7100,7282,0,0.6501641904152338
TERM,7283,7666,0,0.6501641904152338
TERM,7667,7854,0,0.6501641904152338
TERM,7855,7961,0,0.6501641904152338
TERM,7962,8134,0,0.6501641904152338
TERM,8135,8363,0,0.6501641904152338
TERM,8364,8540,0,0.6501641904152338
TERM,8541,8770,0,0.6501641904152338
TERM,8771,9101,0,0.6501641904152338
TERM,9102,9328,0,0.6501641904152338
TERM,9329,9417,0,0.6501641904152338
TERM,9418,9496,0,0.6501641904152338
TERM,9497,9962,0,0.6501641904152338
TERM,9963,10411,0,0.6501641904152338
TERM,10412,10828,0,0.6501641904152338
TERM,10829,10979,0,0.6501641904152338
TERM,10980,11444,0,0.6501641904152338
TERM,11445,11901,0,0.6501641904152338
TERM,11902,11941,0,0.6501641904152338
TERM,11942,12289,0,0.6501641904152338
TERM,12290,12316,0,0.6501641904152338
TERM,12317,12363,0,0.6501641904152338
TERM,12364,12747,0,0.6501641904152338
