channel,start_time,stop_time,label,confidence
TERM,1,418,0,0.6396027073888126
TERM,419,710,0,0.6396027073888126
TERM,711,982,0,0.6396027073888126
TERM,983,1104,0,0.6396027073888126
TERM,1105,1328,0,0.6396027073888126
TERM,1329,1369,0,0.6396027073888126
TERM,1370,1610,0,0.6396027073888126
TERM,1611,1723,0,0.6396027073888126
TERM,1724,2093,0,0.6396027073888126
TERM,2094,2317,0,0.6396027073888126
TERM,2318,2458,0,0.6396027073888126
TERM,2459,2951,0,0.6396027073888126
TERM,2952,3448,0,0.6396027073888126
TERM,3449,3721,0,0.6396027073888126
TERM,3722,4216,0,0.6396027073888126
TERM,4217,4502,0,0.6396027073888126
TERM,4503,4909,0,0.6396027073888126
TERM,4910,5160,0,0.6396027073888126
TERM,5161,5331,0,0.6396027073888126
TERM,5332,5630,0,0.6396027073888126
TERM,5631,5704,0,0.6396027073888126
TERM,5705,5761,0,0.6396027073888126
TERM,5762,5980,0,0.6396027073888126
TERM,5981,5993,0,0.6396027073888126
