channel,start_time,stop_time,label,confidence
TERM,1,264,0,0.505850509002115
TERM,265,406,0,0.505850509002115
TERM,407,618,0,0.505850509002115
TERM,619,1012,0,0.505850509002115
TERM,1013,1209,0,0.505850509002115
TERM,1210,1244,0,0.505850509002115
TERM,1245,1653,0,0.505850509002115
TERM,1654,1949,0,0.505850509002115
TERM,1950,2003,0,0.505850509002115
TERM,2004,2177,0,0.505850509002115
TERM,2178,2471,0,0.505850509002115
TERM,2472,2859,0,0.505850509002115
TERM,2860,3035,0,0.505850509002115
TERM,3036,3209,0,0.505850509002115
TERM,3210,3470,0,0.505850509002115
TERM,3471,3834,0,0.505850509002115
TERM,3835,3851,0,0.505850509002115
TERM,3852,4015,0,0.505850509002115
TERM,4016,4076,0,0.505850509002115
TERM,4077,4118,0,0.505850509002115
TERM,4119,4531,0,0.505850509002115
TERM,4532,4617,0,0.505850509002115
TERM,4618,4646,0,0.505850509002115
TERM,4647,4705,0,0.505850509002115
TERM,4706,5199,0,0.505850509002115
TERM,5200,5507,0,0.505850509002115
TERM,5508,5999,0,0.505850509002115
TERM,6000,6168,0,0.505850509002115
TERM,6169,6328,0,0.505850509002115
TERM,6329,6363,0,0.505850509002115
TERM,6364,6819,0,0.505850509002115
TERM,6820,7010,0,0.505850509002115
TERM,7011,7175,0,0.505850509002115
TERM,7176,7476,0,0.505850509002115
TERM,7477,7920,0,0.505850509002115
TERM,7921,8131,0,0.505850509002115
TERM,8132,8270,0,0.505850509002115
TERM,8271,8690,0,0.505850509002115
TERM,8691,8866,0,0.505850509002115
TERM,8867,9067,0,0.505850509002115
TERM,9068,9112,0,0.505850509002115
TERM,9113,9585,0,0.505850509002115
TERM,9586,9808,0,0.505850509002115
TERM,9809,9851,0,0.505850509002115
TERM,9852,10081,0,0.505850509002115
TERM,10082,10262,0,0.505850509002115
TERM,10263,10682,0,0.505850509002115
TERM,10683,10747,0,0.505850509002115
TERM,10748,10802,0,0.505850509002115
TERM,10803,10932,0,0.505850509002115
TERM,10933,11318,0,0.505850509002115
TERM,11319,11578,0,0.505850509002115
TERM,11579,11928,0,0.505850509002115
TERM,11929,12226,0,0.505850509002115
TERM,12227,12659,0,0.505850509002115
TERM,12660,12735,0,0.505850509002115
TERM,12736,12816,0,0.505850509002115
TERM,12817,13246,0,0.505850509002115
TERM,13247,13268,0,0.505850509002115
TERM,13269,13310,0,0.505850509002115
TERM,13311,13709,0,0.505850509002115
TERM,13710,13998,0,0.505850509002115
TERM,13999,14159,0,0.505850509002115
TERM,14160,14394,0,0.505850509002115
