channel,start_time,stop_time,label,confidence
TERM,1,95,0,0.7050206099374847
TERM,96,248,0,0.7050206099374847
TERM,249,465,0,0.7050206099374847
TERM,466,608,0,0.7050206099374847
TERM,609,902,0,0.7050206099374847
TERM,903,978,0,0.7050206099374847
TERM,979,1395,0,0.7050206099374847
TERM,1396,1778,0,0.7050206099374847
TERM,1779,1993,0,0.7050206099374847
TERM,1994,2371,0,0.7050206099374847
TERM,2372,2672,0,0.7050206099374847
TERM,2673,2954,0,0.7050206099374847
TERM,2955,3334,0,0.7050206099374847
TERM,3335,3631,0,0.7050206099374847
TERM,3632,3877,0,0.7050206099374847
TERM,3878,4309,0,0.7050206099374847
TERM,4310,4744,0,0.7050206099374847
TERM,4745,4798,0,0.7050206099374847
TERM,4799,4943,0,0.7050206099374847
TERM,4944,5055,0,0.7050206099374847
TERM,5056,5406,0,0.7050206099374847
TERM,5407,5754,0,0.7050206099374847
TERM,5755,5983,0,0.7050206099374847
TERM,5984,6059,0,0.7050206099374847
TERM,6060,6121,0,0.7050206099374847
TERM,6122,6213,0,0.7050206099374847
TERM,6214,6313,0,0.7050206099374847
TERM,6314,6809,0,0.7050206099374847
TERM,6810,7303,0,0.7050206099374847
TERM,7304,7446,0,0.7050206099374847
TERM,7447,7916,0,0.7050206099374847
TERM,7917,8214,0,0.7050206099374847
