channel,start_time,stop_time,label,confidence
TERM,1,29,0,0.701080674692074
TERM,30,453,0,0.701080674692074
TERM,454,834,0,0.701080674692074
TERM,835,871,0,0.701080674692074
TERM,872,902,0,0.701080674692074
TERM,903,1389,0,0.701080674692074
TERM,1390,1777,0,0.701080674692074
TERM,1778,1924,0,0.701080674692074
TERM,1925,2235,0,0.701080674692074
TERM,2236,2734,0,0.701080674692074
TERM,2735,3215,0,0.701080674692074
TERM,3216,3552,0,0.701080674692074
TERM,3553,3584,0,0.701080674692074
TERM,3585,4071,0,0.701080674692074
TERM,4072,4286,0,0.701080674692074
TERM,4287,4479,0,0.701080674692074
TERM,4480,4895,0,0.701080674692074
TERM,4896,5343,0,0.701080674692074
TERM,5344,5601,0,0.701080674692074
TERM,5602,5802,0,0.701080674692074
TERM,5803,5869,0,0.701080674692074
TERM,5870,5904,0,0.701080674692074
TERM,5905,6019,0,0.701080674692074
TERM,6020,6261,0,0.701080674692074
TERM,6262,6733,0,0.701080674692074
TERM,6734,6853,0,0.701080674692074
TERM,6854,7052,0,0.701080674692074
TERM,7053,7397,0,0.701080674692074
TERM,7398,7438,0,0.701080674692074
TERM,7439,7571,0,0.701080674692074
TERM,7572,7892,0,0.701080674692074
TERM,7893,7982,0,0.701080674692074
TERM,7983,8228,0,0.701080674692074
TERM,8229,8408,0,0.701080674692074
TERM,8409,8713,0,0.701080674692074
TERM,8714,8901,0,0.701080674692074
TERM,8902,8921,0,0.701080674692074
TERM,8922,9280,0,0.701080674692074
TERM,9281,9780,0,0.701080674692074
TERM,9781,10022,0,0.701080674692074
TERM,10023,10179,0,0.701080674692074
TERM,10180,10640,0,0.701080674692074
TERM,10641,10970,0,0.701080674692074
TERM,10971,11073,0,0.701080674692074
TERM,11074,11238,0,0.701080674692074
TERM,11239,11430,0,0.701080674692074
TERM,11431,11892,0,0.701080674692074
TERM,11893,12199,0,0.701080674692074
TERM,12200,12482,0,0.701080674692074
TERM,12483,12690,0,0.701080674692074
TERM,12691,13072,0,0.701080674692074
TERM,13073,13230,0,0.701080674692074
TERM,13231,13585,0,0.701080674692074
TERM,13586,13670,0,0.701080674692074
TERM,13671,13687,0,0.701080674692074
TERM,13688,14026,0,0.701080674692074
