channel,start_time,stop_time,label,confidence
TERM,1,155,0,0.6211055444388656
TERM,156,279,0,0.6211055444388656
TERM,280,569,0,0.6211055444388656
TERM,570,724,0,0.6211055444388656
TERM,725,868,0,0.6211055444388656
TERM,869,1028,0,0.6211055444388656
TERM,1029,1272,0,0.6211055444388656
TERM,1273,1340,0,0.6211055444388656
TERM,1341,1766,0,0.6211055444388656
TERM,1767,1870,0,0.6211055444388656
TERM,1871,2013,0,0.6211055444388656
TERM,2014,2328,0,0.6211055444388656
TERM,2329,2767,0,0.6211055444388656
TERM,2768,3192,0,0.6211055444388656
TERM,3193,3421,0,0.6211055444388656
TERM,3422,3815,0,0.6211055444388656
TERM,3816,3956,0,0.6211055444388656
TERM,3957,4402,0,0.6211055444388656
TERM,4403,4742,0,0.6211055444388656
TERM,4743,4930,0,0.6211055444388656
TERM,4931,5200,0,0.6211055444388656
TERM,5201,5458,0,0.6211055444388656
TERM,5459,5833,0,0.6211055444388656
TERM,5834,6194,0,0.6211055444388656
TERM,6195,6401,0,0.6211055444388656
TERM,6402,6739,0,0.6211055444388656
TERM,6740,6971,0,0.6211055444388656
TERM,6972,7424,0,0.6211055444388656
TERM,7425,7575,0,0.6211055444388656
TERM,7576,7686,0,0.6211055444388656
TERM,7687,7728,0,0.6211055444388656
TERM,7729,7851,0,0.6211055444388656
TERM,7852,7964,0,0.6211055444388656
TERM,7965,8061,0,0.6211055444388656
TERM,8062,8397,0,0.6211055444388656
TERM,8398,8514,0,0.6211055444388656
TERM,8515,8893,0,0.6211055444388656
TERM,8894,9016,0,0.6211055444388656
TERM,9017,9373,0,0.6211055444388656
TERM,9374,9556,0,0.6211055444388656
TERM,9557,9671,0,0.6211055444388656
TERM,9672,9704,0,0.6211055444388656
TERM,9705,10117,0,0.6211055444388656
TERM,10118,10468,0,0.6211055444388656
TERM,10469,10585,0,0.6211055444388656
TERM,10586,10606,0,0.6211055444388656
TERM,10607,10931,0,0.6211055444388656
TERM,10932,11000,0,0.6211055444388656
TERM,11001,11214,0,0.6211055444388656
TERM,11215,11496,0,0.6211055444388656
TERM,11497,11540,0,0.6211055444388656
TERM,11541,11887,0,0.6211055444388656
TERM,11888,12218,0,0.6211055444388656
TERM,12219,12457,0,0.6211055444388656
TERM,12458,12582,0,0.6211055444388656
