channel,start_time,stop_time,label,confidence
TERM,1,379,0,0.5775518401967006
TERM,380,608,0,0.5775518401967006
TERM,609,876,0,0.5775518401967006
TERM,877,1210,0,0.5775518401967006
TERM,1211,1592,0,0.5775518401967006
TERM,1593,1735,0,0.5775518401967006
TERM,1736,2084,0,0.5775518401967006
TERM,2085,2224,0,0.5775518401967006
TERM,2225,2489,0,0.5775518401967006
TERM,2490,2742,0,0.5775518401967006
TERM,2743,3062,0,0.5775518401967006
TERM,3063,3413,0,0.5775518401967006
TERM,3414,3707,0,0.5775518401967006
TERM,3708,3754,0,0.5775518401967006
TERM,3755,3882,0,0.5775518401967006
TERM,3883,4314,0,0.5775518401967006
TERM,4315,4344,0,0.5775518401967006
TERM,4345,4755,0,0.5775518401967006
TERM,4756,4890,0,0.5775518401967006
TERM,4891,5249,0,0.5775518401967006
TERM,5250,5359,0,0.5775518401967006
TERM,5360,5733,0,0.5775518401967006
TERM,5734,5892,0,0.5775518401967006
TERM,5893,6288,0,0.5775518401967006
TERM,6289,6439,0,0.5775518401967006
TERM,6440,6680,0,0.5775518401967006
TERM,6681,7180,0,0.5775518401967006
TERM,7181,7216,0,0.5775518401967006
TERM,7217,7477,0,0.5775518401967006
TERM,7478,7787,0,0.5775518401967006
TERM,7788,8253,0,0.5775518401967006
TERM,8254,8410,0,0.5775518401967006
TERM,8411,8575,0,0.5775518401967006
TERM,8576,8598,0,0.5775518401967006
TERM,8599,8676,0,0.5775518401967006
TERM,8677,8855,0,0.5775518401967006
TERM,8856,8927,0,0.5775518401967006
TERM,8928,9308,0,0.5775518401967006
TERM,9309,9720,0,0.5775518401967006
TERM,9721,10124,0,0.5775518401967006
TERM,10125,10309,0,0.5775518401967006
TERM,10310,10767,0,0.5775518401967006
TERM,10768,11198,0,0.5775518401967006
TERM,11199,11348,0,0.5775518401967006
TERM,11349,11436,0,0.5775518401967006
TERM,11437,11860,0,0.5775518401967006
TERM,11861,11943,0,0.5775518401967006
TERM,11944,12195,0,0.5775518401967006
TERM,12196,12303,0,0.5775518401967006
TERM,12304,12659,0,0.5775518401967006
TERM,12660,12937,0,0.5775518401967006
TERM,12938,13422,0,0.5775518401967006
TERM,13423,13737,0,0.5775518401967006
TERM,13738,14159,0,0.5775518401967006
TERM,14160,14545,0,0.5775518401967006
TERM,14546,15037,0,0.5775518401967006
TERM,15038,15511,0,0.5775518401967006
TERM,15512,15572,0,0.5775518401967006
TERM,15573,15829,0,0.5775518401967006
TERM,15830,15891,0,0.5775518401967006
