channel,start_time,stop_time,label,confidence
TERM,1,160,0,0.5268929972429977
TERM,161,622,0,0.5268929972429977
TERM,623,815,0,0.5268929972429977
TERM,816,837,0,0.5268929972429977
TERM,838,1167,0,0.5268929972429977
TERM,1168,1245,0,0.5268929972429977
TERM,1246,1280,0,0.5268929972429977
TERM,1281,1590,0,0.5268929972429977
TERM,1591,1896,0,0.5268929972429977
TERM,1897,2157,0,0.5268929972429977
TERM,2158,2242,0,0.5268929972429977
TERM,2243,2370,0,0.5268929972429977
TERM,2371,2644,0,0.5268929972429977
TERM,2645,3114,0,0.5268929972429977
TERM,3115,3533,0,0.5268929972429977
TERM,3534,3800,0,0.5268929972429977
TERM,3801,3932,0,0.5268929972429977
TERM,3933,3981,0,0.5268929972429977
TERM,3982,4418,0,0.5268929972429977
TERM,4419,4519,0,0.5268929972429977
TERM,4520,4945,0,0.5268929972429977
TERM,4946,5006,0,0.5268929972429977
TERM,5007,5411,0,0.5268929972429977
TERM,5412,5437,0,0.5268929972429977
