channel,start_time,stop_time,label,confidence
TERM,1,245,0,0.5183304426538592
TERM,246,309,0,0.5183304426538592
TERM,310,755,0,0.5183304426538592
TERM,756,1117,0,0.5183304426538592
TERM,1118,1269,0,0.5183304426538592
TERM,1270,1720,0,0.5183304426538592
TERM,1721,2219,0,0.5183304426538592
TERM,2220,2690,0,0.5183304426538592
TERM,2691,3079,0,0.5183304426538592
TERM,3080,3155,0,0.5183304426538592
TERM,3156,3187,0,0.5183304426538592
TERM,3188,3459,0,0.5183304426538592
TERM,3460,3518,0,0.5183304426538592
TERM,3519,3558,0,0.5183304426538592
TERM,3559,3852,0,0.5183304426538592
TERM,3853,3983,0,0.5183304426538592
TERM,3984,4348,0,0.5183304426538592
TERM,4349,4539,0,0.5183304426538592
TERM,4540,4941,0,0.5183304426538592
TERM,4942,5074,0,0.5183304426538592
TERM,5075,5355,0,0.5183304426538592
TERM,5356,5401,0,0.5183304426538592
TERM,5402,5755,0,0.5183304426538592
TERM,5756,6233,0,0.5183304426538592
TERM,6234,6600,0,0.5183304426538592
TERM,6601,6905,0,0.5183304426538592
TERM,6906,6920,0,0.5183304426538592
TERM,6921,7387,0,0.5183304426538592
TERM,7388,7590,0,0.5183304426538592
TERM,7591,7614,0,0.5183304426538592
TERM,7615,8091,0,0.5183304426538592
TERM,8092,8587,0,0.5183304426538592
TERM,8588,8756,0,0.5183304426538592
TERM,8757,9213,0,0.5183304426538592
TERM,9214,9397,0,0.5183304426538592
TERM,9398,9555,0,0.5183304426538592
TERM,9556,9913,0,0.5183304426538592
TERM,9914,10313,0,0.5183304426538592
TERM,10314,10624,0,0.5183304426538592
TERM,10625,11060,0,0.5183304426538592
TERM,11061,11449,0,0.5183304426538592
TERM,11450,11770,0,0.5183304426538592
TERM,11771,12227,0,0.5183304426538592
TERM,12228,12559,0,0.5183304426538592
TERM,12560,12929,0,0.5183304426538592
TERM,12930,13055,0,0.5183304426538592
TERM,13056,13346,0,0.5183304426538592
TERM,13347,13389,0,0.5183304426538592
TERM,13390,13432,0,0.5183304426538592
TERM,13433,13577,0,0.5183304426538592
TERM,13578,13588,0,0.5183304426538592
TERM,13589,14058,0,0.5183304426538592
TERM,14059,14462,0,0.5183304426538592
TERM,14463,14653,0,0.5183304426538592
TERM,14654,15043,0,0.5183304426538592
TERM,15044,15477,0,0.5183304426538592
TERM,15478,15853,0,0.5183304426538592
TERM,15854,15923,0,0.5183304426538592
TERM,15924,16252,0,0.5183304426538592
TERM,16253,16575,0,0.5183304426538592
