channel,start_time,stop_time,label,confidence
TERM,1,13,0,0.5394535392509778
TERM,14,403,0,0.5394535392509778
TERM,404,758,0,0.5394535392509778
TERM,759,878,0,0.5394535392509778
TERM,879,1232,0,0.5394535392509778
TERM,1233,1327,0,0.5394535392509778
TERM,1328,1776,0,0.5394535392509778
TERM,1777,2048,0,0.5394535392509778
TERM,2049,2195,0,0.5394535392509778
TERM,2196,2480,0,0.5394535392509778
TERM,2481,2800,0,0.5394535392509778
TERM,2801,3131,0,0.5394535392509778
TERM,3132,3343,0,0.5394535392509778
TERM,3344,3824,0,0.5394535392509778
TERM,3825,4000,0,0.5394535392509778
TERM,4001,4485,0,0.5394535392509778
TERM,4486,4593,0,0.5394535392509778
TERM,4594,4939,0,0.5394535392509778
TERM,4940,5432,0,0.5394535392509778
TERM,5433,5520,0,0.5394535392509778
TERM,5521,5802,0,0.5394535392509778
TERM,5803,6076,0,0.5394535392509778
TERM,6077,6419,0,0.5394535392509778
TERM,6420,6555,0,0.5394535392509778
TERM,6556,7050,0,0.5394535392509778
TERM,7051,7169,0,0.5394535392509778
TERM,7170,7661,0,0.5394535392509778
TERM,7662,7727,0,0.5394535392509778
TERM,7728,7886,0,0.5394535392509778
TERM,7887,8308,0,0.5394535392509778
