channel,start_time,stop_time,label,confidence
TERM,1,153,0,0.5591229746317391
TERM,154,294,0,0.5591229746317391
TERM,295,627,0,0.5591229746317391
TERM,628,785,0,0.5591229746317391
TERM,786,1172,0,0.5591229746317391
TERM,1173,1211,0,0.5591229746317391
TERM,1212,1360,0,0.5591229746317391
TERM,1361,1544,0,0.5591229746317391
TERM,1545,1642,0,0.5591229746317391
TERM,1643,1682,0,0.5591229746317391
TERM,1683,1795,0,0.5591229746317391
TERM,1796,1988,0,0.5591229746317391
TERM,1989,2350,0,0.5591229746317391
TERM,2351,2646,0,0.5591229746317391
TERM,2647,2924,0,0.5591229746317391
TERM,2925,3261,0,0.5591229746317391
TERM,3262,3347,0,0.5591229746317391
TERM,3348,3508,0,0.5591229746317391
TERM,3509,3665,0,0.5591229746317391
TERM,3666,3862,0,0.5591229746317391
TERM,3863,3893,0,0.5591229746317391
TERM,3894,3967,0,0.5591229746317391
TERM,3968,4444,0,0.5591229746317391
TERM,4445,4860,0,0.5591229746317391
TERM,4861,5264,0,0.5591229746317391
TERM,5265,5475,0,0.5591229746317391
TERM,5476,5746,0,0.5591229746317391
TERM,5747,5865,0,0.5591229746317391
TERM,5866,6209,0,0.5591229746317391
TERM,6210,6413,0,0.5591229746317391
TERM,6414,6773,0,0.5591229746317391
TERM,6774,6812,0,0.5591229746317391
TERM,6813,7243,0,0.5591229746317391
TERM,7244,7689,0,0.5591229746317391
TERM,7690,7993,0,0.5591229746317391
TERM,7994,8341,0,0.5591229746317391
TERM,8342,8429,0,0.5591229746317391
TERM,8430,8707,0,0.5591229746317391
TERM,8708,9086,0,0.5591229746317391
TERM,9087,9585,0,0.5591229746317391
TERM,9586,9988,0,0.5591229746317391
TERM,9989,10351,0,0.5591229746317391
TERM,10352,10488,0,0.5591229746317391
TERM,10489,10953,0,0.5591229746317391
TERM,10954,11033,0,0.5591229746317391
TERM,11034,11266,0,0.5591229746317391
TERM,11267,11739,0,0.5591229746317391
TERM,11740,12100,0,0.5591229746317391
TERM,12101,12282,0,0.5591229746317391
TERM,12283,12308,0,0.5591229746317391
TERM,12309,12601,0,0.5591229746317391
TERM,12602,12872,0,0.5591229746317391
TERM,12873,12892,0,0.5591229746317391
TERM,12893,12955,0,0.5591229746317391
TERM,12956,12983,0,0.5591229746317391
