channel,start_time,stop_time,label,confidence
TERM,1,36,0,0.4489682326690112
TERM,37,326,0,0.4489682326690112
TERM,327,448,0,0.4489682326690112
TERM,449,645,0,0.4489682326690112
TERM,646,1048,0,0.4489682326690112
TERM,1049,1171,0,0.4489682326690112
TERM,1172,1593,0,0.4489682326690112
TERM,1594,1735,0,0.4489682326690112
TERM,1736,1783,0,0.4489682326690112
TERM,1784,1877,0,0.4489682326690112
TERM,1878,2019,0,0.4489682326690112
TERM,2020,2135,0,0.4489682326690112
TERM,2136,2469,0,0.4489682326690112
TERM,2470,2623,0,0.4489682326690112
TERM,2624,2959,0,0.4489682326690112
