channel,start_time,stop_time,label,confidence
TERM,1,403,0,0.6715105050676629
TERM,404,609,0,0.6715105050676629
TERM,610,930,0,0.6715105050676629
TERM,931,1217,0,0.6715105050676629
TERM,1218,1674,0,0.6715105050676629
TERM,1675,1943,0,0.6715105050676629
TERM,1944,2186,0,0.6715105050676629
TERM,2187,2386,0,0.6715105050676629
TERM,2387,2669,0,0.6715105050676629
TERM,2670,2947,0,0.6715105050676629
TERM,2948,3362,0,0.6715105050676629
TERM,3363,3634,0,0.6715105050676629
TERM,3635,3835,0,0.6715105050676629
TERM,3836,3930,0,0.6715105050676629
