channel,start_time,stop_time,label,confidence
TERM,1,313,0,0.6003188032427564
TERM,314,702,0,0.6003188032427564
TERM,703,1002,0,0.6003188032427564
TERM,1003,1395,0,0.6003188032427564
TERM,1396,1457,0,0.6003188032427564
TERM,1458,1638,0,0.6003188032427564
TERM,1639,1773,0,0.6003188032427564
TERM,1774,2193,0,0.6003188032427564
TERM,2194,2477,0,0.6003188032427564
TERM,2478,2937,0,0.6003188032427564
TERM,2938,3107,0,0.6003188032427564
TERM,3108,3413,0,0.6003188032427564
TERM,3414,3622,0,0.6003188032427564
TERM,3623,3885,0,0.6003188032427564
TERM,3886,4212,0,0.6003188032427564
TERM,4213,4650,0,0.6003188032427564
TERM,4651,4947,0,0.6003188032427564
TERM,4948,5356,0,0.6003188032427564
TERM,5357,5557,0,0.6003188032427564
TERM,5558,5679,0,0.6003188032427564
TERM,5680,5764,0,0.6003188032427564
TERM,5765,6263,0,0.6003188032427564
TERM,6264,6612,0,0.6003188032427564
TERM,6613,6929,0,0.6003188032427564
TERM,6930,7114,0,0.6003188032427564
TERM,7115,7214,0,0.6003188032427564
TERM,7215,7586,0,0.6003188032427564
TERM,7587,7706,0,0.6003188032427564
TERM,7707,7744,0,0.6003188032427564
TERM,7745,7810,0,0.6003188032427564
TERM,7811,8200,0,0.6003188032427564
TERM,8201,8349,0,0.6003188032427564
TERM,8350,8796,0,0.6003188032427564
TERM,8797,9173,0,0.6003188032427564
TERM,9174,9288,0,0.6003188032427564
TERM,9289,9601,0,0.6003188032427564
TERM,9602,9720,0,0.6003188032427564
TERM,9721,9936,0,0.6003188032427564
TERM,9937,10427,0,0.6003188032427564
TERM,10428,10650,0,0.6003188032427564
TERM,10651,10982,0,0.6003188032427564
TERM,10983,11201,0,0.6003188032427564
TERM,11202,11606,0,0.6003188032427564
TERM,11607,11931,0,0.6003188032427564
TERM,11932,12286,0,0.6003188032427564
TERM,12287,12774,0,0.6003188032427564
TERM,12775,13139,0,0.6003188032427564
TERM,13140,13273,0,0.6003188032427564
