channel,start_time,stop_time,label,confidence
TERM,1,389,0,0.4352300260182601
TERM,390,796,0,0.4352300260182601
TERM,797,1210,0,0.4352300260182601
TERM,1211,1641,0,0.4352300260182601
TERM,1642,1954,0,0.4352300260182601
TERM,1955,2447,0,0.4352300260182601
TERM,2448,2873,0,0.4352300260182601
TERM,2874,3154,0,0.4352300260182601
TERM,3155,3511,0,0.4352300260182601
TERM,3512,3981,0,0.4352300260182601
TERM,3982,4069,0,0.4352300260182601
