channel,start_time,stop_time,label,confidence
TERM,1,396,0,0.7286722820610042
TERM,397,841,0,0.7286722820610042
TERM,842,1202,0,0.7286722820610042
TERM,1203,1283,0,0.7286722820610042
TERM,1284,1483,0,0.7286722820610042
TERM,1484,1932,0,0.7286722820610042
TERM,1933,2079,0,0.7286722820610042
TERM,2080,2486,0,0.7286722820610042
TERM,2487,2981,0,0.7286722820610042
TERM,2982,3247,0,0.7286722820610042
TERM,3248,3323,0,0.7286722820610042
TERM,3324,3416,0,0.7286722820610042
TERM,3417,3837,0,0.7286722820610042
TERM,3838,4270,0,0.7286722820610042
TERM,4271,4556,0,0.7286722820610042
TERM,4557,4746,0,0.7286722820610042
TERM,4747,5002,0,0.7286722820610042
TERM,5003,5418,0,0.7286722820610042
TERM,5419,5839,0,0.7286722820610042
TERM,5840,6059,0,0.7286722820610042
TERM,6060,6306,0,0.7286722820610042
TERM,6307,6524,0,0.7286722820610042
TERM,6525,6664,0,0.7286722820610042
TERM,6665,6817,0,0.7286722820610042
TERM,6818,7121,0,0.7286722820610042
TERM,7122,7268,0,0.7286722820610042
TERM,7269,7678,0,0.7286722820610042
TERM,7679,8142,0,0.7286722820610042
TERM,8143,8296,0,0.7286722820610042
TERM,8297,8421,0,0.7286722820610042
TERM,8422,8472,0,0.7286722820610042
TERM,8473,8556,0,0.7286722820610042
TERM,8557,8747,0,0.7286722820610042
TERM,8748,8994,0,0.7286722820610042
TERM,8995,9467,0,0.7286722820610042
TERM,9468,9514,0,0.7286722820610042
TERM,9515,9936,0,0.7286722820610042
TERM,9937,10169,0,0.7286722820610042
TERM,10170,10373,0,0.7286722820610042
TERM,10374,10846,0,0.7286722820610042
TERM,10847,11166,0,0.7286722820610042
TERM,11167,11605,0,0.7286722820610042
TERM,11606,11637,0,0.7286722820610042
TERM,11638,11693,0,0.7286722820610042
TERM,11694,12035,0,0.7286722820610042
TERM,12036,12083,0,0.7286722820610042
TERM,12084,12107,0,0.7286722820610042
TERM,12108,12437,0,0.7286722820610042
TERM,12438,12575,0,0.7286722820610042
TERM,12576,12718,0,0.7286722820610042
TERM,12719,12805,0,0.7286722820610042
TERM,12806,13275,0,0.7286722820610042
TERM,13276,13751,0,0.7286722820610042
TERM,13752,13933,0,0.7286722820610042
TERM,13934,14264,0,0.7286722820610042
TERM,14265,14594,0,0.7286722820610042
