channel,start_time,stop_time,label,confidence
TERM,1,50,0,0.65421972484371
TERM,51,109,0,0.65421972484371
TERM,110,522,0,0.65421972484371
TERM,523,535,0,0.65421972484371
TERM,536,567,0,0.65421972484371
TERM,568,775,0,0.65421972484371
TERM,776,1202,0,0.65421972484371
TERM,1203,1361,0,0.65421972484371
TERM,1362,1506,0,0.65421972484371
TERM,1507,1580,0,0.65421972484371
TERM,1581,1921,0,0.65421972484371
TERM,1922,2368,0,0.65421972484371
TERM,2369,2544,0,0.65421972484371
TERM,2545,2738,0,0.65421972484371
