channel,start_time,stop_time,label,confidence
TERM,1,105,0,0.421684572969819
TERM,106,572,0,0.421684572969819
TERM,573,823,0,0.421684572969819
TERM,824,865,0,0.421684572969819
TERM,866,1118,0,0.421684572969819
TERM,1119,1516,0,0.421684572969819
TERM,1517,1765,0,0.421684572969819
TERM,1766,1870,0,0.421684572969819
TERM,1871,2104,0,0.421684572969819
TERM,2105,2251,0,0.421684572969819
TERM,2252,2577,0,0.421684572969819
TERM,2578,3015,0,0.421684572969819
TERM,3016,3229,0,0.421684572969819
TERM,3230,3335,0,0.421684572969819
