channel,start_time,stop_time,label,confidence
TERM,1,245,0,0.8739505649111433
TERM,246,561,0,0.8739505649111433
TERM,562,997,0,0.8739505649111433
TERM,998,1439,0,0.8739505649111433
TERM,1440,1832,0,0.8739505649111433
TERM,1833,1894,0,0.8739505649111433
TERM,1895,2282,0,0.8739505649111433
TERM,2283,2721,0,0.8739505649111433
TERM,2722,2888,0,0.8739505649111433
TERM,2889,3091,0,0.8739505649111433
TERM,3092,3115,0,0.8739505649111433
TERM,3116,3401,0,0.8739505649111433
TERM,3402,3824,0,0.8739505649111433
TERM,3825,4134,0,0.8739505649111433
TERM,4135,4517,0,0.8739505649111433
TERM,4518,4597,0,0.8739505649111433
