channel,start_time,stop_time,label,confidence
TERM,1,164,0,0.5608908335420242
TERM,165,450,0,0.5608908335420242
TERM,451,763,0,0.5608908335420242
TERM,764,913,0,0.5608908335420242
TERM,914,953,0,0.5608908335420242
TERM,954,1041,0,0.5608908335420242
TERM,1042,1535,0,0.5608908335420242
TERM,1536,1716,0,0.5608908335420242
TERM,1717,1787,0,0.5608908335420242
TERM,1788,1913,0,0.5608908335420242
TERM,1914,1995,0,0.5608908335420242
TERM,1996,2181,0,0.5608908335420242
TERM,2182,2517,0,0.5608908335420242
TERM,2518,2821,0,0.5608908335420242
TERM,2822,2927,0,0.5608908335420242
TERM,2928,3161,0,0.5608908335420242
TERM,3162,3194,0,0.5608908335420242
TERM,3195,3467,0,0.5608908335420242
TERM,3468,3786,0,0.5608908335420242
TERM,3787,3999,0,0.5608908335420242
TERM,4000,4357,0,0.5608908335420242
TERM,4358,4817,0,0.5608908335420242
TERM,4818,5038,0,0.5608908335420242
TERM,5039,5301,0,0.5608908335420242
TERM,5302,5754,0,0.5608908335420242
TERM,5755,6234,0,0.5608908335420242
TERM,6235,6613,0,0.5608908335420242
TERM,6614,6687,0,0.5608908335420242
TERM,6688,6815,0,0.5608908335420242
TERM,6816,6966,0,0.5608908335420242
TERM,6967,7313,0,0.5608908335420242
TERM,7314,7467,0,0.5608908335420242
TERM,7468,7823,0,0.5608908335420242
TERM,7824,8138,0,0.5608908335420242
TERM,8139,8516,0,0.5608908335420242
TERM,8517,8662,0,0.5608908335420242
TERM,8663,8929,0,0.5608908335420242
TERM,8930,9330,0,0.5608908335420242
TERM,9331,9583,0,0.5608908335420242
