channel,start_time,stop_time,label,confidence
TERM,1,477,0,0.6231547582498571
TERM,478,977,0,0.6231547582498571
TERM,978,1298,0,0.6231547582498571
TERM,1299,1365,0,0.6231547582498571
TERM,1366,1645,0,0.6231547582498571
TERM,1646,2099,0,0.6231547582498571
TERM,2100,2242,0,0.6231547582498571
TERM,2243,2449,0,0.6231547582498571
TERM,2450,2782,0,0.6231547582498571
TERM,2783,3001,0,0.6231547582498571
TERM,3002,3147,0,0.6231547582498571
TERM,3148,3438,0,0.6231547582498571
TERM,3439,3710,0,0.6231547582498571
TERM,3711,4096,0,0.6231547582498571
TERM,4097,4358,0,0.6231547582498571
TERM,4359,4464,0,0.6231547582498571
TERM,4465,4916,0,0.6231547582498571
TERM,4917,5210,0,0.6231547582498571
TERM,5211,5631,0,0.6231547582498571
TERM,5632,6057,0,0.6231547582498571
TERM,6058,6401,0,0.6231547582498571
TERM,6402,6439,0,0.6231547582498571
TERM,6440,6845,0,0.6231547582498571
TERM,6846,6957,0,0.6231547582498571
TERM,6958,7060,0,0.6231547582498571
TERM,7061,7211,0,0.6231547582498571
TERM,7212,7538,0,0.6231547582498571
TERM,7539,7748,0,0.6231547582498571
TERM,7749,8209,0,0.6231547582498571
TERM,8210,8695,0,0.6231547582498571
TERM,8696,8723,0,0.6231547582498571
TERM,8724,8924,0,0.6231547582498571
