channel,start_time,stop_time,label,confidence
TERM,1,82,0,0.4090415346044539
TERM,83,302,0,0.4090415346044539
TERM,303,443,0,0.4090415346044539
TERM,444,572,0,0.4090415346044539
TERM,573,785,0,0.4090415346044539
TERM,786,1245,0,0.4090415346044539
TERM,1246,1737,0,0.4090415346044539
TERM,1738,1937,0,0.4090415346044539
TERM,1938,2049,0,0.4090415346044539
TERM,2050,2347,0,0.4090415346044539
TERM,2348,2560,0,0.4090415346044539
TERM,2561,2627,0,0.4090415346044539
TERM,2628,3055,0,0.4090415346044539
TERM,3056,3140,0,0.4090415346044539
TERM,3141,3480,0,0.4090415346044539
TERM,3481,3827,0,0.4090415346044539
TERM,3828,3852,0,0.4090415346044539
TERM,3853,4066,0,0.4090415346044539
TERM,4067,4448,0,0.4090415346044539
TERM,4449,4514,0,0.4090415346044539
TERM,4515,4796,0,0.4090415346044539
TERM,4797,4812,0,0.4090415346044539
TERM,4813,5013,0,0.4090415346044539
TERM,5014,5369,0,0.4090415346044539
TERM,5370,5671,0,0.4090415346044539
TERM,5672,5923,0,0.4090415346044539
TERM,5924,6010,0,0.4090415346044539
TERM,6011,6481,0,0.4090415346044539
TERM,6482,6602,0,0.4090415346044539
TERM,6603,6768,0,0.4090415346044539
TERM,6769,6963,0,0.4090415346044539
TERM,6964,7141,0,0.4090415346044539
TERM,7142,7543,0,0.4090415346044539
TERM,7544,7876,0,0.4090415346044539
TERM,7877,7967,0,0.4090415346044539
TERM,7968,8034,0,0.4090415346044539
TERM,8035,8347,0,0.4090415346044539
TERM,8348,8822,0,0.4090415346044539
TERM,8823,8969,0,0.4090415346044539
TERM,8970,9155,0,0.4090415346044539
TERM,9156,9360,0,0.4090415346044539
TERM,9361,9395,0,0.4090415346044539
TERM,9396,9788,0,0.4090415346044539
TERM,9789,9892,0,0.4090415346044539
TERM,9893,10364,0,0.4090415346044539
TERM,10365,10641,0,0.4090415346044539
TERM,10642,10845,0,0.4090415346044539
TERM,10846,11267,0,0.4090415346044539
