channel,start_time,stop_time,label,confidence
TERM,1,279,0,0.6187802098792465
TERM,280,380,0,0.6187802098792465
TERM,381,544,0,0.6187802098792465
TERM,545,744,0,0.6187802098792465
TERM,745,954,0,0.6187802098792465
TERM,955,1132,0,0.6187802098792465
TERM,1133,1155,0,0.6187802098792465
TERM,1156,1305,0,0.6187802098792465
TERM,1306,1736,0,0.6187802098792465
TERM,1737,2194,0,0.6187802098792465
TERM,2195,2621,0,0.6187802098792465
TERM,2622,2954,0,0.6187802098792465
TERM,2955,2971,0,0.6187802098792465
TERM,2972,3184,0,0.6187802098792465
TERM,3185,3453,0,0.6187802098792465
TERM,3454,3473,0,0.6187802098792465
TERM,3474,3909,0,0.6187802098792465
TERM,3910,4051,0,0.6187802098792465
TERM,4052,4522,0,0.6187802098792465
TERM,4523,4989,0,0.6187802098792465
TERM,4990,5259,0,0.6187802098792465
TERM,5260,5376,0,0.6187802098792465
TERM,5377,5862,0,0.6187802098792465
TERM,5863,6023,0,0.6187802098792465
TERM,6024,6509,0,0.6187802098792465
TERM,6510,6524,0,0.6187802098792465
TERM,6525,6845,0,0.6187802098792465
TERM,6846,7042,0,0.6187802098792465
TERM,7043,7291,0,0.6187802098792465
TERM,7292,7630,0,0.6187802098792465
TERM,7631,8100,0,0.6187802098792465
TERM,8101,8117,0,0.6187802098792465
TERM,8118,8201,0,0.6187802098792465
TERM,8202,8339,0,0.6187802098792465
TERM,8340,8804,0,0.6187802098792465
TERM,8805,8985,0,0.6187802098792465
TERM,8986,9068,0,0.6187802098792465
TERM,9069,9379,0,0.6187802098792465
TERM,9380,9459,0,0.6187802098792465
TERM,9460,9675,0,0.6187802098792465
TERM,9676,9836,0,0.6187802098792465
TERM,9837,9861,0,0.6187802098792465
TERM,9862,10195,0,0.6187802098792465
TERM,10196,10239,0,0.6187802098792465
TERM,10240,10338,0,0.6187802098792465
TERM,10339,10564,0,0.6187802098792465
TERM,10565,10967,0,0.6187802098792465
TERM,10968,11246,0,0.6187802098792465
TERM,11247,11721,0,0.6187802098792465
TERM,11722,11936,0,0.6187802098792465
TERM,11937,12209,0,0.6187802098792465
TERM,12210,12599,0,0.6187802098792465
TERM,12600,12854,0,0.6187802098792465
TERM,12855,12904,0,0.6187802098792465
TERM,12905,13400,0,0.6187802098792465
TERM,13401,13426,0,0.6187802098792465
