channel,start_time,stop_time,label,confidence
TERM,1,392,0,0.5246529045238006
TERM,393,866,0,0.5246529045238006
TERM,867,1120,0,0.5246529045238006
TERM,1121,1328,0,0.5246529045238006
TERM,1329,1698,0,0.5246529045238006
TERM,1699,1778,0,0.5246529045238006
TERM,1779,2259,0,0.5246529045238006
TERM,2260,2564,0,0.5246529045238006
TERM,2565,2947,0,0.5246529045238006
TERM,2948,3179,0,0.5246529045238006
TERM,3180,3578,0,0.5246529045238006
TERM,3579,3681,0,0.5246529045238006
TERM,3682,3935,0,0.5246529045238006
TERM,3936,4064,0,0.5246529045238006
TERM,4065,4216,0,0.5246529045238006
TERM,4217,4255,0,0.5246529045238006
