channel,start_time,stop_time,label,confidence
TERM,1,245,0,0.82189751858604
TERM,246,419,0,0.82189751858604
TERM,420,712,0,0.82189751858604
TERM,713,1208,0,0.82189751858604
TERM,1209,1695,0,0.82189751858604
TERM,1696,2134,0,0.82189751858604
TERM,2135,2359,0,0.82189751858604
TERM,2360,2456,0,0.82189751858604
TERM,2457,2650,0,0.82189751858604
TERM,2651,2802,0,0.82189751858604
TERM,2803,2973,0,0.82189751858604
TERM,2974,3464,0,0.82189751858604
TERM,3465,3783,0,0.82189751858604
TERM,3784,4204,0,0.82189751858604
TERM,4205,4249,0,0.82189751858604
TERM,4250,4617,0,0.82189751858604
TERM,4618,4865,0,0.82189751858604
TERM,4866,5207,0,0.82189751858604
TERM,5208,5355,0,0.82189751858604
TERM,5356,5691,0,0.82189751858604
TERM,5692,6009,0,0.82189751858604
TERM,6010,6374,0,0.82189751858604
TERM,6375,6824,0,0.82189751858604
TERM,6825,7157,0,0.82189751858604
TERM,7158,7467,0,0.82189751858604
TERM,7468,7876,0,0.82189751858604
TERM,7877,8124,0,0.82189751858604
TERM,8125,8274,0,0.82189751858604
TERM,8275,8501,0,0.82189751858604
TERM,8502,8948,0,0.82189751858604
TERM,8949,8991,0,0.82189751858604
TERM,8992,9356,0,0.82189751858604
