channel,start_time,stop_time,label,confidence
TERM,1,120,0,0.4864537191181887
TERM,121,290,0,0.4864537191181887
TERM,291,470,0,0.4864537191181887
TERM,471,534,0,0.4864537191181887
TERM,535,934,0,0.4864537191181887
TERM,935,1057,0,0.4864537191181887
TERM,1058,1368,0,0.4864537191181887
TERM,1369,1421,0,0.4864537191181887
TERM,1422,1567,0,0.4864537191181887
TERM,1568,1728,0,0.4864537191181887
TERM,1729,2055,0,0.4864537191181887
TERM,2056,2433,0,0.4864537191181887
TERM,2434,2729,0,0.4864537191181887
TERM,2730,3112,0,0.4864537191181887
TERM,3113,3298,0,0.4864537191181887
TERM,3299,3608,0,0.4864537191181887
TERM,3609,4055,0,0.4864537191181887
TERM,4056,4265,0,0.4864537191181887
TERM,4266,4643,0,0.4864537191181887
TERM,4644,4681,0,0.4864537191181887
TERM,4682,4976,0,0.4864537191181887
TERM,4977,5475,0,0.4864537191181887
TERM,5476,5941,0,0.4864537191181887
TERM,5942,6087,0,0.4864537191181887
TERM,6088,6569,0,0.4864537191181887
TERM,6570,6967,0,0.4864537191181887
TERM,6968,7091,0,0.4864537191181887
TERM,7092,7531,0,0.4864537191181887
TERM,7532,7555,0,0.4864537191181887
TERM,7556,7782,0,0.4864537191181887
TERM,7783,8201,0,0.4864537191181887
TERM,8202,8680,0,0.4864537191181887
TERM,8681,8773,0,0.4864537191181887
TERM,8774,8935,0,0.4864537191181887
TERM,8936,9138,0,0.4864537191181887
TERM,9139,9205,0,0.4864537191181887
TERM,9206,9331,0,0.4864537191181887
TERM,9332,9447,0,0.4864537191181887
TERM,9448,9880,0,0.4864537191181887
TERM,9881,10003,0,0.4864537191181887
TERM,10004,10049,0,0.4864537191181887
TERM,10050,10127,0,0.4864537191181887
TERM,10128,10184,0,0.4864537191181887
TERM,10185,10302,0,0.4864537191181887
TERM,10303,10407,0,0.4864537191181887
TERM,10408,10896,0,0.4864537191181887
TERM,10897,11393,0,0.4864537191181887
TERM,11394,11697,0,0.4864537191181887
TERM,11698,11935,0,0.4864537191181887
TERM,11936,12147,0,0.4864537191181887
TERM,12148,12216,0,0.4864537191181887
TERM,12217,12647,0,0.4864537191181887
TERM,12648,12753,0,0.4864537191181887
TERM,12754,13244,0,0.4864537191181887
TERM,13245,13681,0,0.4864537191181887
TERM,13682,14049,0,0.4864537191181887
TERM,14050,14457,0,0.4864537191181887
TERM,14458,14746,0,0.4864537191181887
TERM,14747,14828,0,0.4864537191181887
TERM,14829,15061,0,0.4864537191181887
TERM,15062,15507,0,0.4864537191181887
TERM,15508,16001,0,0.4864537191181887
TERM,16002,16190,0,0.4864537191181887
TERM,16191,16415,0,0.4864537191181887
TERM,16416,16783,0,0.4864537191181887
TERM,16784,17014,0,0.4864537191181887
