channel,start_time,stop_time,label,confidence
TERM,1,231,0,0.6519253392778022
TERM,232,397,0,0.6519253392778022
TERM,398,593,0,0.6519253392778022
TERM,594,900,0,0.6519253392778022
TERM,901,1375,0,0.6519253392778022
TERM,1376,1735,0,0.6519253392778022
TERM,1736,1857,0,0.6519253392778022
TERM,1858,2254,0,0.6519253392778022
TERM,2255,2363,0,0.6519253392778022
TERM,2364,2413,0,0.6519253392778022
TERM,2414,2512,0,0.6519253392778022
TERM,2513,2798,0,0.6519253392778022
TERM,2799,2904,0,0.6519253392778022
TERM,2905,3355,0,0.6519253392778022
TERM,3356,3458,0,0.6519253392778022
TERM,3459,3836,0,0.6519253392778022
TERM,3837,3953,0,0.6519253392778022
TERM,3954,4039,0,0.6519253392778022
TERM,4040,4214,0,0.6519253392778022
TERM,4215,4448,0,0.6519253392778022
TERM,4449,4887,0,0.6519253392778022
TERM,4888,5284,0,0.6519253392778022
TERM,5285,5671,0,0.6519253392778022
TERM,5672,5851,0,0.6519253392778022
TERM,5852,5916,0,0.6519253392778022
TERM,5917,6371,0,0.6519253392778022
TERM,6372,6591,0,0.6519253392778022
TERM,6592,6804,0,0.6519253392778022
TERM,6805,7141,0,0.6519253392778022
TERM,7142,7393,0,0.6519253392778022
TERM,7394,7478,0,0.6519253392778022
TERM,7479,7490,0,0.6519253392778022
TERM,7491,7807,0,0.6519253392778022
TERM,7808,8174,0,0.6519253392778022
TERM,8175,8383,0,0.6519253392778022
TERM,8384,8429,0,0.6519253392778022
TERM,8430,8443,0,0.6519253392778022
TERM,8444,8916,0,0.6519253392778022
TERM,8917,9397,0,0.6519253392778022
TERM,9398,9632,0,0.6519253392778022
TERM,9633,9978,0,0.6519253392778022
TERM,9979,10022,0,0.6519253392778022
TERM,10023,10288,0,0.6519253392778022
TERM,10289,10684,0,0.6519253392778022
TERM,10685,11019,0,0.6519253392778022
TERM,11020,11126,0,0.6519253392778022
TERM,11127,11195,0,0.6519253392778022
TERM,11196,11298,0,0.6519253392778022
