channel,start_time,stop_time,label,confidence
TERM,1,158,0,0.5613001706774077
TERM,159,624,0,0.5613001706774077
TERM,625,640,0,0.5613001706774077
TERM,641,956,0,0.5613001706774077
TERM,957,1109,0,0.5613001706774077
TERM,1110,1441,0,0.5613001706774077
TERM,1442,1629,0,0.5613001706774077
TERM,1630,1653,0,0.5613001706774077
TERM,1654,1738,0,0.5613001706774077
TERM,1739,2213,0,0.5613001706774077
TERM,2214,2300,0,0.5613001706774077
TERM,2301,2445,0,0.5613001706774077
TERM,2446,2669,0,0.5613001706774077
TERM,2670,3031,0,0.5613001706774077
TERM,3032,3298,0,0.5613001706774077
TERM,3299,3704,0,0.5613001706774077
TERM,3705,4134,0,0.5613001706774077
TERM,4135,4306,0,0.5613001706774077
TERM,4307,4778,0,0.5613001706774077
TERM,4779,4999,0,0.5613001706774077
TERM,5000,5311,0,0.5613001706774077
TERM,5312,5406,0,0.5613001706774077
TERM,5407,5878,0,0.5613001706774077
TERM,5879,6220,0,0.5613001706774077
TERM,6221,6536,0,0.5613001706774077
TERM,6537,6767,0,0.5613001706774077
TERM,6768,7184,0,0.5613001706774077
TERM,7185,7460,0,0.5613001706774077
TERM,7461,7645,0,0.5613001706774077
TERM,7646,7882,0,0.5613001706774077
TERM,7883,8134,0,0.5613001706774077
TERM,8135,8620,0,0.5613001706774077
TERM,8621,8796,0,0.5613001706774077
TERM,8797,9048,0,0.5613001706774077
TERM,9049,9339,0,0.5613001706774077
TERM,9340,9657,0,0.5613001706774077
TERM,9658,9883,0,0.5613001706774077
TERM,9884,10078,0,0.5613001706774077
TERM,10079,10566,0,0.5613001706774077
