channel,start_time,stop_time,label,confidence
TERM,1,391,0,0.6115530522597097
TERM,392,564,0,0.6115530522597097
TERM,565,866,0,0.6115530522597097
TERM,867,1064,0,0.6115530522597097
TERM,1065,1121,0,0.6115530522597097
TERM,1122,1183,0,0.6115530522597097
TERM,1184,1382,0,0.6115530522597097
TERM,1383,1641,0,0.6115530522597097
TERM,1642,1971,0,0.6115530522597097
TERM,1972,2085,0,0.6115530522597097
TERM,2086,2546,0,0.6115530522597097
TERM,2547,2564,0,0.6115530522597097
TERM,2565,2819,0,0.6115530522597097
TERM,2820,3253,0,0.6115530522597097
TERM,3254,3506,0,0.6115530522597097
TERM,3507,3521,0,0.6115530522597097
TERM,3522,3535,0,0.6115530522597097
TERM,3536,4013,0,0.6115530522597097
TERM,4014,4329,0,0.6115530522597097
TERM,4330,4729,0,0.6115530522597097
TERM,4730,4846,0,0.6115530522597097
TERM,4847,4913,0,0.6115530522597097
TERM,4914,5160,0,0.6115530522597097
TERM,5161,5637,0,0.6115530522597097
TERM,5638,6101,0,0.6115530522597097
TERM,6102,6180,0,0.6115530522597097
TERM,6181,6408,0,0.6115530522597097
TERM,6409,6560,0,0.6115530522597097
TERM,6561,6984,0,0.6115530522597097
TERM,6985,7453,0,0.6115530522597097
