channel,start_time,stop_time,label,confidence
TERM,1,323,0,0.665220280917209
TERM,324,370,0,0.665220280917209
TERM,371,608,0,0.665220280917209
TERM,609,895,0,0.665220280917209
TERM,896,1385,0,0.665220280917209
TERM,1386,1430,0,0.665220280917209
TERM,1431,1685,0,0.665220280917209
TERM,1686,1974,0,0.665220280917209
TERM,1975,2439,0,0.665220280917209
TERM,2440,2853,0,0.665220280917209
TERM,2854,3036,0,0.665220280917209
TERM,3037,3156,0,0.665220280917209
TERM,3157,3256,0,0.665220280917209
TERM,3257,3719,0,0.665220280917209
TERM,3720,4163,0,0.665220280917209
TERM,4164,4595,0,0.665220280917209
TERM,4596,4880,0,0.665220280917209
TERM,4881,4969,0,0.665220280917209
TERM,4970,5225,0,0.665220280917209
TERM,5226,5324,0,0.665220280917209
TERM,5325,5409,0,0.665220280917209
TERM,5410,5693,0,0.665220280917209
TERM,5694,5857,0,0.665220280917209
TERM,5858,6029,0,0.665220280917209
TERM,6030,6501,0,0.665220280917209
TERM,6502,6997,0,0.665220280917209
TERM,6998,7374,0,0.665220280917209
TERM,7375,7696,0,0.665220280917209
TERM,7697,8091,0,0.665220280917209
TERM,8092,8532,0,0.665220280917209
TERM,8533,8587,0,0.665220280917209
TERM,8588,8725,0,0.665220280917209
TERM,8726,8740,0,0.665220280917209
TERM,8741,9206,0,0.665220280917209
TERM,9207,9418,0,0.665220280917209
TERM,9419,9697,0,0.665220280917209
TERM,9698,9795,0,0.665220280917209
TERM,9796,9904,0,0.665220280917209
TERM,9905,9991,0,0.665220280917209
TERM,9992,10112,0,0.665220280917209
TERM,10113,10569,0,0.665220280917209
TERM,10570,10677,0,0.665220280917209
TERM,10678,10881,0,0.665220280917209
TERM,10882,11331,0,0.665220280917209
TERM,11332,11442,0,0.665220280917209
