channel,start_time,stop_time,label,confidence
TERM,1,248,0,0.5416669698495664
TERM,249,583,0,0.5416669698495664
TERM,584,954,0,0.5416669698495664
TERM,955,1294,0,0.5416669698495664
TERM,1295,1792,0,0.5416669698495664
TERM,1793,2123,0,0.5416669698495664
TERM,2124,2148,0,0.5416669698495664
TERM,2149,2507,0,0.5416669698495664
TERM,2508,2909,0,0.5416669698495664
TERM,2910,3000,0,0.5416669698495664
TERM,3001,3420,0,0.5416669698495664
TERM,3421,3759,0,0.5416669698495664
