channel,start_time,stop_time,label,confidence
TERM,1,338,0,0.4953368688358375
TERM,339,546,0,0.4953368688358375
TERM,547,610,0,0.4953368688358375
TERM,611,950,0,0.4953368688358375
TERM,951,1291,0,0.4953368688358375
TERM,1292,1306,0,0.4953368688358375
TERM,1307,1721,0,0.4953368688358375
TERM,1722,2105,0,0.4953368688358375
TERM,2106,2369,0,0.4953368688358375
TERM,2370,2421,0,0.4953368688358375
TERM,2422,2918,0,0.4953368688358375
TERM,2919,3349,0,0.4953368688358375
TERM,3350,3772,0,0.4953368688358375
TERM,3773,4054,0,0.4953368688358375
TERM,4055,4504,0,0.4953368688358375
TERM,4505,4537,0,0.4953368688358375
TERM,4538,4590,0,0.4953368688358375
TERM,4591,4923,0,0.4953368688358375
TERM,4924,5413,0,0.4953368688358375
TERM,5414,5670,0,0.4953368688358375
TERM,5671,6037,0,0.4953368688358375
TERM,6038,6364,0,0.4953368688358375
TERM,6365,6384,0,0.4953368688358375
TERM,6385,6823,0,0.4953368688358375
TERM,6824,6933,0,0.4953368688358375
TERM,6934,7393,0,0.4953368688358375
TERM,7394,7407,0,0.4953368688358375
TERM,7408,7710,0,0.4953368688358375
TERM,7711,8057,0,0.4953368688358375
TERM,8058,8533,0,0.4953368688358375
TERM,8534,8792,0,0.4953368688358375
TERM,8793,8898,0,0.4953368688358375
TERM,8899,9122,0,0.4953368688358375
TERM,9123,9571,0,0.4953368688358375
TERM,9572,9635,0,0.4953368688358375
TERM,9636,9759,0,0.4953368688358375
TERM,9760,9920,0,0.4953368688358375
TERM,9921,10381,0,0.4953368688358375
TERM,10382,10844,0,0.4953368688358375
TERM,10845,11221,0,0.4953368688358375
TERM,11222,11477,0,0.4953368688358375
TERM,11478,11909,0,0.4953368688358375
