channel,start_time,stop_time,label,confidence
TERM,1,399,0,0.2024916912397447
TERM,400,875,0,0.2024916912397447
TERM,876,1272,0,0.2024916912397447
TERM,1273,1541,0,0.2024916912397447
TERM,1542,1661,0,0.2024916912397447
TERM,1662,1729,0,0.2024916912397447
TERM,1730,1917,0,0.2024916912397447
TERM,1918,1932,0,0.2024916912397447
TERM,1933,2142,0,0.2024916912397447
TERM,2143,2582,0,0.2024916912397447
TERM,2583,2659,0,0.2024916912397447
TERM,2660,2697,0,0.2024916912397447
