channel,start_time,stop_time,label,confidence
TERM,1,138,0,0.5399506936380469
TERM,139,448,0,0.5399506936380469
TERM,449,569,0,0.5399506936380469
TERM,570,619,0,0.5399506936380469
TERM,620,861,0,0.5399506936380469
TERM,862,1075,0,0.5399506936380469
TERM,1076,1329,0,0.5399506936380469
TERM,1330,1497,0,0.5399506936380469
TERM,1498,1564,0,0.5399506936380469
TERM,1565,2026,0,0.5399506936380469
TERM,2027,2115,0,0.5399506936380469
TERM,2116,2361,0,0.5399506936380469
TERM,2362,2512,0,0.5399506936380469
TERM,2513,2856,0,0.5399506936380469
TERM,2857,3187,0,0.5399506936380469
TERM,3188,3500,0,0.5399506936380469
TERM,3501,3709,0,0.5399506936380469
TERM,3710,4153,0,0.5399506936380469
TERM,4154,4536,0,0.5399506936380469
TERM,4537,4811,0,0.5399506936380469
TERM,4812,5179,0,0.5399506936380469
TERM,5180,5440,0,0.5399506936380469
TERM,5441,5495,0,0.5399506936380469
TERM,5496,5859,0,0.5399506936380469
TERM,5860,6270,0,0.5399506936380469
TERM,6271,6650,0,0.5399506936380469
TERM,6651,6888,0,0.5399506936380469
TERM,6889,7347,0,0.5399506936380469
TERM,7348,7511,0,0.5399506936380469
TERM,7512,7752,0,0.5399506936380469
TERM,7753,7796,0,0.5399506936380469
TERM,7797,7992,0,0.5399506936380469
TERM,7993,8405,0,0.5399506936380469
TERM,8406,8851,0,0.5399506936380469
TERM,8852,9073,0,0.5399506936380469
TERM,9074,9141,0,0.5399506936380469
TERM,9142,9285,0,0.5399506936380469
TERM,9286,9743,0,0.5399506936380469
TERM,9744,9841,0,0.5399506936380469
TERM,9842,10272,0,0.5399506936380469
TERM,10273,10449,0,0.5399506936380469
TERM,10450,10655,0,0.5399506936380469
TERM,10656,11121,0,0.5399506936380469
TERM,11122,11249,0,0.5399506936380469
TERM,11250,11436,0,0.5399506936380469
TERM,11437,11722,0,0.5399506936380469
TERM,11723,12190,0,0.5399506936380469
TERM,12191,12688,0,0.5399506936380469
