channel,start_time,stop_time,label,confidence
TERM,1,19,0,0.7315492821073546
TERM,20,425,0,0.7315492821073546
TERM,426,464,0,0.7315492821073546
TERM,465,852,0,0.7315492821073546
TERM,853,1217,0,0.7315492821073546
TERM,1218,1326,0,0.7315492821073546
TERM,1327,1432,0,0.7315492821073546
TERM,1433,1450,0,0.7315492821073546
TERM,1451,1823,0,0.7315492821073546
TERM,1824,2177,0,0.7315492821073546
TERM,2178,2532,0,0.7315492821073546
TERM,2533,2743,0,0.7315492821073546
TERM,2744,3014,0,0.7315492821073546
TERM,3015,3471,0,0.7315492821073546
TERM,3472,3678,0,0.7315492821073546
TERM,3679,3867,0,0.7315492821073546
TERM,3868,4267,0,0.7315492821073546
TERM,4268,4443,0,0.7315492821073546
TERM,4444,4507,0,0.7315492821073546
TERM,4508,4797,0,0.7315492821073546
TERM,4798,5018,0,0.7315492821073546
TERM,5019,5247,0,0.7315492821073546
TERM,5248,5736,0,0.7315492821073546
TERM,5737,6080,0,0.7315492821073546
TERM,6081,6264,0,0.7315492821073546
TERM,6265,6586,0,0.7315492821073546
TERM,6587,7034,0,0.7315492821073546
TERM,7035,7389,0,0.7315492821073546
TERM,7390,7424,0,0.7315492821073546
TERM,7425,7560,0,0.7315492821073546
TERM,7561,7815,0,0.7315492821073546
TERM,7816,8094,0,0.7315492821073546
TERM,8095,8295,0,0.7315492821073546
TERM,8296,8429,0,0.7315492821073546
TERM,8430,8645,0,0.7315492821073546
TERM,8646,9014,0,0.7315492821073546
TERM,9015,9411,0,0.7315492821073546
TERM,9412,9534,0,0.7315492821073546
TERM,9535,9802,0,0.7315492821073546
TERM,9803,9970,0,0.7315492821073546
TERM,9971,10360,0,0.7315492821073546
TERM,10361,10591,0,0.7315492821073546
TERM,10592,10759,0,0.7315492821073546
TERM,10760,11160,0,0.7315492821073546
TERM,11161,11240,0,0.7315492821073546
TERM,11241,11627,0,0.7315492821073546
TERM,11628,11787,0,0.7315492821073546
TERM,11788,11801,0,0.7315492821073546
TERM,11802,11979,0,0.7315492821073546
TERM,11980,12267,0,0.7315492821073546
TERM,12268,12431,0,0.7315492821073546
TERM,12432,12836,0,0.7315492821073546
TERM,12837,13171,0,0.7315492821073546
TERM,13172,13586,0,0.7315492821073546
TERM,13587,13729,0,0.7315492821073546
TERM,13730,14089,0,0.7315492821073546
TERM,14090,14226,0,0.7315492821073546
TERM,14227,14689,0,0.7315492821073546
TERM,14690,14731,0,0.7315492821073546
TERM,14732,14927,0,0.7315492821073546
