channel,start_time,stop_time,label,confidence
TERM,1,80,0,0.6425966894195616
TERM,81,311,0,0.6425966894195616
TERM,312,584,0,0.6425966894195616
TERM,585,816,0,0.6425966894195616
TERM,817,1202,0,0.6425966894195616
TERM,1203,1270,0,0.6425966894195616
TERM,1271,1668,0,0.6425966894195616
TERM,1669,2048,0,0.6425966894195616
TERM,2049,2376,0,0.6425966894195616
TERM,2377,2742,0,0.6425966894195616
TERM,2743,2813,0,0.6425966894195616
TERM,2814,3023,0,0.6425966894195616
TERM,3024,3044,0,0.6425966894195616
TERM,3045,3238,0,0.6425966894195616
TERM,3239,3553,0,0.6425966894195616
TERM,3554,4002,0,0.6425966894195616
TERM,4003,4332,0,0.6425966894195616
TERM,4333,4740,0,0.6425966894195616
TERM,4741,4763,0,0.6425966894195616
TERM,4764,5224,0,0.6425966894195616
TERM,5225,5671,0,0.6425966894195616
TERM,5672,5847,0,0.6425966894195616
TERM,5848,6214,0,0.6425966894195616
TERM,6215,6310,0,0.6425966894195616
TERM,6311,6376,0,0.6425966894195616
TERM,6377,6700,0,0.6425966894195616
TERM,6701,7061,0,0.6425966894195616
TERM,7062,7466,0,0.6425966894195616
TERM,7467,7943,0,0.6425966894195616
TERM,7944,8189,0,0.6425966894195616
TERM,8190,8422,0,0.6425966894195616
TERM,8423,8826,0,0.6425966894195616
TERM,8827,8996,0,0.6425966894195616
TERM,8997,9448,0,0.6425966894195616
TERM,9449,9851,0,0.6425966894195616
TERM,9852,9977,0,0.6425966894195616
TERM,9978,10385,0,0.6425966894195616
TERM,10386,10688,0,0.6425966894195616
TERM,10689,10845,0,0.6425966894195616
TERM,10846,10869,0,0.6425966894195616
TERM,10870,11008,0,0.6425966894195616
TERM,11009,11465,0,0.6425966894195616
TERM,11466,11592,0,0.6425966894195616
TERM,11593,11686,0,0.6425966894195616
TERM,11687,11842,0,0.6425966894195616
