channel,start_time,stop_time,label,confidence
TERM,1,275,0,0.7152689837393984
TERM,276,495,0,0.7152689837393984
TERM,496,711,0,0.7152689837393984
TERM,712,724,0,0.7152689837393984
TERM,725,1187,0,0.7152689837393984
TERM,1188,1564,0,0.7152689837393984
TERM,1565,1628,0,0.7152689837393984
TERM,1629,1781,0,0.7152689837393984
TERM,1782,2087,0,0.7152689837393984
TERM,2088,2336,0,0.7152689837393984
TERM,2337,2661,0,0.7152689837393984
TERM,2662,2837,0,0.7152689837393984
TERM,2838,3084,0,0.7152689837393984
TERM,3085,3293,0,0.7152689837393984
TERM,3294,3646,0,0.7152689837393984
TERM,3647,4120,0,0.7152689837393984
TERM,4121,4144,0,0.7152689837393984
TERM,4145,4199,0,0.7152689837393984
TERM,4200,4664,0,0.7152689837393984
TERM,4665,4856,0,0.7152689837393984
TERM,4857,5311,0,0.7152689837393984
TERM,5312,5369,0,0.7152689837393984
TERM,5370,5797,0,0.7152689837393984
TERM,5798,5977,0,0.7152689837393984
TERM,5978,6253,0,0.7152689837393984
TERM,6254,6273,0,0.7152689837393984
TERM,6274,6300,0,0.7152689837393984
TERM,6301,6322,0,0.7152689837393984
TERM,6323,6474,0,0.7152689837393984
TERM,6475,6667,0,0.7152689837393984
TERM,6668,6773,0,0.7152689837393984
TERM,6774,7100,0,0.7152689837393984
TERM,7101,7172,0,0.7152689837393984
TERM,7173,7422,0,0.7152689837393984
TERM,7423,7710,0,0.7152689837393984
TERM,7711,8189,0,0.7152689837393984
TERM,8190,8270,0,0.7152689837393984
TERM,8271,8598,0,0.7152689837393984
TERM,8599,9053,0,0.7152689837393984
TERM,9054,9229,0,0.7152689837393984
TERM,9230,9277,0,0.7152689837393984
TERM,9278,9338,0,0.7152689837393984
TERM,9339,9536,0,0.7152689837393984
TERM,9537,9742,0,0.7152689837393984
TERM,9743,9882,0,0.7152689837393984
TERM,9883,10105,0,0.7152689837393984
TERM,10106,10562,0,0.7152689837393984
TERM,10563,10960,0,0.7152689837393984
