channel,start_time,stop_time,label,confidence
TERM,1,170,0,0.5803367136625728
TERM,171,393,0,0.5803367136625728
TERM,394,430,0,0.5803367136625728
TERM,431,509,0,0.5803367136625728
TERM,510,911,0,0.5803367136625728
TERM,912,1218,0,0.5803367136625728
TERM,1219,1570,0,0.5803367136625728
TERM,1571,1585,0,0.5803367136625728
TERM,1586,2051,0,0.5803367136625728
TERM,2052,2186,0,0.5803367136625728
TERM,2187,2374,0,0.5803367136625728
TERM,2375,2785,0,0.5803367136625728
TERM,2786,2840,0,0.5803367136625728
TERM,2841,3199,0,0.5803367136625728
