channel,start_time,stop_time,label,confidence
TERM,1,187,0,0.642256608987053
TERM,188,526,0,0.642256608987053
TERM,527,931,0,0.642256608987053
TERM,932,1383,0,0.642256608987053
TERM,1384,1456,0,0.642256608987053
TERM,1457,1823,0,0.642256608987053
TERM,1824,2175,0,0.642256608987053
TERM,2176,2441,0,0.642256608987053
TERM,2442,2814,0,0.642256608987053
TERM,2815,3291,0,0.642256608987053
TERM,3292,3578,0,0.642256608987053
TERM,3579,3943,0,0.642256608987053
TERM,3944,4289,0,0.642256608987053
TERM,4290,4568,0,0.642256608987053
TERM,4569,4613,0,0.642256608987053
TERM,4614,5041,0,0.642256608987053
TERM,5042,5465,0,0.642256608987053
TERM,5466,5884,0,0.642256608987053
TERM,5885,6194,0,0.642256608987053
TERM,6195,6554,0,0.642256608987053
TERM,6555,6849,0,0.642256608987053
TERM,6850,7291,0,0.642256608987053
TERM,7292,7573,0,0.642256608987053
TERM,7574,7710,0,0.642256608987053
TERM,7711,8107,0,0.642256608987053
TERM,8108,8133,0,0.642256608987053
TERM,8134,8308,0,0.642256608987053
TERM,8309,8366,0,0.642256608987053
TERM,8367,8668,0,0.642256608987053
TERM,8669,8864,0,0.642256608987053
TERM,8865,9321,0,0.642256608987053
TERM,9322,9390,0,0.642256608987053
TERM,9391,9596,0,0.642256608987053
TERM,9597,10052,0,0.642256608987053
TERM,10053,10260,0,0.642256608987053
TERM,10261,10477,0,0.642256608987053
TERM,10478,10768,0,0.642256608987053
TERM,10769,10824,0,0.642256608987053
TERM,10825,11141,0,0.642256608987053
TERM,11142,11373,0,0.642256608987053
TERM,11374,11821,0,0.642256608987053
TERM,11822,12243,0,0.642256608987053
TERM,12244,12281,0,0.642256608987053
TERM,12282,12450,0,0.642256608987053
TERM,12451,12616,0,0.642256608987053
TERM,12617,12870,0,0.642256608987053
TERM,12871,13026,0,0.642256608987053
TERM,13027,13463,0,0.642256608987053
