channel,start_time,stop_time,label,confidence
TERM,1,323,0,0.6081540582381859
TERM,324,399,0,0.6081540582381859
TERM,400,713,0,0.6081540582381859
TERM,714,1181,0,0.6081540582381859
TERM,1182,1661,0,0.6081540582381859
TERM,1662,1914,0,0.6081540582381859
TERM,1915,2121,0,0.6081540582381859
TERM,2122,2577,0,0.6081540582381859
TERM,2578,2642,0,0.6081540582381859
TERM,2643,3132,0,0.6081540582381859
TERM,3133,3208,0,0.6081540582381859
TERM,3209,3495,0,0.6081540582381859
TERM,3496,3722,0,0.6081540582381859
TERM,3723,3847,0,0.6081540582381859
