channel,start_time,stop_time,label,confidence
TERM,1,406,0,0.3807908731358894
TERM,407,767,0,0.3807908731358894
TERM,768,887,0,0.3807908731358894
TERM,888,1264,0,0.3807908731358894
TERM,1265,1283,0,0.3807908731358894
TERM,1284,1405,0,0.3807908731358894
TERM,1406,1428,0,0.3807908731358894
TERM,1429,1599,0,0.3807908731358894
TERM,1600,1888,0,0.3807908731358894
TERM,1889,1918,0,0.3807908731358894
TERM,1919,1966,0,0.3807908731358894
TERM,1967,2266,0,0.3807908731358894
