channel,start_time,stop_time,label,confidence
TERM,1,31,0,0.7334132401316926
TERM,32,346,0,0.7334132401316926
TERM,347,692,0,0.7334132401316926
TERM,693,838,0,0.7334132401316926
TERM,839,1027,0,0.7334132401316926
TERM,1028,1224,0,0.7334132401316926
TERM,1225,1660,0,0.7334132401316926
TERM,1661,1674,0,0.7334132401316926
TERM,1675,2013,0,0.7334132401316926
TERM,2014,2092,0,0.7334132401316926
TERM,2093,2566,0,0.7334132401316926
TERM,2567,2660,0,0.7334132401316926
TERM,2661,2990,0,0.7334132401316926
TERM,2991,3462,0,0.7334132401316926
TERM,3463,3842,0,0.7334132401316926
TERM,3843,4190,0,0.7334132401316926
TERM,4191,4276,0,0.7334132401316926
TERM,4277,4306,0,0.7334132401316926
TERM,4307,4357,0,0.7334132401316926
TERM,4358,4391,0,0.7334132401316926
TERM,4392,4595,0,0.7334132401316926
TERM,4596,4788,0,0.7334132401316926
