channel,start_time,stop_time,label,confidence
TERM,1,234,0,0.7146703983099991
TERM,235,609,0,0.7146703983099991
TERM,610,723,0,0.7146703983099991
TERM,724,1185,0,0.7146703983099991
TERM,1186,1412,0,0.7146703983099991
TERM,1413,1855,0,0.7146703983099991
TERM,1856,2163,0,0.7146703983099991
TERM,2164,2205,0,0.7146703983099991
TERM,2206,2698,0,0.7146703983099991
TERM,2699,3136,0,0.7146703983099991
TERM,3137,3527,0,0.7146703983099991
TERM,3528,3969,0,0.7146703983099991
TERM,3970,4448,0,0.7146703983099991
TERM,4449,4661,0,0.7146703983099991
TERM,4662,4861,0,0.7146703983099991
TERM,4862,5022,0,0.7146703983099991
TERM,5023,5269,0,0.7146703983099991
TERM,5270,5310,0,0.7146703983099991
TERM,5311,5585,0,0.7146703983099991
TERM,5586,5832,0,0.7146703983099991
TERM,5833,5878,0,0.7146703983099991
TERM,5879,6221,0,0.7146703983099991
TERM,6222,6437,0,0.7146703983099991
TERM,6438,6922,0,0.7146703983099991
TERM,6923,7107,0,0.7146703983099991
TERM,7108,7318,0,0.7146703983099991
TERM,7319,7437,0,0.7146703983099991
TERM,7438,7452,0,0.7146703983099991
TERM,7453,7618,0,0.7146703983099991
TERM,7619,7797,0,0.7146703983099991
TERM,7798,8246,0,0.7146703983099991
TERM,8247,8400,0,0.7146703983099991
