channel,start_time,stop_time,label,confidence
TERM,1,170,0,0.5007178713444584
TERM,171,546,0,0.5007178713444584
TERM,547,656,0,0.5007178713444584
TERM,657,1081,0,0.5007178713444584
TERM,1082,1428,0,0.5007178713444584
TERM,1429,1901,0,0.5007178713444584
TERM,1902,2098,0,0.5007178713444584
TERM,2099,2389,0,0.5007178713444584
TERM,2390,2558,0,0.5007178713444584
TERM,2559,3024,0,0.5007178713444584
TERM,3025,3444,0,0.5007178713444584
TERM,3445,3562,0,0.5007178713444584
TERM,3563,3887,0,0.5007178713444584
TERM,3888,4336,0,0.5007178713444584
TERM,4337,4357,0,0.5007178713444584
TERM,4358,4626,0,0.5007178713444584
TERM,4627,4678,0,0.5007178713444584
TERM,4679,4739,0,0.5007178713444584
TERM,4740,4906,0,0.5007178713444584
TERM,4907,5290,0,0.5007178713444584
TERM,5291,5484,0,0.5007178713444584
TERM,5485,5758,0,0.5007178713444584
