channel,start_time,stop_time,label,confidence
TERM,1,46,0,0.4877226171482118
TERM,47,482,0,0.4877226171482118
TERM,483,930,0,0.4877226171482118
TERM,931,981,0,0.4877226171482118
TERM,982,1395,0,0.4877226171482118
TERM,1396,1480,0,0.4877226171482118
TERM,1481,1721,0,0.4877226171482118
TERM,1722,2217,0,0.4877226171482118
TERM,2218,2540,0,0.4877226171482118
TERM,2541,2792,0,0.4877226171482118
TERM,2793,2948,0,0.4877226171482118
TERM,2949,3238,0,0.4877226171482118
TERM,3239,3536,0,0.4877226171482118
TERM,3537,3567,0,0.4877226171482118
TERM,3568,3886,0,0.4877226171482118
TERM,3887,4138,0,0.4877226171482118
TERM,4139,4587,0,0.4877226171482118
TERM,4588,4852,0,0.4877226171482118
TERM,4853,4902,0,0.4877226171482118
TERM,4903,5083,0,0.4877226171482118
TERM,5084,5093,0,0.4877226171482118
TERM,5094,5127,0,0.4877226171482118
TERM,5128,5316,0,0.4877226171482118
TERM,5317,5430,0,0.4877226171482118
TERM,5431,5445,0,0.4877226171482118
TERM,5446,5609,0,0.4877226171482118
TERM,5610,6007,0,0.4877226171482118
TERM,6008,6402,0,0.4877226171482118
TERM,6403,6607,0,0.4877226171482118
TERM,6608,7032,0,0.4877226171482118
TERM,7033,7215,0,0.4877226171482118
TERM,7216,7544,0,0.4877226171482118
TERM,7545,7558,0,0.4877226171482118
TERM,7559,7790,0,0.4877226171482118
TERM,7791,8041,0,0.4877226171482118
TERM,8042,8237,0,0.4877226171482118
TERM,8238,8329,0,0.4877226171482118
TERM,8330,8685,0,0.4877226171482118
TERM,8686,8954,0,0.4877226171482118
TERM,8955,9308,0,0.4877226171482118
TERM,9309,9569,0,0.4877226171482118
TERM,9570,9952,0,0.4877226171482118
TERM,9953,10325,0,0.4877226171482118
TERM,10326,10704,0,0.4877226171482118
