channel,start_time,stop_time,label,confidence
TERM,1,289,0,0.7203860074098605
TERM,290,758,0,0.7203860074098605
TERM,759,851,0,0.7203860074098605
TERM,852,960,0,0.7203860074098605
TERM,961,1340,0,0.7203860074098605
TERM,1341,1400,0,0.7203860074098605
TERM,1401,1896,0,0.7203860074098605
TERM,1897,2079,0,0.7203860074098605
TERM,2080,2458,0,0.7203860074098605
TERM,2459,2491,0,0.7203860074098605
TERM,2492,2531,0,0.7203860074098605
TERM,2532,3011,0,0.7203860074098605
TERM,3012,3254,0,0.7203860074098605
TERM,3255,3692,0,0.7203860074098605
TERM,3693,3875,0,0.7203860074098605
TERM,3876,4204,0,0.7203860074098605
TERM,4205,4567,0,0.7203860074098605
TERM,4568,4881,0,0.7203860074098605
TERM,4882,5011,0,0.7203860074098605
TERM,5012,5259,0,0.7203860074098605
TERM,5260,5645,0,0.7203860074098605
TERM,5646,6139,0,0.7203860074098605
TERM,6140,6473,0,0.7203860074098605
TERM,6474,6511,0,0.7203860074098605
TERM,6512,6804,0,0.7203860074098605
TERM,6805,7034,0,0.7203860074098605
TERM,7035,7176,0,0.7203860074098605
TERM,7177,7418,0,0.7203860074098605
TERM,7419,7647,0,0.7203860074098605
TERM,7648,7910,0,0.7203860074098605
TERM,7911,8335,0,0.7203860074098605
TERM,8336,8747,0,0.7203860074098605
TERM,8748,9207,0,0.7203860074098605
TERM,9208,9551,0,0.7203860074098605
TERM,9552,10041,0,0.7203860074098605
TERM,10042,10493,0,0.7203860074098605
TERM,10494,10729,0,0.7203860074098605
TERM,10730,10988,0,0.7203860074098605
TERM,10989,11364,0,0.7203860074098605
TERM,11365,11690,0,0.7203860074098605
TERM,11691,12021,0,0.7203860074098605
TERM,12022,12117,0,0.7203860074098605
TERM,12118,12282,0,0.7203860074098605
TERM,12283,12322,0,0.7203860074098605
TERM,12323,12809,0,0.7203860074098605
TERM,12810,13235,0,0.7203860074098605
TERM,13236,13676,0,0.7203860074098605
TERM,13677,13980,0,0.7203860074098605
TERM,13981,14439,0,0.7203860074098605
TERM,14440,14840,0,0.7203860074098605
TERM,14841,15146,0,0.7203860074098605
TERM,15147,15479,0,0.7203860074098605
TERM,15480,15719,0,0.7203860074098605
TERM,15720,16152,0,0.7203860074098605
TERM,16153,16207,0,0.7203860074098605
TERM,16208,16655,0,0.7203860074098605
TERM,16656,16823,0,0.7203860074098605
TERM,16824,17128,0,0.7203860074098605
TERM,17129,17481,0,0.7203860074098605
TERM,17482,17720,0,0.7203860074098605
TERM,17721,18123,0,0.7203860074098605
TERM,18124,18178,0,0.7203860074098605
TERM,18179,18421,0,0.7203860074098605
TERM,18422,18652,0,0.7203860074098605
