channel,start_time,stop_time,label,confidence
TERM,1,242,0,0.4332009026355322
TERM,243,698,0,0.4332009026355322
TERM,699,1056,0,0.4332009026355322
TERM,1057,1371,0,0.4332009026355322
TERM,1372,1673,0,0.4332009026355322
TERM,1674,2127,0,0.4332009026355322
TERM,2128,2518,0,0.4332009026355322
TERM,2519,2844,0,0.4332009026355322
TERM,2845,2858,0,0.4332009026355322
TERM,2859,2972,0,0.4332009026355322
TERM,2973,3397,0,0.4332009026355322
TERM,3398,3537,0,0.4332009026355322
TERM,3538,3918,0,0.4332009026355322
TERM,3919,4283,0,0.4332009026355322
