channel,start_time,stop_time,label,confidence
TERM,1,67,0,0.5917117197280528
TERM,68,228,0,0.5917117197280528
TERM,229,427,0,0.5917117197280528
TERM,428,637,0,0.5917117197280528
TERM,638,1063,0,0.5917117197280528
TERM,1064,1447,0,0.5917117197280528
TERM,1448,1626,0,0.5917117197280528
TERM,1627,2045,0,0.5917117197280528
TERM,2046,2083,0,0.5917117197280528
TERM,2084,2130,0,0.5917117197280528
TERM,2131,2394,0,0.5917117197280528
TERM,2395,2405,0,0.5917117197280528
TERM,2406,2541,0,0.5917117197280528
TERM,2542,2588,0,0.5917117197280528
TERM,2589,2771,0,0.5917117197280528
TERM,2772,3178,0,0.5917117197280528
TERM,3179,3424,0,0.5917117197280528
TERM,3425,3622,0,0.5917117197280528
TERM,3623,3639,0,0.5917117197280528
TERM,3640,3958,0,0.5917117197280528
TERM,3959,4159,0,0.5917117197280528
TERM,4160,4278,0,0.5917117197280528
TERM,4279,4305,0,0.5917117197280528
TERM,4306,4762,0,0.5917117197280528
TERM,4763,5115,0,0.5917117197280528
TERM,5116,5462,0,0.5917117197280528
TERM,5463,5840,0,0.5917117197280528
TERM,5841,6152,0,0.5917117197280528
TERM,6153,6355,0,0.5917117197280528
TERM,6356,6494,0,0.5917117197280528
TERM,6495,6727,0,0.5917117197280528
TERM,6728,7044,0,0.5917117197280528
TERM,7045,7169,0,0.5917117197280528
TERM,7170,7463,0,0.5917117197280528
TERM,7464,7571,0,0.5917117197280528
TERM,7572,7825,0,0.5917117197280528
TERM,7826,8024,0,0.5917117197280528
TERM,8025,8362,0,0.5917117197280528
TERM,8363,8736,0,0.5917117197280528
TERM,8737,8758,0,0.5917117197280528
TERM,8759,9087,0,0.5917117197280528
TERM,9088,9537,0,0.5917117197280528
TERM,9538,9654,0,0.5917117197280528
TERM,9655,9931,0,0.5917117197280528
TERM,9932,10009,0,0.5917117197280528
TERM,10010,10039,0,0.5917117197280528
TERM,10040,10502,0,0.5917117197280528
TERM,10503,10721,0,0.5917117197280528
TERM,10722,11077,0,0.5917117197280528
TERM,11078,11561,0,0.5917117197280528
TERM,11562,11993,0,0.5917117197280528
TERM,11994,12119,0,0.5917117197280528
TERM,12120,12369,0,0.5917117197280528
TERM,12370,12500,0,0.5917117197280528
TERM,12501,12517,0,0.5917117197280528
TERM,12518,12956,0,0.5917117197280528
