channel,start_time,stop_time,label,confidence
TERM,1,461,0,0.7391941380232809
TERM,462,632,0,0.7391941380232809
TERM,633,854,0,0.7391941380232809
TERM,855,961,0,0.7391941380232809
TERM,962,1175,0,0.7391941380232809
TERM,1176,1392,0,0.7391941380232809
TERM,1393,1786,0,0.7391941380232809
TERM,1787,2268,0,0.7391941380232809
TERM,2269,2315,0,0.7391941380232809
TERM,2316,2421,0,0.7391941380232809
TERM,2422,2744,0,0.7391941380232809
TERM,2745,2978,0,0.7391941380232809
TERM,2979,3198,0,0.7391941380232809
TERM,3199,3466,0,0.7391941380232809
TERM,3467,3564,0,0.7391941380232809
TERM,3565,3600,0,0.7391941380232809
TERM,3601,3931,0,0.7391941380232809
TERM,3932,4235,0,0.7391941380232809
TERM,4236,4482,0,0.7391941380232809
TERM,4483,4720,0,0.7391941380232809
TERM,4721,5065,0,0.7391941380232809
TERM,5066,5411,0,0.7391941380232809
TERM,5412,5523,0,0.7391941380232809
TERM,5524,5983,0,0.7391941380232809
TERM,5984,6455,0,0.7391941380232809
TERM,6456,6874,0,0.7391941380232809
TERM,6875,7066,0,0.7391941380232809
TERM,7067,7541,0,0.7391941380232809
