channel,start_time,stop_time,label,confidence
TERM,1,256,0,0.7809536062876492
TERM,257,315,0,0.7809536062876492
TERM,316,592,0,0.7809536062876492
TERM,593,1015,0,0.7809536062876492
TERM,1016,1445,0,0.7809536062876492
TERM,1446,1602,0,0.7809536062876492
TERM,1603,1751,0,0.7809536062876492
TERM,1752,1908,0,0.7809536062876492
TERM,1909,1931,0,0.7809536062876492
TERM,1932,2348,0,0.7809536062876492
TERM,2349,2509,0,0.7809536062876492
TERM,2510,2890,0,0.7809536062876492
TERM,2891,3382,0,0.7809536062876492
TERM,3383,3403,0,0.7809536062876492
TERM,3404,3574,0,0.7809536062876492
TERM,3575,4059,0,0.7809536062876492
TERM,4060,4364,0,0.7809536062876492
TERM,4365,4779,0,0.7809536062876492
TERM,4780,4964,0,0.7809536062876492
TERM,4965,5130,0,0.7809536062876492
TERM,5131,5431,0,0.7809536062876492
TERM,5432,5568,0,0.7809536062876492
TERM,5569,5766,0,0.7809536062876492
TERM,5767,6134,0,0.7809536062876492
TERM,6135,6542,0,0.7809536062876492
TERM,6543,6878,0,0.7809536062876492
TERM,6879,7024,0,0.7809536062876492
TERM,7025,7523,0,0.7809536062876492
