channel,start_time,stop_time,label,confidence
TERM,1,407,0,0.7067502810911941
TERM,408,784,0,0.7067502810911941
TERM,785,1122,0,0.7067502810911941
TERM,1123,1522,0,0.7067502810911941
TERM,1523,1684,0,0.7067502810911941
TERM,1685,2165,0,0.7067502810911941
TERM,2166,2214,0,0.7067502810911941
TERM,2215,2372,0,0.7067502810911941
TERM,2373,2618,0,0.7067502810911941
TERM,2619,2801,0,0.7067502810911941
TERM,2802,3032,0,0.7067502810911941
TERM,3033,3090,0,0.7067502810911941
TERM,3091,3520,0,0.7067502810911941
TERM,3521,3604,0,0.7067502810911941
TERM,3605,3914,0,0.7067502810911941
TERM,3915,4088,0,0.7067502810911941
TERM,4089,4370,0,0.7067502810911941
TERM,4371,4485,0,0.7067502810911941
TERM,4486,4774,0,0.7067502810911941
TERM,4775,5038,0,0.7067502810911941
TERM,5039,5350,0,0.7067502810911941
TERM,5351,5538,0,0.7067502810911941
TERM,5539,5977,0,0.7067502810911941
TERM,5978,6113,0,0.7067502810911941
TERM,6114,6187,0,0.7067502810911941
TERM,6188,6582,0,0.7067502810911941
TERM,6583,7069,0,0.7067502810911941
TERM,7070,7486,0,0.7067502810911941
TERM,7487,7676,0,0.7067502810911941
TERM,7677,8154,0,0.7067502810911941
TERM,8155,8396,0,0.7067502810911941
TERM,8397,8415,0,0.7067502810911941
TERM,8416,8740,0,0.7067502810911941
TERM,8741,9147,0,0.7067502810911941
TERM,9148,9376,0,0.7067502810911941
TERM,9377,9842,0,0.7067502810911941
TERM,9843,10339,0,0.7067502810911941
TERM,10340,10572,0,0.7067502810911941
TERM,10573,10771,0,0.7067502810911941
TERM,10772,11206,0,0.7067502810911941
TERM,11207,11447,0,0.7067502810911941
TERM,11448,11540,0,0.7067502810911941
TERM,11541,12021,0,0.7067502810911941
TERM,12022,12479,0,0.7067502810911941
TERM,12480,12970,0,0.7067502810911941
TERM,12971,13026,0,0.7067502810911941
TERM,13027,13122,0,0.7067502810911941
TERM,13123,13273,0,0.7067502810911941
TERM,13274,13515,0,0.7067502810911941
TERM,13516,13965,0,0.7067502810911941
TERM,13966,14095,0,0.7067502810911941
TERM,14096,14235,0,0.7067502810911941
TERM,14236,14511,0,0.7067502810911941
TERM,14512,14898,0,0.7067502810911941
TERM,14899,15075,0,0.7067502810911941
TERM,15076,15505,0,0.7067502810911941
TERM,15506,15931,0,0.7067502810911941
TERM,15932,16406,0,0.7067502810911941
TERM,16407,16756,0,0.7067502810911941
TERM,16757,17028,0,0.7067502810911941
