channel,start_time,stop_time,label,confidence
TERM,1,175,0,0.8554566113632893
TERM,176,187,0,0.8554566113632893
TERM,188,199,0,0.8554566113632893
TERM,200,352,0,0.8554566113632893
TERM,353,435,0,0.8554566113632893
TERM,436,739,0,0.8554566113632893
TERM,740,1229,0,0.8554566113632893
TERM,1230,1675,0,0.8554566113632893
TERM,1676,2174,0,0.8554566113632893
TERM,2175,2476,0,0.8554566113632893
TERM,2477,2516,0,0.8554566113632893
TERM,2517,2859,0,0.8554566113632893
TERM,2860,3058,0,0.8554566113632893
TERM,3059,3149,0,0.8554566113632893
TERM,3150,3464,0,0.8554566113632893
TERM,3465,3533,0,0.8554566113632893
