channel,start_time,stop_time,label,confidence
TERM,1,245,0,0.6813109247331959
TERM,246,405,0,0.6813109247331959
TERM,406,703,0,0.6813109247331959
TERM,704,1079,0,0.6813109247331959
TERM,1080,1541,0,0.6813109247331959
TERM,1542,1862,0,0.6813109247331959
TERM,1863,2015,0,0.6813109247331959
TERM,2016,2263,0,0.6813109247331959
TERM,2264,2326,0,0.6813109247331959
TERM,2327,2463,0,0.6813109247331959
TERM,2464,2733,0,0.6813109247331959
TERM,2734,3055,0,0.6813109247331959
TERM,3056,3514,0,0.6813109247331959
TERM,3515,3682,0,0.6813109247331959
TERM,3683,3746,0,0.6813109247331959
TERM,3747,3953,0,0.6813109247331959
TERM,3954,4345,0,0.6813109247331959
TERM,4346,4447,0,0.6813109247331959
TERM,4448,4890,0,0.6813109247331959
TERM,4891,5002,0,0.6813109247331959
TERM,5003,5169,0,0.6813109247331959
TERM,5170,5406,0,0.6813109247331959
TERM,5407,5705,0,0.6813109247331959
TERM,5706,6078,0,0.6813109247331959
TERM,6079,6464,0,0.6813109247331959
TERM,6465,6496,0,0.6813109247331959
TERM,6497,6932,0,0.6813109247331959
TERM,6933,7187,0,0.6813109247331959
TERM,7188,7352,0,0.6813109247331959
TERM,7353,7464,0,0.6813109247331959
TERM,7465,7755,0,0.6813109247331959
TERM,7756,7917,0,0.6813109247331959
TERM,7918,8193,0,0.6813109247331959
TERM,8194,8326,0,0.6813109247331959
TERM,8327,8666,0,0.6813109247331959
TERM,8667,9027,0,0.6813109247331959
TERM,9028,9375,0,0.6813109247331959
TERM,9376,9749,0,0.6813109247331959
TERM,9750,9982,0,0.6813109247331959
TERM,9983,10040,0,0.6813109247331959
TERM,10041,10308,0,0.6813109247331959
TERM,10309,10535,0,0.6813109247331959
TERM,10536,10633,0,0.6813109247331959
TERM,10634,10672,0,0.6813109247331959
TERM,10673,10777,0,0.6813109247331959
TERM,10778,10961,0,0.6813109247331959
TERM,10962,11129,0,0.6813109247331959
TERM,11130,11438,0,0.6813109247331959
