channel,start_time,stop_time,label,confidence
TERM,1,121,0,0.6869905409420001
TERM,122,333,0,0.6869905409420001
TERM,334,392,0,0.6869905409420001
TERM,393,693,0,0.6869905409420001
TERM,694,883,0,0.6869905409420001
TERM,884,1087,0,0.6869905409420001
TERM,1088,1169,0,0.6869905409420001
TERM,1170,1434,0,0.6869905409420001
TERM,1435,1487,0,0.6869905409420001
TERM,1488,1589,0,0.6869905409420001
TERM,1590,1889,0,0.6869905409420001
TERM,1890,2162,0,0.6869905409420001
TERM,2163,2302,0,0.6869905409420001
TERM,2303,2619,0,0.6869905409420001
TERM,2620,2668,0,0.6869905409420001
TERM,2669,2890,0,0.6869905409420001
TERM,2891,3066,0,0.6869905409420001
TERM,3067,3333,0,0.6869905409420001
TERM,3334,3694,0,0.6869905409420001
TERM,3695,4194,0,0.6869905409420001
TERM,4195,4319,0,0.6869905409420001
TERM,4320,4483,0,0.6869905409420001
TERM,4484,4511,0,0.6869905409420001
TERM,4512,4546,0,0.6869905409420001
TERM,4547,4992,0,0.6869905409420001
TERM,4993,5440,0,0.6869905409420001
TERM,5441,5886,0,0.6869905409420001
TERM,5887,6061,0,0.6869905409420001
TERM,6062,6149,0,0.6869905409420001
TERM,6150,6405,0,0.6869905409420001
TERM,6406,6592,0,0.6869905409420001
TERM,6593,7032,0,0.6869905409420001
TERM,7033,7076,0,0.6869905409420001
TERM,7077,7434,0,0.6869905409420001
TERM,7435,7871,0,0.6869905409420001
TERM,7872,8148,0,0.6869905409420001
TERM,8149,8295,0,0.6869905409420001
TERM,8296,8735,0,0.6869905409420001
TERM,8736,8975,0,0.6869905409420001
TERM,8976,9174,0,0.6869905409420001
TERM,9175,9303,0,0.6869905409420001
TERM,9304,9486,0,0.6869905409420001
TERM,9487,9616,0,0.6869905409420001
TERM,9617,10057,0,0.6869905409420001
TERM,10058,10436,0,0.6869905409420001
TERM,10437,10477,0,0.6869905409420001
TERM,10478,10862,0,0.6869905409420001
TERM,10863,11225,0,0.6869905409420001
