channel,start_time,stop_time,label,confidence
TERM,1,193,0,0.4230394551984475
TERM,194,581,0,0.4230394551984475
TERM,582,864,0,0.4230394551984475
TERM,865,1112,0,0.4230394551984475
TERM,1113,1237,0,0.4230394551984475
TERM,1238,1295,0,0.4230394551984475
TERM,1296,1690,0,0.4230394551984475
TERM,1691,2036,0,0.4230394551984475
TERM,2037,2106,0,0.4230394551984475
TERM,2107,2155,0,0.4230394551984475
TERM,2156,2604,0,0.4230394551984475
TERM,2605,2858,0,0.4230394551984475
TERM,2859,3355,0,0.4230394551984475
TERM,3356,3523,0,0.4230394551984475
TERM,3524,3679,0,0.4230394551984475
TERM,3680,4149,0,0.4230394551984475
