channel,start_time,stop_time,label,confidence
TERM,1,204,0,0.6686220320230222
TERM,205,575,0,0.6686220320230222
TERM,576,681,0,0.6686220320230222
TERM,682,935,0,0.6686220320230222
TERM,936,1401,0,0.6686220320230222
TERM,1402,1486,0,0.6686220320230222
TERM,1487,1702,0,0.6686220320230222
TERM,1703,1959,0,0.6686220320230222
TERM,1960,2091,0,0.6686220320230222
TERM,2092,2501,0,0.6686220320230222
TERM,2502,2567,0,0.6686220320230222
TERM,2568,2615,0,0.6686220320230222
TERM,2616,3019,0,0.6686220320230222
TERM,3020,3104,0,0.6686220320230222
TERM,3105,3227,0,0.6686220320230222
TERM,3228,3674,0,0.6686220320230222
TERM,3675,4053,0,0.6686220320230222
TERM,4054,4148,0,0.6686220320230222
TERM,4149,4266,0,0.6686220320230222
TERM,4267,4533,0,0.6686220320230222
TERM,4534,5000,0,0.6686220320230222
TERM,5001,5016,0,0.6686220320230222
TERM,5017,5146,0,0.6686220320230222
TERM,5147,5525,0,0.6686220320230222
TERM,5526,5929,0,0.6686220320230222
TERM,5930,6353,0,0.6686220320230222
TERM,6354,6565,0,0.6686220320230222
TERM,6566,6912,0,0.6686220320230222
TERM,6913,6941,0,0.6686220320230222
TERM,6942,7024,0,0.6686220320230222
TERM,7025,7259,0,0.6686220320230222
TERM,7260,7306,0,0.6686220320230222
TERM,7307,7567,0,0.6686220320230222
TERM,7568,7874,0,0.6686220320230222
TERM,7875,8178,0,0.6686220320230222
TERM,8179,8661,0,0.6686220320230222
TERM,8662,8834,0,0.6686220320230222
TERM,8835,9300,0,0.6686220320230222
TERM,9301,9430,0,0.6686220320230222
TERM,9431,9483,0,0.6686220320230222
TERM,9484,9974,0,0.6686220320230222
TERM,9975,10397,0,0.6686220320230222
TERM,10398,10541,0,0.6686220320230222
TERM,10542,10620,0,0.6686220320230222
TERM,10621,10802,0,0.6686220320230222
TERM,10803,11067,0,0.6686220320230222
TERM,11068,11422,0,0.6686220320230222
TERM,11423,11527,0,0.6686220320230222
TERM,11528,11956,0,0.6686220320230222
TERM,11957,12276,0,0.6686220320230222
TERM,12277,12391,0,0.6686220320230222
TERM,12392,12681,0,0.6686220320230222
