channel,start_time,stop_time,label,confidence
TERM,1,179,0,0.5442255623235792
TERM,180,305,0,0.5442255623235792
TERM,306,537,0,0.5442255623235792
TERM,538,740,0,0.5442255623235792
TERM,741,845,0,0.5442255623235792
TERM,846,1005,0,0.5442255623235792
TERM,1006,1173,0,0.5442255623235792
TERM,1174,1290,0,0.5442255623235792
TERM,1291,1740,0,0.5442255623235792
TERM,1741,2037,0,0.5442255623235792
TERM,2038,2196,0,0.5442255623235792
TERM,2197,2662,0,0.5442255623235792
TERM,2663,3162,0,0.5442255623235792
TERM,3163,3648,0,0.5442255623235792
TERM,3649,3833,0,0.5442255623235792
TERM,3834,4294,0,0.5442255623235792
TERM,4295,4669,0,0.5442255623235792
TERM,4670,4767,0,0.5442255623235792
TERM,4768,4931,0,0.5442255623235792
TERM,4932,5149,0,0.5442255623235792
TERM,5150,5161,0,0.5442255623235792
TERM,5162,5182,0,0.5442255623235792
TERM,5183,5309,0,0.5442255623235792
TERM,5310,5642,0,0.5442255623235792
TERM,5643,5930,0,0.5442255623235792
TERM,5931,6381,0,0.5442255623235792
TERM,6382,6630,0,0.5442255623235792
TERM,6631,6655,0,0.5442255623235792
TERM,6656,7034,0,0.5442255623235792
TERM,7035,7272,0,0.5442255623235792
TERM,7273,7700,0,0.5442255623235792
TERM,7701,8119,0,0.5442255623235792
TERM,8120,8444,0,0.5442255623235792
TERM,8445,8512,0,0.5442255623235792
TERM,8513,8843,0,0.5442255623235792
TERM,8844,8939,0,0.5442255623235792
TERM,8940,9133,0,0.5442255623235792
TERM,9134,9160,0,0.5442255623235792
TERM,9161,9607,0,0.5442255623235792
TERM,9608,9849,0,0.5442255623235792
TERM,9850,10099,0,0.5442255623235792
TERM,10100,10295,0,0.5442255623235792
TERM,10296,10657,0,0.5442255623235792
TERM,10658,10796,0,0.5442255623235792
