channel,start_time,stop_time,label,confidence
TERM,1,467,0,0.6255653571278402
TERM,468,924,0,0.6255653571278402
TERM,925,1415,0,0.6255653571278402
TERM,1416,1768,0,0.6255653571278402
TERM,1769,2138,0,0.6255653571278402
TERM,2139,2230,0,0.6255653571278402
TERM,2231,2418,0,0.6255653571278402
TERM,2419,2831,0,0.6255653571278402
TERM,2832,3164,0,0.6255653571278402
TERM,3165,3457,0,0.6255653571278402
TERM,3458,3785,0,0.6255653571278402
TERM,3786,3862,0,0.6255653571278402
TERM,3863,4216,0,0.6255653571278402
TERM,4217,4338,0,0.6255653571278402
TERM,4339,4777,0,0.6255653571278402
TERM,4778,5058,0,0.6255653571278402
TERM,5059,5329,0,0.6255653571278402
TERM,5330,5521,0,0.6255653571278402
TERM,5522,5589,0,0.6255653571278402
TERM,5590,5620,0,0.6255653571278402
TERM,5621,5750,0,0.6255653571278402
TERM,5751,6015,0,0.6255653571278402
TERM,6016,6173,0,0.6255653571278402
TERM,6174,6469,0,0.6255653571278402
TERM,6470,6714,0,0.6255653571278402
TERM,6715,7206,0,0.6255653571278402
TERM,7207,7393,0,0.6255653571278402
TERM,7394,7822,0,0.6255653571278402
TERM,7823,8101,0,0.6255653571278402
TERM,8102,8446,0,0.6255653571278402
TERM,8447,8701,0,0.6255653571278402
TERM,8702,9041,0,0.6255653571278402
TERM,9042,9155,0,0.6255653571278402
TERM,9156,9636,0,0.6255653571278402
TERM,9637,9865,0,0.6255653571278402
TERM,9866,10046,0,0.6255653571278402
TERM,10047,10220,0,0.6255653571278402
TERM,10221,10545,0,0.6255653571278402
TERM,10546,10606,0,0.6255653571278402
TERM,10607,10789,0,0.6255653571278402
TERM,10790,11178,0,0.6255653571278402
TERM,11179,11292,0,0.6255653571278402
TERM,11293,11353,0,0.6255653571278402
TERM,11354,11739,0,0.6255653571278402
