channel,start_time,stop_time,label,confidence
TERM,1,459,0,0.589104960439397
TERM,460,790,0,0.589104960439397
TERM,791,903,0,0.589104960439397
TERM,904,1051,0,0.589104960439397
TERM,1052,1532,0,0.589104960439397
TERM,1533,1738,0,0.589104960439397
TERM,1739,1971,0,0.589104960439397
TERM,1972,2380,0,0.589104960439397
TERM,2381,2788,0,0.589104960439397
TERM,2789,2807,0,0.589104960439397
TERM,2808,2844,0,0.589104960439397
TERM,2845,3081,0,0.589104960439397
TERM,3082,3533,0,0.589104960439397
TERM,3534,3683,0,0.589104960439397
TERM,3684,4086,0,0.589104960439397
TERM,4087,4169,0,0.589104960439397
TERM,4170,4661,0,0.589104960439397
TERM,4662,4835,0,0.589104960439397
TERM,4836,5132,0,0.589104960439397
TERM,5133,5304,0,0.589104960439397
TERM,5305,5639,0,0.589104960439397
TERM,5640,5769,0,0.589104960439397
TERM,5770,5851,0,0.589104960439397
TERM,5852,6335,0,0.589104960439397
TERM,6336,6759,0,0.589104960439397
TERM,6760,6857,0,0.589104960439397
TERM,6858,7111,0,0.589104960439397
TERM,7112,7375,0,0.589104960439397
