channel,start_time,stop_time,label,confidence
TERM,1,418,0,0.787973764467334
TERM,419,907,0,0.787973764467334
TERM,908,1000,0,0.787973764467334
TERM,1001,1198,0,0.787973764467334
TERM,1199,1276,0,0.787973764467334
TERM,1277,1550,0,0.787973764467334
TERM,1551,1953,0,0.787973764467334
TERM,1954,2096,0,0.787973764467334
TERM,2097,2172,0,0.787973764467334
TERM,2173,2260,0,0.787973764467334
TERM,2261,2430,0,0.787973764467334
TERM,2431,2746,0,0.787973764467334
TERM,2747,2774,0,0.787973764467334
TERM,2775,3054,0,0.787973764467334
TERM,3055,3392,0,0.787973764467334
TERM,3393,3536,0,0.787973764467334
TERM,3537,3570,0,0.787973764467334
TERM,3571,3875,0,0.787973764467334
TERM,3876,4374,0,0.787973764467334
TERM,4375,4560,0,0.787973764467334
TERM,4561,4858,0,0.787973764467334
TERM,4859,5120,0,0.787973764467334
TERM,5121,5171,0,0.787973764467334
TERM,5172,5361,0,0.787973764467334
TERM,5362,5480,0,0.787973764467334
TERM,5481,5861,0,0.787973764467334
TERM,5862,6106,0,0.787973764467334
TERM,6107,6358,0,0.787973764467334
TERM,6359,6820,0,0.787973764467334
TERM,6821,6835,0,0.787973764467334
TERM,6836,7106,0,0.787973764467334
TERM,7107,7464,0,0.787973764467334
TERM,7465,7663,0,0.787973764467334
