channel,start_time,stop_time,label,confidence
TERM,1,135,0,0.6080344217514125
TERM,136,366,0,0.6080344217514125
TERM,367,462,0,0.6080344217514125
TERM,463,906,0,0.6080344217514125
TERM,907,1370,0,0.6080344217514125
TERM,1371,1476,0,0.6080344217514125
TERM,1477,1839,0,0.6080344217514125
TERM,1840,2317,0,0.6080344217514125
TERM,2318,2760,0,0.6080344217514125
TERM,2761,2912,0,0.6080344217514125
TERM,2913,3149,0,0.6080344217514125
TERM,3150,3225,0,0.6080344217514125
TERM,3226,3293,0,0.6080344217514125
TERM,3294,3767,0,0.6080344217514125
TERM,3768,4104,0,0.6080344217514125
TERM,4105,4565,0,0.6080344217514125
TERM,4566,4898,0,0.6080344217514125
TERM,4899,5162,0,0.6080344217514125
TERM,5163,5345,0,0.6080344217514125
TERM,5346,5512,0,0.6080344217514125
TERM,5513,5773,0,0.6080344217514125
TERM,5774,6180,0,0.6080344217514125
TERM,6181,6248,0,0.6080344217514125
TERM,6249,6431,0,0.6080344217514125
TERM,6432,6713,0,0.6080344217514125
TERM,6714,6754,0,0.6080344217514125
TERM,6755,6781,0,0.6080344217514125
TERM,6782,6982,0,0.6080344217514125
TERM,6983,7201,0,0.6080344217514125
TERM,7202,7228,0,0.6080344217514125
