channel,start_time,stop_time,label,confidence
TERM,1,169,0,0.599403887606484
TERM,170,322,0,0.599403887606484
TERM,323,637,0,0.599403887606484
TERM,638,1081,0,0.599403887606484
TERM,1082,1346,0,0.599403887606484
TERM,1347,1498,0,0.599403887606484
TERM,1499,1959,0,0.599403887606484
TERM,1960,2121,0,0.599403887606484
TERM,2122,2466,0,0.599403887606484
TERM,2467,2556,0,0.599403887606484
TERM,2557,2735,0,0.599403887606484
TERM,2736,2865,0,0.599403887606484
TERM,2866,3296,0,0.599403887606484
TERM,3297,3455,0,0.599403887606484
TERM,3456,3858,0,0.599403887606484
TERM,3859,4352,0,0.599403887606484
TERM,4353,4404,0,0.599403887606484
TERM,4405,4872,0,0.599403887606484
TERM,4873,5258,0,0.599403887606484
TERM,5259,5515,0,0.599403887606484
TERM,5516,5584,0,0.599403887606484
TERM,5585,5891,0,0.599403887606484
TERM,5892,6219,0,0.599403887606484
TERM,6220,6312,0,0.599403887606484
TERM,6313,6747,0,0.599403887606484
TERM,6748,7106,0,0.599403887606484
TERM,7107,7535,0,0.599403887606484
TERM,7536,8029,0,0.599403887606484
TERM,8030,8196,0,0.599403887606484
TERM,8197,8244,0,0.599403887606484
TERM,8245,8584,0,0.599403887606484
TERM,8585,8611,0,0.599403887606484
TERM,8612,8740,0,0.599403887606484
