channel,start_time,stop_time,label,confidence
TERM,1,171,0,0.3974837250472912
TERM,172,482,0,0.3974837250472912
TERM,483,540,0,0.3974837250472912
TERM,541,553,0,0.3974837250472912
TERM,554,784,0,0.3974837250472912
TERM,785,1163,0,0.3974837250472912
TERM,1164,1654,0,0.3974837250472912
TERM,1655,2077,0,0.3974837250472912
TERM,2078,2211,0,0.3974837250472912
TERM,2212,2249,0,0.3974837250472912
TERM,2250,2410,0,0.3974837250472912
TERM,2411,2721,0,0.3974837250472912
