channel,start_time,stop_time,label,confidence
TERM,1,470,0,0.5767041242702817
TERM,471,812,0,0.5767041242702817
TERM,813,1199,0,0.5767041242702817
TERM,1200,1275,0,0.5767041242702817
TERM,1276,1479,0,0.5767041242702817
TERM,1480,1927,0,0.5767041242702817
TERM,1928,1975,0,0.5767041242702817
TERM,1976,2239,0,0.5767041242702817
TERM,2240,2671,0,0.5767041242702817
TERM,2672,3006,0,0.5767041242702817
TERM,3007,3428,0,0.5767041242702817
TERM,3429,3655,0,0.5767041242702817
TERM,3656,4093,0,0.5767041242702817
TERM,4094,4503,0,0.5767041242702817
TERM,4504,4969,0,0.5767041242702817
TERM,4970,4994,0,0.5767041242702817
TERM,4995,5438,0,0.5767041242702817
TERM,5439,5826,0,0.5767041242702817
TERM,5827,6302,0,0.5767041242702817
TERM,6303,6685,0,0.5767041242702817
TERM,6686,6837,0,0.5767041242702817
TERM,6838,6895,0,0.5767041242702817
TERM,6896,7083,0,0.5767041242702817
TERM,7084,7552,0,0.5767041242702817
TERM,7553,7671,0,0.5767041242702817
TERM,7672,7702,0,0.5767041242702817
TERM,7703,8127,0,0.5767041242702817
TERM,8128,8163,0,0.5767041242702817
TERM,8164,8483,0,0.5767041242702817
TERM,8484,8911,0,0.5767041242702817
TERM,8912,9409,0,0.5767041242702817
TERM,9410,9491,0,0.5767041242702817
TERM,9492,9751,0,0.5767041242702817
TERM,9752,10210,0,0.5767041242702817
TERM,10211,10393,0,0.5767041242702817
TERM,10394,10467,0,0.5767041242702817
TERM,10468,10558,0,0.5767041242702817
TERM,10559,10965,0,0.5767041242702817
TERM,10966,11414,0,0.5767041242702817
TERM,11415,11644,0,0.5767041242702817
TERM,11645,11936,0,0.5767041242702817
TERM,11937,12058,0,0.5767041242702817
TERM,12059,12375,0,0.5767041242702817
TERM,12376,12841,0,0.5767041242702817
TERM,12842,13341,0,0.5767041242702817
TERM,13342,13600,0,0.5767041242702817
TERM,13601,13639,0,0.5767041242702817
TERM,13640,13927,0,0.5767041242702817
TERM,13928,14314,0,0.5767041242702817
TERM,14315,14694,0,0.5767041242702817
TERM,14695,14804,0,0.5767041242702817
TERM,14805,14978,0,0.5767041242702817
TERM,14979,15198,0,0.5767041242702817
TERM,15199,15444,0,0.5767041242702817
TERM,15445,15646,0,0.5767041242702817
TERM,15647,16008,0,0.5767041242702817
