channel,start_time,stop_time,label,confidence
TERM,1,163,0,0.4961767372400584
TERM,164,625,0,0.4961767372400584
TERM,626,849,0,0.4961767372400584
TERM,850,1190,0,0.4961767372400584
TERM,1191,1257,0,0.4961767372400584
TERM,1258,1473,0,0.4961767372400584
TERM,1474,1625,0,0.4961767372400584
TERM,1626,1851,0,0.4961767372400584
TERM,1852,2268,0,0.4961767372400584
TERM,2269,2297,0,0.4961767372400584
TERM,2298,2359,0,0.4961767372400584
TERM,2360,2839,0,0.4961767372400584
TERM,2840,3040,0,0.4961767372400584
TERM,3041,3138,0,0.4961767372400584
TERM,3139,3335,0,0.4961767372400584
TERM,3336,3829,0,0.4961767372400584
TERM,3830,4019,0,0.4961767372400584
TERM,4020,4261,0,0.4961767372400584
TERM,4262,4427,0,0.4961767372400584
TERM,4428,4686,0,0.4961767372400584
TERM,4687,4772,0,0.4961767372400584
TERM,4773,5046,0,0.4961767372400584
TERM,5047,5071,0,0.4961767372400584
TERM,5072,5108,0,0.4961767372400584
TERM,5109,5604,0,0.4961767372400584
TERM,5605,5999,0,0.4961767372400584
TERM,6000,6305,0,0.4961767372400584
TERM,6306,6754,0,0.4961767372400584
TERM,6755,6885,0,0.4961767372400584
TERM,6886,7086,0,0.4961767372400584
TERM,7087,7145,0,0.4961767372400584
TERM,7146,7628,0,0.4961767372400584
TERM,7629,7854,0,0.4961767372400584
TERM,7855,8088,0,0.4961767372400584
TERM,8089,8212,0,0.4961767372400584
TERM,8213,8348,0,0.4961767372400584
TERM,8349,8423,0,0.4961767372400584
TERM,8424,8745,0,0.4961767372400584
TERM,8746,9131,0,0.4961767372400584
TERM,9132,9368,0,0.4961767372400584
TERM,9369,9798,0,0.4961767372400584
TERM,9799,9878,0,0.4961767372400584
TERM,9879,9936,0,0.4961767372400584
TERM,9937,9991,0,0.4961767372400584
TERM,9992,10006,0,0.4961767372400584
TERM,10007,10293,0,0.4961767372400584
TERM,10294,10478,0,0.4961767372400584
TERM,10479,10750,0,0.4961767372400584
TERM,10751,11024,0,0.4961767372400584
TERM,11025,11399,0,0.4961767372400584
TERM,11400,11778,0,0.4961767372400584
TERM,11779,12008,0,0.4961767372400584
