channel,start_time,stop_time,label,confidence
TERM,1,348,0,0.6009864722465441
TERM,349,843,0,0.6009864722465441
TERM,844,1165,0,0.6009864722465441
TERM,1166,1333,0,0.6009864722465441
TERM,1334,1361,0,0.6009864722465441
TERM,1362,1402,0,0.6009864722465441
TERM,1403,1788,0,0.6009864722465441
TERM,1789,2020,0,0.6009864722465441
TERM,2021,2296,0,0.6009864722465441
TERM,2297,2344,0,0.6009864722465441
TERM,2345,2673,0,0.6009864722465441
TERM,2674,3147,0,0.6009864722465441
TERM,3148,3584,0,0.6009864722465441
TERM,3585,4029,0,0.6009864722465441
TERM,4030,4256,0,0.6009864722465441
TERM,4257,4588,0,0.6009864722465441
TERM,4589,4805,0,0.6009864722465441
TERM,4806,4915,0,0.6009864722465441
TERM,4916,5020,0,0.6009864722465441
TERM,5021,5170,0,0.6009864722465441
TERM,5171,5423,0,0.6009864722465441
TERM,5424,5607,0,0.6009864722465441
