channel,start_time,stop_time,label,confidence
TERM,1,319,0,0.6792922781578056
TERM,320,551,0,0.6792922781578056
TERM,552,788,0,0.6792922781578056
TERM,789,924,0,0.6792922781578056
TERM,925,954,0,0.6792922781578056
TERM,955,1454,0,0.6792922781578056
TERM,1455,1950,0,0.6792922781578056
TERM,1951,2080,0,0.6792922781578056
TERM,2081,2201,0,0.6792922781578056
TERM,2202,2454,0,0.6792922781578056
TERM,2455,2856,0,0.6792922781578056
TERM,2857,3161,0,0.6792922781578056
TERM,3162,3230,0,0.6792922781578056
TERM,3231,3441,0,0.6792922781578056
TERM,3442,3909,0,0.6792922781578056
TERM,3910,4070,0,0.6792922781578056
TERM,4071,4435,0,0.6792922781578056
TERM,4436,4663,0,0.6792922781578056
TERM,4664,4879,0,0.6792922781578056
TERM,4880,5038,0,0.6792922781578056
TERM,5039,5397,0,0.6792922781578056
TERM,5398,5824,0,0.6792922781578056
TERM,5825,5897,0,0.6792922781578056
TERM,5898,6180,0,0.6792922781578056
TERM,6181,6550,0,0.6792922781578056
TERM,6551,7027,0,0.6792922781578056
TERM,7028,7365,0,0.6792922781578056
TERM,7366,7620,0,0.6792922781578056
TERM,7621,7648,0,0.6792922781578056
TERM,7649,7769,0,0.6792922781578056
TERM,7770,7876,0,0.6792922781578056
TERM,7877,8116,0,0.6792922781578056
TERM,8117,8589,0,0.6792922781578056
TERM,8590,8781,0,0.6792922781578056
TERM,8782,8951,0,0.6792922781578056
TERM,8952,9109,0,0.6792922781578056
