channel,start_time,stop_time,label,confidence
TERM,1,330,0,0.6404731797024734
TERM,331,563,0,0.6404731797024734
TERM,564,924,0,0.6404731797024734
TERM,925,1417,0,0.6404731797024734
TERM,1418,1829,0,0.6404731797024734
TERM,1830,1937,0,0.6404731797024734
TERM,1938,2183,0,0.6404731797024734
TERM,2184,2605,0,0.6404731797024734
TERM,2606,2808,0,0.6404731797024734
TERM,2809,3106,0,0.6404731797024734
TERM,3107,3437,0,0.6404731797024734
TERM,3438,3603,0,0.6404731797024734
TERM,3604,3706,0,0.6404731797024734
TERM,3707,3836,0,0.6404731797024734
TERM,3837,4119,0,0.6404731797024734
TERM,4120,4315,0,0.6404731797024734
TERM,4316,4500,0,0.6404731797024734
TERM,4501,4941,0,0.6404731797024734
TERM,4942,5107,0,0.6404731797024734
TERM,5108,5534,0,0.6404731797024734
TERM,5535,5945,0,0.6404731797024734
TERM,5946,6083,0,0.6404731797024734
TERM,6084,6512,0,0.6404731797024734
TERM,6513,6667,0,0.6404731797024734
TERM,6668,7066,0,0.6404731797024734
TERM,7067,7307,0,0.6404731797024734
TERM,7308,7514,0,0.6404731797024734
TERM,7515,7970,0,0.6404731797024734
TERM,7971,8325,0,0.6404731797024734
TERM,8326,8339,0,0.6404731797024734
TERM,8340,8622,0,0.6404731797024734
TERM,8623,8917,0,0.6404731797024734
TERM,8918,9308,0,0.6404731797024734
TERM,9309,9769,0,0.6404731797024734
TERM,9770,10241,0,0.6404731797024734
TERM,10242,10590,0,0.6404731797024734
TERM,10591,10776,0,0.6404731797024734
TERM,10777,11259,0,0.6404731797024734
TERM,11260,11493,0,0.6404731797024734
TERM,11494,11856,0,0.6404731797024734
TERM,11857,11889,0,0.6404731797024734
TERM,11890,12168,0,0.6404731797024734
TERM,12169,12517,0,0.6404731797024734
TERM,12518,12617,0,0.6404731797024734
TERM,12618,12834,0,0.6404731797024734
TERM,12835,13269,0,0.6404731797024734
TERM,13270,13653,0,0.6404731797024734
TERM,13654,14126,0,0.6404731797024734
TERM,14127,14149,0,0.6404731797024734
TERM,14150,14301,0,0.6404731797024734
TERM,14302,14750,0,0.6404731797024734
TERM,14751,14962,0,0.6404731797024734
TERM,14963,15419,0,0.6404731797024734
TERM,15420,15836,0,0.6404731797024734
TERM,15837,16037,0,0.6404731797024734
TERM,16038,16417,0,0.6404731797024734
