channel,start_time,stop_time,label,confidence
TERM,1,425,0,0.5137136969316862
TERM,426,674,0,0.5137136969316862
TERM,675,877,0,0.5137136969316862
TERM,878,1311,0,0.5137136969316862
TERM,1312,1446,0,0.5137136969316862
TERM,1447,1542,0,0.5137136969316862
TERM,1543,1949,0,0.5137136969316862
TERM,1950,2094,0,0.5137136969316862
TERM,2095,2544,0,0.5137136969316862
TERM,2545,2560,0,0.5137136969316862
TERM,2561,2592,0,0.5137136969316862
TERM,2593,3012,0,0.5137136969316862
TERM,3013,3411,0,0.5137136969316862
TERM,3412,3796,0,0.5137136969316862
TERM,3797,4030,0,0.5137136969316862
TERM,4031,4070,0,0.5137136969316862
TERM,4071,4534,0,0.5137136969316862
TERM,4535,4615,0,0.5137136969316862
TERM,4616,5018,0,0.5137136969316862
TERM,5019,5070,0,0.5137136969316862
TERM,5071,5220,0,0.5137136969316862
TERM,5221,5593,0,0.5137136969316862
TERM,5594,6014,0,0.5137136969316862
TERM,6015,6447,0,0.5137136969316862
TERM,6448,6601,0,0.5137136969316862
TERM,6602,6681,0,0.5137136969316862
TERM,6682,7159,0,0.5137136969316862
TERM,7160,7522,0,0.5137136969316862
TERM,7523,7713,0,0.5137136969316862
TERM,7714,7784,0,0.5137136969316862
TERM,7785,8276,0,0.5137136969316862
TERM,8277,8350,0,0.5137136969316862
TERM,8351,8408,0,0.5137136969316862
TERM,8409,8456,0,0.5137136969316862
TERM,8457,8558,0,0.5137136969316862
TERM,8559,8951,0,0.5137136969316862
TERM,8952,9072,0,0.5137136969316862
TERM,9073,9488,0,0.5137136969316862
TERM,9489,9845,0,0.5137136969316862
TERM,9846,10152,0,0.5137136969316862
TERM,10153,10496,0,0.5137136969316862
TERM,10497,10711,0,0.5137136969316862
TERM,10712,10888,0,0.5137136969316862
TERM,10889,10960,0,0.5137136969316862
TERM,10961,11455,0,0.5137136969316862
TERM,11456,11855,0,0.5137136969316862
TERM,11856,12062,0,0.5137136969316862
TERM,12063,12221,0,0.5137136969316862
TERM,12222,12487,0,0.5137136969316862
TERM,12488,12751,0,0.5137136969316862
TERM,12752,13163,0,0.5137136969316862
TERM,13164,13555,0,0.5137136969316862
TERM,13556,13610,0,0.5137136969316862
TERM,13611,13936,0,0.5137136969316862
TERM,13937,13991,0,0.5137136969316862
TERM,13992,14194,0,0.5137136969316862
TERM,14195,14274,0,0.5137136969316862
TERM,14275,14289,0,0.5137136969316862
TERM,14290,14682,0,0.5137136969316862
TERM,14683,14803,0,0.5137136969316862
TERM,14804,14934,0,0.5137136969316862
TERM,14935,15061,0,0.5137136969316862
TERM,15062,15203,0,0.5137136969316862
TERM,15204,15416,0,0.5137136969316862
TERM,15417,15665,0,0.5137136969316862
