channel,start_time,stop_time,label,confidence
TERM,1,433,0,0.6650178280456178
TERM,434,520,0,0.6650178280456178
TERM,521,582,0,0.6650178280456178
TERM,583,903,0,0.6650178280456178
TERM,904,1158,0,0.6650178280456178
TERM,1159,1569,0,0.6650178280456178
TERM,1570,1888,0,0.6650178280456178
TERM,1889,2156,0,0.6650178280456178
TERM,2157,2543,0,0.6650178280456178
TERM,2544,2618,0,0.6650178280456178
TERM,2619,3051,0,0.6650178280456178
TERM,3052,3305,0,0.6650178280456178
TERM,3306,3713,0,0.6650178280456178
TERM,3714,4099,0,0.6650178280456178
TERM,4100,4380,0,0.6650178280456178
TERM,4381,4466,0,0.6650178280456178
TERM,4467,4737,0,0.6650178280456178
TERM,4738,4981,0,0.6650178280456178
TERM,4982,5299,0,0.6650178280456178
TERM,5300,5397,0,0.6650178280456178
TERM,5398,5566,0,0.6650178280456178
TERM,5567,5925,0,0.6650178280456178
TERM,5926,6243,0,0.6650178280456178
TERM,6244,6299,0,0.6650178280456178
TERM,6300,6523,0,0.6650178280456178
TERM,6524,6986,0,0.6650178280456178
TERM,6987,7263,0,0.6650178280456178
TERM,7264,7640,0,0.6650178280456178
TERM,7641,7729,0,0.6650178280456178
TERM,7730,7957,0,0.6650178280456178
TERM,7958,8037,0,0.6650178280456178
TERM,8038,8320,0,0.6650178280456178
TERM,8321,8345,0,0.6650178280456178
TERM,8346,8696,0,0.6650178280456178
TERM,8697,9115,0,0.6650178280456178
TERM,9116,9294,0,0.6650178280456178
TERM,9295,9388,0,0.6650178280456178
TERM,9389,9858,0,0.6650178280456178
TERM,9859,10027,0,0.6650178280456178
TERM,10028,10440,0,0.6650178280456178
TERM,10441,10572,0,0.6650178280456178
TERM,10573,10611,0,0.6650178280456178
TERM,10612,10797,0,0.6650178280456178
TERM,10798,11246,0,0.6650178280456178
TERM,11247,11531,0,0.6650178280456178
