channel,start_time,stop_time,label,confidence
TERM,1,468,0,0.678590251185793
TERM,469,917,0,0.678590251185793
TERM,918,1033,0,0.678590251185793
TERM,1034,1503,0,0.678590251185793
TERM,1504,1769,0,0.678590251185793
TERM,1770,1909,0,0.678590251185793
TERM,1910,2174,0,0.678590251185793
TERM,2175,2391,0,0.678590251185793
TERM,2392,2685,0,0.678590251185793
TERM,2686,3169,0,0.678590251185793
TERM,3170,3250,0,0.678590251185793
TERM,3251,3665,0,0.678590251185793
TERM,3666,3926,0,0.678590251185793
