channel,start_time,stop_time,label,confidence
TERM,1,222,0,0.6041144447257427
TERM,223,613,0,0.6041144447257427
TERM,614,684,0,0.6041144447257427
TERM,685,992,0,0.6041144447257427
TERM,993,1053,0,0.6041144447257427
TERM,1054,1279,0,0.6041144447257427
TERM,1280,1537,0,0.6041144447257427
TERM,1538,1823,0,0.6041144447257427
TERM,1824,2251,0,0.6041144447257427
TERM,2252,2343,0,0.6041144447257427
TERM,2344,2816,0,0.6041144447257427
TERM,2817,3246,0,0.6041144447257427
TERM,3247,3560,0,0.6041144447257427
TERM,3561,3625,0,0.6041144447257427
TERM,3626,3657,0,0.6041144447257427
TERM,3658,3824,0,0.6041144447257427
TERM,3825,4311,0,0.6041144447257427
TERM,4312,4322,0,0.6041144447257427
TERM,4323,4781,0,0.6041144447257427
TERM,4782,5274,0,0.6041144447257427
TERM,5275,5332,0,0.6041144447257427
TERM,5333,5765,0,0.6041144447257427
TERM,5766,5780,0,0.6041144447257427
TERM,5781,6095,0,0.6041144447257427
TERM,6096,6533,0,0.6041144447257427
TERM,6534,6881,0,0.6041144447257427
TERM,6882,7045,0,0.6041144447257427
TERM,7046,7232,0,0.6041144447257427
TERM,7233,7610,0,0.6041144447257427
TERM,7611,7995,0,0.6041144447257427
TERM,7996,8154,0,0.6041144447257427
TERM,8155,8394,0,0.6041144447257427
TERM,8395,8596,0,0.6041144447257427
TERM,8597,8615,0,0.6041144447257427
TERM,8616,8856,0,0.6041144447257427
TERM,8857,9236,0,0.6041144447257427
