channel,start_time,stop_time,label,confidence
TERM,1,128,0,0.6117073013090476
TERM,129,299,0,0.6117073013090476
TERM,300,493,0,0.6117073013090476
TERM,494,889,0,0.6117073013090476
TERM,890,930,0,0.6117073013090476
TERM,931,1265,0,0.6117073013090476
TERM,1266,1629,0,0.6117073013090476
TERM,1630,2110,0,0.6117073013090476
TERM,2111,2527,0,0.6117073013090476
TERM,2528,2712,0,0.6117073013090476
TERM,2713,2819,0,0.6117073013090476
TERM,2820,3045,0,0.6117073013090476
TERM,3046,3405,0,0.6117073013090476
TERM,3406,3859,0,0.6117073013090476
TERM,3860,4179,0,0.6117073013090476
TERM,4180,4346,0,0.6117073013090476
TERM,4347,4494,0,0.6117073013090476
TERM,4495,4758,0,0.6117073013090476
TERM,4759,4867,0,0.6117073013090476
TERM,4868,5111,0,0.6117073013090476
TERM,5112,5365,0,0.6117073013090476
TERM,5366,5831,0,0.6117073013090476
TERM,5832,5988,0,0.6117073013090476
TERM,5989,6235,0,0.6117073013090476
TERM,6236,6718,0,0.6117073013090476
TERM,6719,7021,0,0.6117073013090476
TERM,7022,7458,0,0.6117073013090476
TERM,7459,7894,0,0.6117073013090476
TERM,7895,8089,0,0.6117073013090476
TERM,8090,8582,0,0.6117073013090476
TERM,8583,8714,0,0.6117073013090476
TERM,8715,8979,0,0.6117073013090476
TERM,8980,9316,0,0.6117073013090476
TERM,9317,9540,0,0.6117073013090476
TERM,9541,9762,0,0.6117073013090476
TERM,9763,10139,0,0.6117073013090476
