channel,start_time,stop_time,label,confidence
TERM,1,418,0,0.4045374859559447
TERM,419,484,0,0.4045374859559447
TERM,485,964,0,0.4045374859559447
TERM,965,1103,0,0.4045374859559447
TERM,1104,1113,0,0.4045374859559447
TERM,1114,1359,0,0.4045374859559447
TERM,1360,1758,0,0.4045374859559447
TERM,1759,1820,0,0.4045374859559447
TERM,1821,1865,0,0.4045374859559447
TERM,1866,1926,0,0.4045374859559447
TERM,1927,2394,0,0.4045374859559447
TERM,2395,2680,0,0.4045374859559447
TERM,2681,3016,0,0.4045374859559447
TERM,3017,3182,0,0.4045374859559447
TERM,3183,3539,0,0.4045374859559447
TERM,3540,3653,0,0.4045374859559447
TERM,3654,3673,0,0.4045374859559447
TERM,3674,3990,0,0.4045374859559447
TERM,3991,4066,0,0.4045374859559447
TERM,4067,4527,0,0.4045374859559447
TERM,4528,4836,0,0.4045374859559447
TERM,4837,5248,0,0.4045374859559447
