channel,start_time,stop_time,label,confidence
TERM,1,185,0,0.6609892356834051
TERM,186,628,0,0.6609892356834051
TERM,629,899,0,0.6609892356834051
TERM,900,1167,0,0.6609892356834051
TERM,1168,1390,0,0.6609892356834051
TERM,1391,1463,0,0.6609892356834051
TERM,1464,1900,0,0.6609892356834051
TERM,1901,1934,0,0.6609892356834051
TERM,1935,2431,0,0.6609892356834051
TERM,2432,2517,0,0.6609892356834051
TERM,2518,2580,0,0.6609892356834051
TERM,2581,2869,0,0.6609892356834051
TERM,2870,3272,0,0.6609892356834051
TERM,3273,3727,0,0.6609892356834051
TERM,3728,4200,0,0.6609892356834051
