channel,start_time,stop_time,label,confidence
TERM,1,78,0,0.7658698043618811
TERM,79,157,0,0.7658698043618811
TERM,158,204,0,0.7658698043618811
TERM,205,499,0,0.7658698043618811
TERM,500,641,0,0.7658698043618811
TERM,642,696,0,0.7658698043618811
TERM,697,742,0,0.7658698043618811
TERM,743,932,0,0.7658698043618811
TERM,933,1055,0,0.7658698043618811
TERM,1056,1104,0,0.7658698043618811
TERM,1105,1411,0,0.7658698043618811
TERM,1412,1867,0,0.7658698043618811
TERM,1868,2296,0,0.7658698043618811
TERM,2297,2329,0,0.7658698043618811
TERM,2330,2390,0,0.7658698043618811
TERM,2391,2797,0,0.7658698043618811
TERM,2798,2990,0,0.7658698043618811
TERM,2991,3190,0,0.7658698043618811
TERM,3191,3511,0,0.7658698043618811
TERM,3512,3764,0,0.7658698043618811
TERM,3765,4151,0,0.7658698043618811
TERM,4152,4261,0,0.7658698043618811
