channel,start_time,stop_time,label,confidence
TERM,1,30,0,0.5082035605379478
TERM,31,450,0,0.5082035605379478
TERM,451,486,0,0.5082035605379478
TERM,487,784,0,0.5082035605379478
TERM,785,1106,0,0.5082035605379478
TERM,1107,1161,0,0.5082035605379478
TERM,1162,1365,0,0.5082035605379478
TERM,1366,1742,0,0.5082035605379478
TERM,1743,2234,0,0.5082035605379478
TERM,2235,2710,0,0.5082035605379478
TERM,2711,3095,0,0.5082035605379478
TERM,3096,3538,0,0.5082035605379478
