channel,start_time,stop_time,label,confidence
TERM,1,279,0,0.6843982741492486
TERM,280,376,0,0.6843982741492486
TERM,377,477,0,0.6843982741492486
TERM,478,899,0,0.6843982741492486
TERM,900,1030,0,0.6843982741492486
TERM,1031,1505,0,0.6843982741492486
TERM,1506,1612,0,0.6843982741492486
TERM,1613,2112,0,0.6843982741492486
TERM,2113,2122,0,0.6843982741492486
TERM,2123,2264,0,0.6843982741492486
TERM,2265,2459,0,0.6843982741492486
TERM,2460,2752,0,0.6843982741492486
TERM,2753,3116,0,0.6843982741492486
TERM,3117,3231,0,0.6843982741492486
TERM,3232,3512,0,0.6843982741492486
TERM,3513,3857,0,0.6843982741492486
TERM,3858,4011,0,0.6843982741492486
TERM,4012,4130,0,0.6843982741492486
TERM,4131,4433,0,0.6843982741492486
TERM,4434,4793,0,0.6843982741492486
TERM,4794,5283,0,0.6843982741492486
TERM,5284,5415,0,0.6843982741492486
TERM,5416,5706,0,0.6843982741492486
TERM,5707,6015,0,0.6843982741492486
TERM,6016,6295,0,0.6843982741492486
TERM,6296,6666,0,0.6843982741492486
TERM,6667,7026,0,0.6843982741492486
TERM,7027,7159,0,0.6843982741492486
TERM,7160,7650,0,0.6843982741492486
TERM,7651,8059,0,0.6843982741492486
TERM,8060,8173,0,0.6843982741492486
TERM,8174,8328,0,0.6843982741492486
TERM,8329,8494,0,0.6843982741492486
TERM,8495,8685,0,0.6843982741492486
TERM,8686,9117,0,0.6843982741492486
TERM,9118,9408,0,0.6843982741492486
TERM,9409,9563,0,0.6843982741492486
TERM,9564,9712,0,0.6843982741492486
TERM,9713,9886,0,0.6843982741492486
TERM,9887,10119,0,0.6843982741492486
TERM,10120,10579,0,0.6843982741492486
TERM,10580,10978,0,0.6843982741492486
TERM,10979,11327,0,0.6843982741492486
TERM,11328,11710,0,0.6843982741492486
TERM,11711,11907,0,0.6843982741492486
TERM,11908,12329,0,0.6843982741492486
TERM,12330,12468,0,0.6843982741492486
TERM,12469,12586,0,0.6843982741492486
TERM,12587,12832,0,0.6843982741492486
TERM,12833,13301,0,0.6843982741492486
TERM,13302,13639,0,0.6843982741492486
TERM,13640,14067,0,0.6843982741492486
