channel,start_time,stop_time,label,confidence
TERM,1,285,0,0.8630522570549144
TERM,286,525,0,0.8630522570549144
TERM,526,536,0,0.8630522570549144
TERM,537,550,0,0.8630522570549144
TERM,551,603,0,0.8630522570549144
TERM,604,698,0,0.8630522570549144
TERM,699,947,0,0.8630522570549144
TERM,948,1153,0,0.8630522570549144
TERM,1154,1503,0,0.8630522570549144
TERM,1504,1904,0,0.8630522570549144
TERM,1905,1914,0,0.8630522570549144
