channel,start_time,stop_time,label,confidence
TERM,1,379,0,0.5267802902004111
TERM,380,717,0,0.5267802902004111
TERM,718,941,0,0.5267802902004111
TERM,942,1358,0,0.5267802902004111
TERM,1359,1453,0,0.5267802902004111
TERM,1454,1942,0,0.5267802902004111
TERM,1943,2189,0,0.5267802902004111
TERM,2190,2502,0,0.5267802902004111
TERM,2503,2869,0,0.5267802902004111
TERM,2870,3284,0,0.5267802902004111
TERM,3285,3767,0,0.5267802902004111
TERM,3768,4051,0,0.5267802902004111
TERM,4052,4490,0,0.5267802902004111
TERM,4491,4648,0,0.5267802902004111
TERM,4649,4954,0,0.5267802902004111
TERM,4955,5263,0,0.5267802902004111
TERM,5264,5720,0,0.5267802902004111
TERM,5721,5786,0,0.5267802902004111
TERM,5787,6199,0,0.5267802902004111
TERM,6200,6602,0,0.5267802902004111
TERM,6603,6675,0,0.5267802902004111
TERM,6676,6987,0,0.5267802902004111
TERM,6988,7037,0,0.5267802902004111
TERM,7038,7066,0,0.5267802902004111
TERM,7067,7399,0,0.5267802902004111
TERM,7400,7751,0,0.5267802902004111
TERM,7752,8086,0,0.5267802902004111
TERM,8087,8281,0,0.5267802902004111
TERM,8282,8614,0,0.5267802902004111
TERM,8615,8632,0,0.5267802902004111
TERM,8633,8790,0,0.5267802902004111
TERM,8791,8821,0,0.5267802902004111
TERM,8822,9230,0,0.5267802902004111
TERM,9231,9608,0,0.5267802902004111
TERM,9609,9927,0,0.5267802902004111
TERM,9928,10075,0,0.5267802902004111
TERM,10076,10436,0,0.5267802902004111
TERM,10437,10468,0,0.5267802902004111
TERM,10469,10795,0,0.5267802902004111
TERM,10796,11142,0,0.5267802902004111
TERM,11143,11574,0,0.5267802902004111
TERM,11575,11962,0,0.5267802902004111
TERM,11963,12297,0,0.5267802902004111
TERM,12298,12370,0,0.5267802902004111
TERM,12371,12744,0,0.5267802902004111
TERM,12745,12808,0,0.5267802902004111
TERM,12809,13103,0,0.5267802902004111
TERM,13104,13569,0,0.5267802902004111
TERM,13570,13912,0,0.5267802902004111
TERM,13913,14066,0,0.5267802902004111
TERM,14067,14509,0,0.5267802902004111
TERM,14510,14800,0,0.5267802902004111
