channel,start_time,stop_time,label,confidence
TERM,1,60,0,0.8720211036238915
TERM,61,412,0,0.8720211036238915
TERM,413,438,0,0.8720211036238915
TERM,439,573,0,0.8720211036238915
TERM,574,767,0,0.8720211036238915
TERM,768,783,0,0.8720211036238915
TERM,784,1176,0,0.8720211036238915
TERM,1177,1490,0,0.8720211036238915
TERM,1491,1650,0,0.8720211036238915
TERM,1651,2093,0,0.8720211036238915
TERM,2094,2251,0,0.8720211036238915
TERM,2252,2393,0,0.8720211036238915
TERM,2394,2466,0,0.8720211036238915
TERM,2467,2871,0,0.8720211036238915
