channel,start_time,stop_time,label,confidence
TERM,1,31,0,0.5834559016731888
TERM,32,409,0,0.5834559016731888
TERM,410,502,0,0.5834559016731888
TERM,503,863,0,0.5834559016731888
TERM,864,1254,0,0.5834559016731888
TERM,1255,1585,0,0.5834559016731888
TERM,1586,1891,0,0.5834559016731888
TERM,1892,2223,0,0.5834559016731888
TERM,2224,2294,0,0.5834559016731888
TERM,2295,2578,0,0.5834559016731888
TERM,2579,2681,0,0.5834559016731888
TERM,2682,3154,0,0.5834559016731888
TERM,3155,3487,0,0.5834559016731888
TERM,3488,3754,0,0.5834559016731888
TERM,3755,4123,0,0.5834559016731888
TERM,4124,4477,0,0.5834559016731888
TERM,4478,4512,0,0.5834559016731888
TERM,4513,4791,0,0.5834559016731888
TERM,4792,5101,0,0.5834559016731888
TERM,5102,5590,0,0.5834559016731888
TERM,5591,5666,0,0.5834559016731888
TERM,5667,5760,0,0.5834559016731888
TERM,5761,6105,0,0.5834559016731888
TERM,6106,6330,0,0.5834559016731888
TERM,6331,6687,0,0.5834559016731888
TERM,6688,6955,0,0.5834559016731888
TERM,6956,7336,0,0.5834559016731888
TERM,7337,7670,0,0.5834559016731888
