channel,start_time,stop_time,label,confidence
TERM,1,351,0,0.7116997701972603
TERM,352,570,0,0.7116997701972603
TERM,571,636,0,0.7116997701972603
TERM,637,748,0,0.7116997701972603
TERM,749,763,0,0.7116997701972603
TERM,764,848,0,0.7116997701972603
TERM,849,1246,0,0.7116997701972603
TERM,1247,1394,0,0.7116997701972603
TERM,1395,1719,0,0.7116997701972603
TERM,1720,1855,0,0.7116997701972603
TERM,1856,2069,0,0.7116997701972603
TERM,2070,2514,0,0.7116997701972603
TERM,2515,2825,0,0.7116997701972603
TERM,2826,3145,0,0.7116997701972603
TERM,3146,3510,0,0.7116997701972603
TERM,3511,3591,0,0.7116997701972603
TERM,3592,3941,0,0.7116997701972603
TERM,3942,4095,0,0.7116997701972603
TERM,4096,4484,0,0.7116997701972603
TERM,4485,4629,0,0.7116997701972603
TERM,4630,4812,0,0.7116997701972603
TERM,4813,5019,0,0.7116997701972603
TERM,5020,5472,0,0.7116997701972603
TERM,5473,5793,0,0.7116997701972603
TERM,5794,5814,0,0.7116997701972603
TERM,5815,5971,0,0.7116997701972603
TERM,5972,6417,0,0.7116997701972603
TERM,6418,6579,0,0.7116997701972603
TERM,6580,6847,0,0.7116997701972603
TERM,6848,6979,0,0.7116997701972603
TERM,6980,7228,0,0.7116997701972603
TERM,7229,7246,0,0.7116997701972603
TERM,7247,7419,0,0.7116997701972603
