channel,start_time,stop_time,label,confidence
TERM,1,303,0,0.8162981196942847
TERM,304,356,0,0.8162981196942847
TERM,357,674,0,0.8162981196942847
TERM,675,1078,0,0.8162981196942847
TERM,1079,1169,0,0.8162981196942847
TERM,1170,1503,0,0.8162981196942847
TERM,1504,1765,0,0.8162981196942847
TERM,1766,2236,0,0.8162981196942847
TERM,2237,2397,0,0.8162981196942847
TERM,2398,2616,0,0.8162981196942847
TERM,2617,2689,0,0.8162981196942847
TERM,2690,2702,0,0.8162981196942847
