channel,start_time,stop_time,label,confidence
TERM,1,316,0,0.6229834351993304
TERM,317,404,0,0.6229834351993304
TERM,405,579,0,0.6229834351993304
TERM,580,620,0,0.6229834351993304
TERM,621,890,0,0.6229834351993304
TERM,891,1099,0,0.6229834351993304
TERM,1100,1237,0,0.6229834351993304
TERM,1238,1732,0,0.6229834351993304
TERM,1733,1917,0,0.6229834351993304
TERM,1918,2017,0,0.6229834351993304
TERM,2018,2170,0,0.6229834351993304
TERM,2171,2213,0,0.6229834351993304
TERM,2214,2583,0,0.6229834351993304
TERM,2584,2753,0,0.6229834351993304
TERM,2754,2849,0,0.6229834351993304
TERM,2850,3215,0,0.6229834351993304
TERM,3216,3478,0,0.6229834351993304
TERM,3479,3741,0,0.6229834351993304
TERM,3742,4097,0,0.6229834351993304
TERM,4098,4581,0,0.6229834351993304
TERM,4582,4999,0,0.6229834351993304
TERM,5000,5287,0,0.6229834351993304
TERM,5288,5454,0,0.6229834351993304
TERM,5455,5637,0,0.6229834351993304
TERM,5638,5850,0,0.6229834351993304
TERM,5851,6215,0,0.6229834351993304
TERM,6216,6262,0,0.6229834351993304
TERM,6263,6541,0,0.6229834351993304
TERM,6542,6800,0,0.6229834351993304
TERM,6801,7007,0,0.6229834351993304
TERM,7008,7210,0,0.6229834351993304
TERM,7211,7654,0,0.6229834351993304
TERM,7655,8036,0,0.6229834351993304
