channel,start_time,stop_time,label,confidence
TERM,1,491,0,0.6883664386937143
TERM,492,817,0,0.6883664386937143
TERM,818,1124,0,0.6883664386937143
TERM,1125,1543,0,0.6883664386937143
TERM,1544,1700,0,0.6883664386937143
TERM,1701,2080,0,0.6883664386937143
TERM,2081,2367,0,0.6883664386937143
TERM,2368,2628,0,0.6883664386937143
TERM,2629,2708,0,0.6883664386937143
TERM,2709,2926,0,0.6883664386937143
TERM,2927,3422,0,0.6883664386937143
TERM,3423,3488,0,0.6883664386937143
TERM,3489,3603,0,0.6883664386937143
TERM,3604,3895,0,0.6883664386937143
TERM,3896,4193,0,0.6883664386937143
TERM,4194,4634,0,0.6883664386937143
TERM,4635,4829,0,0.6883664386937143
TERM,4830,5137,0,0.6883664386937143
TERM,5138,5359,0,0.6883664386937143
TERM,5360,5428,0,0.6883664386937143
TERM,5429,5500,0,0.6883664386937143
TERM,5501,5832,0,0.6883664386937143
TERM,5833,6040,0,0.6883664386937143
TERM,6041,6449,0,0.6883664386937143
TERM,6450,6574,0,0.6883664386937143
TERM,6575,6766,0,0.6883664386937143
TERM,6767,7044,0,0.6883664386937143
TERM,7045,7368,0,0.6883664386937143
TERM,7369,7621,0,0.6883664386937143
TERM,7622,7968,0,0.6883664386937143
TERM,7969,8198,0,0.6883664386937143
TERM,8199,8605,0,0.6883664386937143
TERM,8606,8698,0,0.6883664386937143
TERM,8699,8904,0,0.6883664386937143
TERM,8905,9111,0,0.6883664386937143
TERM,9112,9487,0,0.6883664386937143
TERM,9488,9585,0,0.6883664386937143
TERM,9586,9753,0,0.6883664386937143
TERM,9754,9911,0,0.6883664386937143
TERM,9912,10153,0,0.6883664386937143
TERM,10154,10446,0,0.6883664386937143
TERM,10447,10514,0,0.6883664386937143
TERM,10515,10777,0,0.6883664386937143
TERM,10778,11025,0,0.6883664386937143
TERM,11026,11405,0,0.6883664386937143
TERM,11406,11695,0,0.6883664386937143
TERM,11696,12061,0,0.6883664386937143
TERM,12062,12181,0,0.6883664386937143
TERM,12182,12424,0,0.6883664386937143
TERM,12425,12589,0,0.6883664386937143
TERM,12590,13014,0,0.6883664386937143
TERM,13015,13446,0,0.6883664386937143
TERM,13447,13484,0,0.6883664386937143
TERM,13485,13867,0,0.6883664386937143
TERM,13868,14224,0,0.6883664386937143
TERM,14225,14645,0,0.6883664386937143
TERM,14646,15038,0,0.6883664386937143
TERM,15039,15427,0,0.6883664386937143
TERM,15428,15892,0,0.6883664386937143
TERM,15893,16245,0,0.6883664386937143
