channel,start_time,stop_time,label,confidence
TERM,1,497,0,0.5571389930343256
TERM,498,668,0,0.5571389930343256
TERM,669,1137,0,0.5571389930343256
TERM,1138,1519,0,0.5571389930343256
TERM,1520,1844,0,0.5571389930343256
TERM,1845,2222,0,0.5571389930343256
TERM,2223,2509,0,0.5571389930343256
TERM,2510,2554,0,0.5571389930343256
TERM,2555,2752,0,0.5571389930343256
TERM,2753,3115,0,0.5571389930343256
TERM,3116,3299,0,0.5571389930343256
TERM,3300,3696,0,0.5571389930343256
TERM,3697,3995,0,0.5571389930343256
TERM,3996,4331,0,0.5571389930343256
TERM,4332,4775,0,0.5571389930343256
TERM,4776,4825,0,0.5571389930343256
TERM,4826,4951,0,0.5571389930343256
TERM,4952,5002,0,0.5571389930343256
TERM,5003,5245,0,0.5571389930343256
TERM,5246,5549,0,0.5571389930343256
TERM,5550,5748,0,0.5571389930343256
TERM,5749,6088,0,0.5571389930343256
TERM,6089,6477,0,0.5571389930343256
TERM,6478,6632,0,0.5571389930343256
