channel,start_time,stop_time,label,confidence
TERM,1,231,0,0.600224418691093
TERM,232,387,0,0.600224418691093
TERM,388,584,0,0.600224418691093
TERM,585,957,0,0.600224418691093
TERM,958,1211,0,0.600224418691093
TERM,1212,1626,0,0.600224418691093
TERM,1627,1935,0,0.600224418691093
TERM,1936,2025,0,0.600224418691093
TERM,2026,2432,0,0.600224418691093
TERM,2433,2817,0,0.600224418691093
TERM,2818,2846,0,0.600224418691093
TERM,2847,3025,0,0.600224418691093
TERM,3026,3095,0,0.600224418691093
TERM,3096,3280,0,0.600224418691093
TERM,3281,3328,0,0.600224418691093
TERM,3329,3728,0,0.600224418691093
TERM,3729,4057,0,0.600224418691093
TERM,4058,4427,0,0.600224418691093
TERM,4428,4593,0,0.600224418691093
TERM,4594,5026,0,0.600224418691093
TERM,5027,5109,0,0.600224418691093
TERM,5110,5399,0,0.600224418691093
TERM,5400,5534,0,0.600224418691093
TERM,5535,5904,0,0.600224418691093
TERM,5905,5975,0,0.600224418691093
TERM,5976,6237,0,0.600224418691093
TERM,6238,6502,0,0.600224418691093
TERM,6503,6789,0,0.600224418691093
TERM,6790,6963,0,0.600224418691093
TERM,6964,7353,0,0.600224418691093
TERM,7354,7552,0,0.600224418691093
TERM,7553,8039,0,0.600224418691093
TERM,8040,8088,0,0.600224418691093
TERM,8089,8508,0,0.600224418691093
TERM,8509,8900,0,0.600224418691093
TERM,8901,9384,0,0.600224418691093
TERM,9385,9518,0,0.600224418691093
TERM,9519,9818,0,0.600224418691093
TERM,9819,9930,0,0.600224418691093
