channel,start_time,stop_time,label,confidence
TERM,1,90,0,0.6893732074708792
TERM,91,230,0,0.6893732074708792
TERM,231,411,0,0.6893732074708792
TERM,412,573,0,0.6893732074708792
TERM,574,1070,0,0.6893732074708792
TERM,1071,1089,0,0.6893732074708792
TERM,1090,1200,0,0.6893732074708792
TERM,1201,1481,0,0.6893732074708792
TERM,1482,1758,0,0.6893732074708792
TERM,1759,1843,0,0.6893732074708792
TERM,1844,1876,0,0.6893732074708792
TERM,1877,2037,0,0.6893732074708792
TERM,2038,2130,0,0.6893732074708792
TERM,2131,2165,0,0.6893732074708792
TERM,2166,2201,0,0.6893732074708792
TERM,2202,2577,0,0.6893732074708792
TERM,2578,2810,0,0.6893732074708792
TERM,2811,2832,0,0.6893732074708792
TERM,2833,3198,0,0.6893732074708792
TERM,3199,3398,0,0.6893732074708792
TERM,3399,3418,0,0.6893732074708792
TERM,3419,3633,0,0.6893732074708792
TERM,3634,4099,0,0.6893732074708792
TERM,4100,4505,0,0.6893732074708792
TERM,4506,4642,0,0.6893732074708792
TERM,4643,5033,0,0.6893732074708792
TERM,5034,5051,0,0.6893732074708792
TERM,5052,5389,0,0.6893732074708792
TERM,5390,5490,0,0.6893732074708792
TERM,5491,5555,0,0.6893732074708792
TERM,5556,5637,0,0.6893732074708792
TERM,5638,5843,0,0.6893732074708792
TERM,5844,5924,0,0.6893732074708792
TERM,5925,6252,0,0.6893732074708792
TERM,6253,6501,0,0.6893732074708792
TERM,6502,6705,0,0.6893732074708792
TERM,6706,7088,0,0.6893732074708792
TERM,7089,7573,0,0.6893732074708792
TERM,7574,7939,0,0.6893732074708792
TERM,7940,8114,0,0.6893732074708792
TERM,8115,8511,0,0.6893732074708792
TERM,8512,8913,0,0.6893732074708792
TERM,8914,9276,0,0.6893732074708792
TERM,9277,9720,0,0.6893732074708792
TERM,9721,9898,0,0.6893732074708792
