channel,start_time,stop_time,label,confidence
TERM,1,232,0,0.5743957919376549
TERM,233,575,0,0.5743957919376549
TERM,576,648,0,0.5743957919376549
TERM,649,1049,0,0.5743957919376549
TERM,1050,1315,0,0.5743957919376549
TERM,1316,1552,0,0.5743957919376549
TERM,1553,1564,0,0.5743957919376549
TERM,1565,1613,0,0.5743957919376549
TERM,1614,1748,0,0.5743957919376549
TERM,1749,1783,0,0.5743957919376549
TERM,1784,2114,0,0.5743957919376549
TERM,2115,2196,0,0.5743957919376549
TERM,2197,2405,0,0.5743957919376549
TERM,2406,2551,0,0.5743957919376549
TERM,2552,3000,0,0.5743957919376549
TERM,3001,3237,0,0.5743957919376549
TERM,3238,3654,0,0.5743957919376549
TERM,3655,3782,0,0.5743957919376549
TERM,3783,3932,0,0.5743957919376549
TERM,3933,4298,0,0.5743957919376549
TERM,4299,4605,0,0.5743957919376549
TERM,4606,4664,0,0.5743957919376549
TERM,4665,4929,0,0.5743957919376549
TERM,4930,4978,0,0.5743957919376549
TERM,4979,5391,0,0.5743957919376549
TERM,5392,5851,0,0.5743957919376549
TERM,5852,6320,0,0.5743957919376549
TERM,6321,6424,0,0.5743957919376549
TERM,6425,6591,0,0.5743957919376549
TERM,6592,7013,0,0.5743957919376549
TERM,7014,7430,0,0.5743957919376549
TERM,7431,7822,0,0.5743957919376549
TERM,7823,8087,0,0.5743957919376549
TERM,8088,8449,0,0.5743957919376549
TERM,8450,8500,0,0.5743957919376549
TERM,8501,8553,0,0.5743957919376549
TERM,8554,8904,0,0.5743957919376549
TERM,8905,9298,0,0.5743957919376549
TERM,9299,9439,0,0.5743957919376549
TERM,9440,9603,0,0.5743957919376549
TERM,9604,10001,0,0.5743957919376549
TERM,10002,10062,0,0.5743957919376549
