channel,start_time,stop_time,label,confidence
TERM,1,176,0,0.6049197810967291
TERM,177,205,0,0.6049197810967291
TERM,206,538,0,0.6049197810967291
TERM,539,702,0,0.6049197810967291
TERM,703,1118,0,0.6049197810967291
TERM,1119,1398,0,0.6049197810967291
TERM,1399,1479,0,0.6049197810967291
TERM,1480,1961,0,0.6049197810967291
TERM,1962,2063,0,0.6049197810967291
TERM,2064,2485,0,0.6049197810967291
TERM,2486,2916,0,0.6049197810967291
TERM,2917,3263,0,0.6049197810967291
TERM,3264,3438,0,0.6049197810967291
TERM,3439,3835,0,0.6049197810967291
TERM,3836,4073,0,0.6049197810967291
TERM,4074,4419,0,0.6049197810967291
TERM,4420,4459,0,0.6049197810967291
TERM,4460,4657,0,0.6049197810967291
TERM,4658,4805,0,0.6049197810967291
TERM,4806,5011,0,0.6049197810967291
TERM,5012,5314,0,0.6049197810967291
TERM,5315,5595,0,0.6049197810967291
TERM,5596,5969,0,0.6049197810967291
TERM,5970,6408,0,0.6049197810967291
TERM,6409,6503,0,0.6049197810967291
TERM,6504,6569,0,0.6049197810967291
TERM,6570,6948,0,0.6049197810967291
TERM,6949,7090,0,0.6049197810967291
TERM,7091,7141,0,0.6049197810967291
TERM,7142,7210,0,0.6049197810967291
TERM,7211,7366,0,0.6049197810967291
TERM,7367,7630,0,0.6049197810967291
TERM,7631,7641,0,0.6049197810967291
TERM,7642,8124,0,0.6049197810967291
TERM,8125,8516,0,0.6049197810967291
TERM,8517,8779,0,0.6049197810967291
TERM,8780,9209,0,0.6049197810967291
TERM,9210,9672,0,0.6049197810967291
TERM,9673,10074,0,0.6049197810967291
TERM,10075,10512,0,0.6049197810967291
TERM,10513,11000,0,0.6049197810967291
TERM,11001,11298,0,0.6049197810967291
TERM,11299,11361,0,0.6049197810967291
TERM,11362,11446,0,0.6049197810967291
TERM,11447,11782,0,0.6049197810967291
TERM,11783,11964,0,0.6049197810967291
TERM,11965,12409,0,0.6049197810967291
TERM,12410,12779,0,0.6049197810967291
TERM,12780,12882,0,0.6049197810967291
TERM,12883,13008,0,0.6049197810967291
TERM,13009,13402,0,0.6049197810967291
TERM,13403,13569,0,0.6049197810967291
TERM,13570,13891,0,0.6049197810967291
TERM,13892,14229,0,0.6049197810967291
TERM,14230,14435,0,0.6049197810967291
TERM,14436,14749,0,0.6049197810967291
TERM,14750,14974,0,0.6049197810967291
TERM,14975,15175,0,0.6049197810967291
TERM,15176,15208,0,0.6049197810967291
TERM,15209,15362,0,0.6049197810967291
