channel,start_time,stop_time,label,confidence
TERM,1,32,0,0.5259371717481289
TERM,33,45,0,0.5259371717481289
TERM,46,353,0,0.5259371717481289
TERM,354,804,0,0.5259371717481289
TERM,805,1066,0,0.5259371717481289
TERM,1067,1127,0,0.5259371717481289
TERM,1128,1456,0,0.5259371717481289
TERM,1457,1880,0,0.5259371717481289
TERM,1881,2167,0,0.5259371717481289
TERM,2168,2416,0,0.5259371717481289
TERM,2417,2889,0,0.5259371717481289
TERM,2890,2960,0,0.5259371717481289
TERM,2961,3151,0,0.5259371717481289
TERM,3152,3514,0,0.5259371717481289
TERM,3515,3675,0,0.5259371717481289
TERM,3676,3822,0,0.5259371717481289
TERM,3823,3979,0,0.5259371717481289
TERM,3980,4141,0,0.5259371717481289
TERM,4142,4170,0,0.5259371717481289
TERM,4171,4408,0,0.5259371717481289
TERM,4409,4753,0,0.5259371717481289
TERM,4754,5005,0,0.5259371717481289
TERM,5006,5027,0,0.5259371717481289
TERM,5028,5232,0,0.5259371717481289
TERM,5233,5657,0,0.5259371717481289
TERM,5658,6032,0,0.5259371717481289
TERM,6033,6315,0,0.5259371717481289
TERM,6316,6557,0,0.5259371717481289
TERM,6558,6914,0,0.5259371717481289
TERM,6915,7355,0,0.5259371717481289
TERM,7356,7752,0,0.5259371717481289
TERM,7753,7915,0,0.5259371717481289
TERM,7916,8007,0,0.5259371717481289
TERM,8008,8463,0,0.5259371717481289
TERM,8464,8834,0,0.5259371717481289
TERM,8835,9257,0,0.5259371717481289
TERM,9258,9575,0,0.5259371717481289
TERM,9576,9925,0,0.5259371717481289
TERM,9926,10301,0,0.5259371717481289
TERM,10302,10671,0,0.5259371717481289
TERM,10672,11041,0,0.5259371717481289
TERM,11042,11333,0,0.5259371717481289
TERM,11334,11453,0,0.5259371717481289
TERM,11454,11728,0,0.5259371717481289
TERM,11729,12149,0,0.5259371717481289
TERM,12150,12395,0,0.5259371717481289
TERM,12396,12575,0,0.5259371717481289
TERM,12576,12848,0,0.5259371717481289
TERM,12849,13326,0,0.5259371717481289
TERM,13327,13716,0,0.5259371717481289
TERM,13717,13875,0,0.5259371717481289
TERM,13876,14343,0,0.5259371717481289
TERM,14344,14448,0,0.5259371717481289
TERM,14449,14544,0,0.5259371717481289
TERM,14545,14650,0,0.5259371717481289
TERM,14651,14831,0,0.5259371717481289
TERM,14832,15274,0,0.5259371717481289
TERM,15275,15292,0,0.5259371717481289
TERM,15293,15687,0,0.5259371717481289
TERM,15688,16031,0,0.5259371717481289
