channel,start_time,stop_time,label,confidence
TERM,1,352,0,0.5243227566603637
TERM,353,375,0,0.5243227566603637
TERM,376,518,0,0.5243227566603637
TERM,519,831,0,0.5243227566603637
TERM,832,980,0,0.5243227566603637
TERM,981,1094,0,0.5243227566603637
TERM,1095,1511,0,0.5243227566603637
TERM,1512,1556,0,0.5243227566603637
TERM,1557,1943,0,0.5243227566603637
TERM,1944,2134,0,0.5243227566603637
TERM,2135,2489,0,0.5243227566603637
TERM,2490,2936,0,0.5243227566603637
TERM,2937,3186,0,0.5243227566603637
TERM,3187,3446,0,0.5243227566603637
TERM,3447,3898,0,0.5243227566603637
TERM,3899,4306,0,0.5243227566603637
TERM,4307,4460,0,0.5243227566603637
TERM,4461,4716,0,0.5243227566603637
TERM,4717,5130,0,0.5243227566603637
TERM,5131,5341,0,0.5243227566603637
TERM,5342,5530,0,0.5243227566603637
TERM,5531,5876,0,0.5243227566603637
TERM,5877,6332,0,0.5243227566603637
TERM,6333,6598,0,0.5243227566603637
TERM,6599,6739,0,0.5243227566603637
TERM,6740,7088,0,0.5243227566603637
TERM,7089,7387,0,0.5243227566603637
TERM,7388,7886,0,0.5243227566603637
TERM,7887,8058,0,0.5243227566603637
TERM,8059,8485,0,0.5243227566603637
TERM,8486,8547,0,0.5243227566603637
TERM,8548,8583,0,0.5243227566603637
TERM,8584,8859,0,0.5243227566603637
TERM,8860,9330,0,0.5243227566603637
TERM,9331,9445,0,0.5243227566603637
TERM,9446,9697,0,0.5243227566603637
TERM,9698,10184,0,0.5243227566603637
TERM,10185,10293,0,0.5243227566603637
TERM,10294,10769,0,0.5243227566603637
TERM,10770,11265,0,0.5243227566603637
TERM,11266,11404,0,0.5243227566603637
TERM,11405,11510,0,0.5243227566603637
TERM,11511,11963,0,0.5243227566603637
TERM,11964,12136,0,0.5243227566603637
TERM,12137,12188,0,0.5243227566603637
TERM,12189,12419,0,0.5243227566603637
TERM,12420,12559,0,0.5243227566603637
TERM,12560,12867,0,0.5243227566603637
TERM,12868,12984,0,0.5243227566603637
TERM,12985,13296,0,0.5243227566603637
TERM,13297,13648,0,0.5243227566603637
TERM,13649,13948,0,0.5243227566603637
TERM,13949,14249,0,0.5243227566603637
TERM,14250,14443,0,0.5243227566603637
TERM,14444,14854,0,0.5243227566603637
