channel,start_time,stop_time,label,confidence
TERM,1,318,0,0.8305764196595689
TERM,319,458,0,0.8305764196595689
TERM,459,635,0,0.8305764196595689
TERM,636,866,0,0.8305764196595689
TERM,867,1207,0,0.8305764196595689
TERM,1208,1328,0,0.8305764196595689
TERM,1329,1388,0,0.8305764196595689
TERM,1389,1795,0,0.8305764196595689
TERM,1796,1834,0,0.8305764196595689
TERM,1835,1971,0,0.8305764196595689
TERM,1972,2328,0,0.8305764196595689
TERM,2329,2572,0,0.8305764196595689
TERM,2573,2614,0,0.8305764196595689
