channel,start_time,stop_time,label,confidence
TERM,1,149,0,0.5907540531236335
TERM,150,547,0,0.5907540531236335
TERM,548,1001,0,0.5907540531236335
TERM,1002,1405,0,0.5907540531236335
TERM,1406,1901,0,0.5907540531236335
TERM,1902,2305,0,0.5907540531236335
TERM,2306,2424,0,0.5907540531236335
TERM,2425,2840,0,0.5907540531236335
TERM,2841,3127,0,0.5907540531236335
TERM,3128,3352,0,0.5907540531236335
TERM,3353,3707,0,0.5907540531236335
TERM,3708,3794,0,0.5907540531236335
TERM,3795,3866,0,0.5907540531236335
TERM,3867,4176,0,0.5907540531236335
TERM,4177,4554,0,0.5907540531236335
TERM,4555,4760,0,0.5907540531236335
TERM,4761,4827,0,0.5907540531236335
TERM,4828,4915,0,0.5907540531236335
TERM,4916,5294,0,0.5907540531236335
TERM,5295,5532,0,0.5907540531236335
TERM,5533,5853,0,0.5907540531236335
TERM,5854,6104,0,0.5907540531236335
TERM,6105,6449,0,0.5907540531236335
TERM,6450,6631,0,0.5907540531236335
TERM,6632,7009,0,0.5907540531236335
TERM,7010,7308,0,0.5907540531236335
