channel,start_time,stop_time,label,confidence
TERM,1,418,0,0.7152041716707633
TERM,419,628,0,0.7152041716707633
TERM,629,862,0,0.7152041716707633
TERM,863,986,0,0.7152041716707633
TERM,987,1212,0,0.7152041716707633
TERM,1213,1334,0,0.7152041716707633
TERM,1335,1464,0,0.7152041716707633
TERM,1465,1634,0,0.7152041716707633
TERM,1635,1949,0,0.7152041716707633
TERM,1950,2368,0,0.7152041716707633
TERM,2369,2801,0,0.7152041716707633
TERM,2802,3101,0,0.7152041716707633
TERM,3102,3235,0,0.7152041716707633
