channel,start_time,stop_time,label,confidence
TERM,1,45,0,0.7901225335732976
TERM,46,195,0,0.7901225335732976
TERM,196,434,0,0.7901225335732976
TERM,435,485,0,0.7901225335732976
TERM,486,766,0,0.7901225335732976
TERM,767,847,0,0.7901225335732976
TERM,848,1143,0,0.7901225335732976
TERM,1144,1634,0,0.7901225335732976
TERM,1635,1874,0,0.7901225335732976
TERM,1875,2333,0,0.7901225335732976
TERM,2334,2361,0,0.7901225335732976
TERM,2362,2715,0,0.7901225335732976
TERM,2716,2893,0,0.7901225335732976
TERM,2894,3211,0,0.7901225335732976
