channel,start_time,stop_time,label,confidence
TERM,1,328,0,0.4765169949302061
TERM,329,433,0,0.4765169949302061
TERM,434,925,0,0.4765169949302061
TERM,926,1021,0,0.4765169949302061
TERM,1022,1520,0,0.4765169949302061
TERM,1521,1826,0,0.4765169949302061
TERM,1827,1912,0,0.4765169949302061
TERM,1913,2374,0,0.4765169949302061
TERM,2375,2766,0,0.4765169949302061
TERM,2767,2995,0,0.4765169949302061
TERM,2996,3125,0,0.4765169949302061
TERM,3126,3248,0,0.4765169949302061
TERM,3249,3510,0,0.4765169949302061
TERM,3511,3932,0,0.4765169949302061
TERM,3933,4159,0,0.4765169949302061
TERM,4160,4194,0,0.4765169949302061
TERM,4195,4603,0,0.4765169949302061
TERM,4604,5074,0,0.4765169949302061
TERM,5075,5337,0,0.4765169949302061
TERM,5338,5356,0,0.4765169949302061
TERM,5357,5669,0,0.4765169949302061
TERM,5670,5963,0,0.4765169949302061
TERM,5964,6081,0,0.4765169949302061
TERM,6082,6129,0,0.4765169949302061
TERM,6130,6140,0,0.4765169949302061
TERM,6141,6376,0,0.4765169949302061
