channel,start_time,stop_time,label,confidence
TERM,1,333,0,0.7396280734788014
TERM,334,497,0,0.7396280734788014
TERM,498,933,0,0.7396280734788014
TERM,934,1181,0,0.7396280734788014
TERM,1182,1296,0,0.7396280734788014
TERM,1297,1470,0,0.7396280734788014
TERM,1471,1873,0,0.7396280734788014
TERM,1874,2368,0,0.7396280734788014
TERM,2369,2485,0,0.7396280734788014
TERM,2486,2909,0,0.7396280734788014
TERM,2910,3301,0,0.7396280734788014
TERM,3302,3685,0,0.7396280734788014
TERM,3686,3971,0,0.7396280734788014
TERM,3972,4308,0,0.7396280734788014
TERM,4309,4537,0,0.7396280734788014
TERM,4538,4837,0,0.7396280734788014
TERM,4838,4928,0,0.7396280734788014
TERM,4929,5144,0,0.7396280734788014
TERM,5145,5253,0,0.7396280734788014
TERM,5254,5532,0,0.7396280734788014
TERM,5533,5696,0,0.7396280734788014
TERM,5697,5976,0,0.7396280734788014
TERM,5977,6415,0,0.7396280734788014
TERM,6416,6588,0,0.7396280734788014
TERM,6589,7055,0,0.7396280734788014
TERM,7056,7355,0,0.7396280734788014
TERM,7356,7549,0,0.7396280734788014
TERM,7550,7847,0,0.7396280734788014
TERM,7848,8042,0,0.7396280734788014
TERM,8043,8080,0,0.7396280734788014
TERM,8081,8532,0,0.7396280734788014
TERM,8533,8644,0,0.7396280734788014
TERM,8645,8697,0,0.7396280734788014
TERM,8698,8830,0,0.7396280734788014
TERM,8831,8983,0,0.7396280734788014
TERM,8984,9348,0,0.7396280734788014
TERM,9349,9572,0,0.7396280734788014
TERM,9573,9757,0,0.7396280734788014
TERM,9758,9889,0,0.7396280734788014
TERM,9890,10135,0,0.7396280734788014
TERM,10136,10169,0,0.7396280734788014
TERM,10170,10468,0,0.7396280734788014
TERM,10469,10589,0,0.7396280734788014
TERM,10590,10790,0,0.7396280734788014
TERM,10791,11022,0,0.7396280734788014
TERM,11023,11262,0,0.7396280734788014
TERM,11263,11668,0,0.7396280734788014
TERM,11669,12095,0,0.7396280734788014
TERM,12096,12560,0,0.7396280734788014
TERM,12561,12861,0,0.7396280734788014
TERM,12862,12925,0,0.7396280734788014
TERM,12926,13056,0,0.7396280734788014
TERM,13057,13452,0,0.7396280734788014
TERM,13453,13585,0,0.7396280734788014
TERM,13586,13689,0,0.7396280734788014
TERM,13690,13875,0,0.7396280734788014
