channel,start_time,stop_time,label,confidence
TERM,1,67,0,0.6995897533054749
TERM,68,151,0,0.6995897533054749
TERM,152,269,0,0.6995897533054749
TERM,270,726,0,0.6995897533054749
TERM,727,1011,0,0.6995897533054749
TERM,1012,1070,0,0.6995897533054749
TERM,1071,1395,0,0.6995897533054749
TERM,1396,1407,0,0.6995897533054749
TERM,1408,1877,0,0.6995897533054749
TERM,1878,1957,0,0.6995897533054749
TERM,1958,2376,0,0.6995897533054749
TERM,2377,2443,0,0.6995897533054749
TERM,2444,2723,0,0.6995897533054749
TERM,2724,2844,0,0.6995897533054749
TERM,2845,2881,0,0.6995897533054749
TERM,2882,3346,0,0.6995897533054749
TERM,3347,3716,0,0.6995897533054749
TERM,3717,3876,0,0.6995897533054749
TERM,3877,3950,0,0.6995897533054749
TERM,3951,4229,0,0.6995897533054749
TERM,4230,4445,0,0.6995897533054749
TERM,4446,4677,0,0.6995897533054749
TERM,4678,5085,0,0.6995897533054749
TERM,5086,5249,0,0.6995897533054749
TERM,5250,5517,0,0.6995897533054749
TERM,5518,5913,0,0.6995897533054749
TERM,5914,6409,0,0.6995897533054749
TERM,6410,6650,0,0.6995897533054749
TERM,6651,6920,0,0.6995897533054749
TERM,6921,7252,0,0.6995897533054749
TERM,7253,7704,0,0.6995897533054749
TERM,7705,7741,0,0.6995897533054749
TERM,7742,8207,0,0.6995897533054749
TERM,8208,8337,0,0.6995897533054749
TERM,8338,8583,0,0.6995897533054749
TERM,8584,8770,0,0.6995897533054749
