channel,start_time,stop_time,label,confidence
TERM,1,259,0,0.7193547249045137
TERM,260,338,0,0.7193547249045137
TERM,339,458,0,0.7193547249045137
TERM,459,696,0,0.7193547249045137
TERM,697,1114,0,0.7193547249045137
TERM,1115,1331,0,0.7193547249045137
TERM,1332,1682,0,0.7193547249045137
TERM,1683,1916,0,0.7193547249045137
TERM,1917,2006,0,0.7193547249045137
TERM,2007,2328,0,0.7193547249045137
TERM,2329,2383,0,0.7193547249045137
TERM,2384,2545,0,0.7193547249045137
TERM,2546,2937,0,0.7193547249045137
TERM,2938,3340,0,0.7193547249045137
TERM,3341,3625,0,0.7193547249045137
TERM,3626,3670,0,0.7193547249045137
TERM,3671,3770,0,0.7193547249045137
TERM,3771,4157,0,0.7193547249045137
TERM,4158,4458,0,0.7193547249045137
TERM,4459,4570,0,0.7193547249045137
TERM,4571,4914,0,0.7193547249045137
TERM,4915,4983,0,0.7193547249045137
TERM,4984,5159,0,0.7193547249045137
TERM,5160,5544,0,0.7193547249045137
TERM,5545,5711,0,0.7193547249045137
TERM,5712,5917,0,0.7193547249045137
TERM,5918,6034,0,0.7193547249045137
TERM,6035,6158,0,0.7193547249045137
TERM,6159,6484,0,0.7193547249045137
TERM,6485,6545,0,0.7193547249045137
TERM,6546,6670,0,0.7193547249045137
TERM,6671,6837,0,0.7193547249045137
TERM,6838,7109,0,0.7193547249045137
TERM,7110,7291,0,0.7193547249045137
TERM,7292,7552,0,0.7193547249045137
TERM,7553,7838,0,0.7193547249045137
TERM,7839,8274,0,0.7193547249045137
TERM,8275,8318,0,0.7193547249045137
TERM,8319,8647,0,0.7193547249045137
TERM,8648,8890,0,0.7193547249045137
TERM,8891,9264,0,0.7193547249045137
TERM,9265,9448,0,0.7193547249045137
TERM,9449,9556,0,0.7193547249045137
TERM,9557,9884,0,0.7193547249045137
TERM,9885,10036,0,0.7193547249045137
TERM,10037,10224,0,0.7193547249045137
TERM,10225,10357,0,0.7193547249045137
TERM,10358,10471,0,0.7193547249045137
