channel,start_time,stop_time,label,confidence
TERM,1,228,0,0.5899018589686182
TERM,229,457,0,0.5899018589686182
TERM,458,758,0,0.5899018589686182
TERM,759,1107,0,0.5899018589686182
TERM,1108,1455,0,0.5899018589686182
TERM,1456,1854,0,0.5899018589686182
TERM,1855,2272,0,0.5899018589686182
TERM,2273,2767,0,0.5899018589686182
TERM,2768,3158,0,0.5899018589686182
TERM,3159,3249,0,0.5899018589686182
TERM,3250,3691,0,0.5899018589686182
TERM,3692,3928,0,0.5899018589686182
TERM,3929,4277,0,0.5899018589686182
TERM,4278,4369,0,0.5899018589686182
TERM,4370,4675,0,0.5899018589686182
TERM,4676,4823,0,0.5899018589686182
TERM,4824,5231,0,0.5899018589686182
TERM,5232,5588,0,0.5899018589686182
TERM,5589,5972,0,0.5899018589686182
TERM,5973,6370,0,0.5899018589686182
TERM,6371,6848,0,0.5899018589686182
TERM,6849,6944,0,0.5899018589686182
TERM,6945,7087,0,0.5899018589686182
TERM,7088,7533,0,0.5899018589686182
TERM,7534,7683,0,0.5899018589686182
TERM,7684,7694,0,0.5899018589686182
TERM,7695,8193,0,0.5899018589686182
TERM,8194,8404,0,0.5899018589686182
TERM,8405,8898,0,0.5899018589686182
TERM,8899,9128,0,0.5899018589686182
TERM,9129,9257,0,0.5899018589686182
TERM,9258,9727,0,0.5899018589686182
TERM,9728,9907,0,0.5899018589686182
TERM,9908,10347,0,0.5899018589686182
TERM,10348,10790,0,0.5899018589686182
TERM,10791,11115,0,0.5899018589686182
TERM,11116,11217,0,0.5899018589686182
TERM,11218,11314,0,0.5899018589686182
TERM,11315,11767,0,0.5899018589686182
TERM,11768,12250,0,0.5899018589686182
TERM,12251,12596,0,0.5899018589686182
TERM,12597,12696,0,0.5899018589686182
TERM,12697,12978,0,0.5899018589686182
TERM,12979,13321,0,0.5899018589686182
