channel,start_time,stop_time,label,confidence
TERM,1,289,0,0.6161035851826064
TERM,290,780,0,0.6161035851826064
TERM,781,1070,0,0.6161035851826064
TERM,1071,1410,0,0.6161035851826064
TERM,1411,1663,0,0.6161035851826064
TERM,1664,1867,0,0.6161035851826064
TERM,1868,1957,0,0.6161035851826064
TERM,1958,2313,0,0.6161035851826064
TERM,2314,2354,0,0.6161035851826064
TERM,2355,2499,0,0.6161035851826064
TERM,2500,2650,0,0.6161035851826064
TERM,2651,2880,0,0.6161035851826064
TERM,2881,3110,0,0.6161035851826064
TERM,3111,3573,0,0.6161035851826064
TERM,3574,3951,0,0.6161035851826064
TERM,3952,4039,0,0.6161035851826064
TERM,4040,4304,0,0.6161035851826064
TERM,4305,4648,0,0.6161035851826064
TERM,4649,4803,0,0.6161035851826064
TERM,4804,4859,0,0.6161035851826064
TERM,4860,5282,0,0.6161035851826064
TERM,5283,5707,0,0.6161035851826064
