channel,start_time,stop_time,label,confidence
TERM,1,348,0,0.6845026900162734
TERM,349,734,0,0.6845026900162734
TERM,735,1123,0,0.6845026900162734
TERM,1124,1591,0,0.6845026900162734
TERM,1592,1883,0,0.6845026900162734
TERM,1884,1924,0,0.6845026900162734
TERM,1925,2227,0,0.6845026900162734
TERM,2228,2245,0,0.6845026900162734
TERM,2246,2370,0,0.6845026900162734
TERM,2371,2641,0,0.6845026900162734
TERM,2642,2854,0,0.6845026900162734
TERM,2855,3023,0,0.6845026900162734
TERM,3024,3106,0,0.6845026900162734
TERM,3107,3500,0,0.6845026900162734
TERM,3501,3637,0,0.6845026900162734
TERM,3638,3811,0,0.6845026900162734
TERM,3812,3982,0,0.6845026900162734
TERM,3983,4049,0,0.6845026900162734
TERM,4050,4173,0,0.6845026900162734
TERM,4174,4592,0,0.6845026900162734
TERM,4593,4843,0,0.6845026900162734
TERM,4844,5073,0,0.6845026900162734
TERM,5074,5170,0,0.6845026900162734
TERM,5171,5602,0,0.6845026900162734
TERM,5603,5986,0,0.6845026900162734
TERM,5987,6406,0,0.6845026900162734
TERM,6407,6462,0,0.6845026900162734
TERM,6463,6875,0,0.6845026900162734
TERM,6876,7323,0,0.6845026900162734
TERM,7324,7458,0,0.6845026900162734
TERM,7459,7542,0,0.6845026900162734
TERM,7543,8009,0,0.6845026900162734
TERM,8010,8343,0,0.6845026900162734
TERM,8344,8416,0,0.6845026900162734
TERM,8417,8495,0,0.6845026900162734
TERM,8496,8645,0,0.6845026900162734
TERM,8646,8753,0,0.6845026900162734
TERM,8754,9200,0,0.6845026900162734
TERM,9201,9319,0,0.6845026900162734
TERM,9320,9736,0,0.6845026900162734
TERM,9737,10043,0,0.6845026900162734
TERM,10044,10055,0,0.6845026900162734
