channel,start_time,stop_time,label,confidence
TERM,1,242,0,0.5544073455074201
TERM,243,515,0,0.5544073455074201
TERM,516,1009,0,0.5544073455074201
TERM,1010,1459,0,0.5544073455074201
TERM,1460,1782,0,0.5544073455074201
TERM,1783,1960,0,0.5544073455074201
TERM,1961,2357,0,0.5544073455074201
TERM,2358,2794,0,0.5544073455074201
TERM,2795,2946,0,0.5544073455074201
TERM,2947,3104,0,0.5544073455074201
TERM,3105,3458,0,0.5544073455074201
TERM,3459,3582,0,0.5544073455074201
TERM,3583,3768,0,0.5544073455074201
TERM,3769,4017,0,0.5544073455074201
TERM,4018,4193,0,0.5544073455074201
TERM,4194,4483,0,0.5544073455074201
TERM,4484,4595,0,0.5544073455074201
TERM,4596,4843,0,0.5544073455074201
TERM,4844,5271,0,0.5544073455074201
TERM,5272,5314,0,0.5544073455074201
TERM,5315,5722,0,0.5544073455074201
TERM,5723,5782,0,0.5544073455074201
TERM,5783,6149,0,0.5544073455074201
TERM,6150,6184,0,0.5544073455074201
TERM,6185,6631,0,0.5544073455074201
TERM,6632,7047,0,0.5544073455074201
TERM,7048,7497,0,0.5544073455074201
TERM,7498,7987,0,0.5544073455074201
TERM,7988,8016,0,0.5544073455074201
TERM,8017,8217,0,0.5544073455074201
TERM,8218,8624,0,0.5544073455074201
TERM,8625,8710,0,0.5544073455074201
TERM,8711,8755,0,0.5544073455074201
TERM,8756,8928,0,0.5544073455074201
TERM,8929,9325,0,0.5544073455074201
TERM,9326,9813,0,0.5544073455074201
TERM,9814,10125,0,0.5544073455074201
TERM,10126,10247,0,0.5544073455074201
TERM,10248,10427,0,0.5544073455074201
TERM,10428,10554,0,0.5544073455074201
TERM,10555,10571,0,0.5544073455074201
TERM,10572,10989,0,0.5544073455074201
TERM,10990,11432,0,0.5544073455074201
TERM,11433,11564,0,0.5544073455074201
TERM,11565,11983,0,0.5544073455074201
TERM,11984,12481,0,0.5544073455074201
TERM,12482,12667,0,0.5544073455074201
TERM,12668,12893,0,0.5544073455074201
TERM,12894,13164,0,0.5544073455074201
TERM,13165,13489,0,0.5544073455074201
TERM,13490,13868,0,0.5544073455074201
TERM,13869,14007,0,0.5544073455074201
TERM,14008,14199,0,0.5544073455074201
TERM,14200,14504,0,0.5544073455074201
TERM,14505,14928,0,0.5544073455074201
TERM,14929,15158,0,0.5544073455074201
TERM,15159,15351,0,0.5544073455074201
TERM,15352,15646,0,0.5544073455074201
TERM,15647,15904,0,0.5544073455074201
TERM,15905,16265,0,0.5544073455074201
TERM,16266,16705,0,0.5544073455074201
TERM,16706,16857,0,0.5544073455074201
TERM,16858,17246,0,0.5544073455074201
TERM,17247,17564,0,0.5544073455074201
TERM,17565,17778,0,0.5544073455074201
