channel,start_time,stop_time,label,confidence
TERM,1,147,0,0.7021112394415701
TERM,148,287,0,0.7021112394415701
TERM,288,335,0,0.7021112394415701
TERM,336,679,0,0.7021112394415701
TERM,680,973,0,0.7021112394415701
TERM,974,1011,0,0.7021112394415701
TERM,1012,1398,0,0.7021112394415701
TERM,1399,1817,0,0.7021112394415701
TERM,1818,1993,0,0.7021112394415701
TERM,1994,2385,0,0.7021112394415701
TERM,2386,2605,0,0.7021112394415701
TERM,2606,2673,0,0.7021112394415701
TERM,2674,2821,0,0.7021112394415701
TERM,2822,2924,0,0.7021112394415701
TERM,2925,3102,0,0.7021112394415701
TERM,3103,3288,0,0.7021112394415701
TERM,3289,3471,0,0.7021112394415701
TERM,3472,3957,0,0.7021112394415701
TERM,3958,4219,0,0.7021112394415701
TERM,4220,4411,0,0.7021112394415701
TERM,4412,4796,0,0.7021112394415701
TERM,4797,5031,0,0.7021112394415701
TERM,5032,5236,0,0.7021112394415701
TERM,5237,5720,0,0.7021112394415701
TERM,5721,5867,0,0.7021112394415701
TERM,5868,6055,0,0.7021112394415701
