channel,start_time,stop_time,label,confidence
TERM,1,131,0,0.6381425061082071
TERM,132,428,0,0.6381425061082071
TERM,429,812,0,0.6381425061082071
TERM,813,1185,0,0.6381425061082071
TERM,1186,1521,0,0.6381425061082071
TERM,1522,1811,0,0.6381425061082071
TERM,1812,2138,0,0.6381425061082071
TERM,2139,2334,0,0.6381425061082071
TERM,2335,2819,0,0.6381425061082071
TERM,2820,2954,0,0.6381425061082071
TERM,2955,3090,0,0.6381425061082071
TERM,3091,3136,0,0.6381425061082071
TERM,3137,3291,0,0.6381425061082071
TERM,3292,3683,0,0.6381425061082071
