channel,start_time,stop_time,label,confidence
TERM,1,65,0,0.5881027688993123
TERM,66,487,0,0.5881027688993123
TERM,488,513,0,0.5881027688993123
TERM,514,586,0,0.5881027688993123
TERM,587,778,0,0.5881027688993123
TERM,779,1275,0,0.5881027688993123
TERM,1276,1506,0,0.5881027688993123
TERM,1507,1572,0,0.5881027688993123
TERM,1573,1806,0,0.5881027688993123
TERM,1807,1873,0,0.5881027688993123
TERM,1874,2125,0,0.5881027688993123
TERM,2126,2227,0,0.5881027688993123
TERM,2228,2428,0,0.5881027688993123
TERM,2429,2833,0,0.5881027688993123
TERM,2834,2987,0,0.5881027688993123
TERM,2988,3432,0,0.5881027688993123
TERM,3433,3902,0,0.5881027688993123
TERM,3903,4241,0,0.5881027688993123
TERM,4242,4380,0,0.5881027688993123
TERM,4381,4676,0,0.5881027688993123
TERM,4677,4850,0,0.5881027688993123
TERM,4851,5156,0,0.5881027688993123
TERM,5157,5200,0,0.5881027688993123
TERM,5201,5335,0,0.5881027688993123
TERM,5336,5607,0,0.5881027688993123
TERM,5608,5950,0,0.5881027688993123
