channel,start_time,stop_time,label,confidence
TERM,1,252,0,0.7551445802597203
TERM,253,498,0,0.7551445802597203
TERM,499,885,0,0.7551445802597203
TERM,886,1048,0,0.7551445802597203
TERM,1049,1395,0,0.7551445802597203
TERM,1396,1831,0,0.7551445802597203
TERM,1832,2136,0,0.7551445802597203
TERM,2137,2348,0,0.7551445802597203
TERM,2349,2730,0,0.7551445802597203
TERM,2731,2837,0,0.7551445802597203
TERM,2838,3010,0,0.7551445802597203
TERM,3011,3459,0,0.7551445802597203
TERM,3460,3647,0,0.7551445802597203
TERM,3648,4062,0,0.7551445802597203
TERM,4063,4094,0,0.7551445802597203
TERM,4095,4559,0,0.7551445802597203
TERM,4560,4880,0,0.7551445802597203
TERM,4881,4915,0,0.7551445802597203
TERM,4916,4980,0,0.7551445802597203
TERM,4981,5084,0,0.7551445802597203
TERM,5085,5473,0,0.7551445802597203
TERM,5474,5796,0,0.7551445802597203
TERM,5797,5878,0,0.7551445802597203
TERM,5879,6171,0,0.7551445802597203
TERM,6172,6487,0,0.7551445802597203
TERM,6488,6819,0,0.7551445802597203
TERM,6820,7000,0,0.7551445802597203
TERM,7001,7013,0,0.7551445802597203
TERM,7014,7052,0,0.7551445802597203
TERM,7053,7142,0,0.7551445802597203
TERM,7143,7156,0,0.7551445802597203
TERM,7157,7166,0,0.7551445802597203
TERM,7167,7380,0,0.7551445802597203
TERM,7381,7649,0,0.7551445802597203
TERM,7650,8116,0,0.7551445802597203
TERM,8117,8577,0,0.7551445802597203
TERM,8578,8805,0,0.7551445802597203
TERM,8806,8964,0,0.7551445802597203
TERM,8965,9438,0,0.7551445802597203
TERM,9439,9800,0,0.7551445802597203
TERM,9801,10015,0,0.7551445802597203
TERM,10016,10309,0,0.7551445802597203
TERM,10310,10443,0,0.7551445802597203
TERM,10444,10862,0,0.7551445802597203
TERM,10863,11324,0,0.7551445802597203
TERM,11325,11550,0,0.7551445802597203
TERM,11551,11638,0,0.7551445802597203
TERM,11639,12121,0,0.7551445802597203
TERM,12122,12419,0,0.7551445802597203
TERM,12420,12715,0,0.7551445802597203
TERM,12716,12823,0,0.7551445802597203
TERM,12824,13071,0,0.7551445802597203
TERM,13072,13156,0,0.7551445802597203
TERM,13157,13634,0,0.7551445802597203
TERM,13635,13918,0,0.7551445802597203
TERM,13919,14350,0,0.7551445802597203
TERM,14351,14519,0,0.7551445802597203
TERM,14520,14954,0,0.7551445802597203
TERM,14955,15370,0,0.7551445802597203
TERM,15371,15465,0,0.7551445802597203
TERM,15466,15642,0,0.7551445802597203
TERM,15643,15773,0,0.7551445802597203
TERM,15774,15930,0,0.7551445802597203
TERM,15931,16306,0,0.7551445802597203
