channel,start_time,stop_time,label,confidence
TERM,1,117,0,0.704607085553099
TERM,118,130,0,0.704607085553099
TERM,131,582,0,0.704607085553099
TERM,583,849,0,0.704607085553099
TERM,850,1020,0,0.704607085553099
TERM,1021,1223,0,0.704607085553099
TERM,1224,1289,0,0.704607085553099
TERM,1290,1357,0,0.704607085553099
TERM,1358,1417,0,0.704607085553099
TERM,1418,1845,0,0.704607085553099
TERM,1846,2243,0,0.704607085553099
TERM,2244,2671,0,0.704607085553099
TERM,2672,3046,0,0.704607085553099
TERM,3047,3376,0,0.704607085553099
