channel,start_time,stop_time,label,confidence
TERM,1,391,0,0.670451306315486
TERM,392,440,0,0.670451306315486
TERM,441,504,0,0.670451306315486
TERM,505,574,0,0.670451306315486
TERM,575,742,0,0.670451306315486
TERM,743,815,0,0.670451306315486
TERM,816,1024,0,0.670451306315486
TERM,1025,1379,0,0.670451306315486
TERM,1380,1589,0,0.670451306315486
TERM,1590,1759,0,0.670451306315486
TERM,1760,2209,0,0.670451306315486
TERM,2210,2571,0,0.670451306315486
TERM,2572,2620,0,0.670451306315486
TERM,2621,3096,0,0.670451306315486
TERM,3097,3145,0,0.670451306315486
