channel,start_time,stop_time,label,confidence
TERM,1,270,0,0.6339203146549752
TERM,271,405,0,0.6339203146549752
TERM,406,702,0,0.6339203146549752
TERM,703,742,0,0.6339203146549752
TERM,743,993,0,0.6339203146549752
TERM,994,1220,0,0.6339203146549752
TERM,1221,1246,0,0.6339203146549752
TERM,1247,1458,0,0.6339203146549752
TERM,1459,1819,0,0.6339203146549752
TERM,1820,1975,0,0.6339203146549752
TERM,1976,2056,0,0.6339203146549752
TERM,2057,2497,0,0.6339203146549752
TERM,2498,2562,0,0.6339203146549752
TERM,2563,2625,0,0.6339203146549752
TERM,2626,2768,0,0.6339203146549752
TERM,2769,3022,0,0.6339203146549752
TERM,3023,3277,0,0.6339203146549752
TERM,3278,3389,0,0.6339203146549752
TERM,3390,3820,0,0.6339203146549752
TERM,3821,4017,0,0.6339203146549752
TERM,4018,4319,0,0.6339203146549752
TERM,4320,4450,0,0.6339203146549752
TERM,4451,4921,0,0.6339203146549752
TERM,4922,5018,0,0.6339203146549752
TERM,5019,5518,0,0.6339203146549752
TERM,5519,5832,0,0.6339203146549752
TERM,5833,6234,0,0.6339203146549752
TERM,6235,6718,0,0.6339203146549752
TERM,6719,6897,0,0.6339203146549752
TERM,6898,7112,0,0.6339203146549752
TERM,7113,7224,0,0.6339203146549752
TERM,7225,7436,0,0.6339203146549752
TERM,7437,7659,0,0.6339203146549752
TERM,7660,7774,0,0.6339203146549752
TERM,7775,7929,0,0.6339203146549752
TERM,7930,7961,0,0.6339203146549752
