channel,start_time,stop_time,label,confidence
TERM,1,396,0,0.5584450586524796
TERM,397,460,0,0.5584450586524796
TERM,461,936,0,0.5584450586524796
TERM,937,1087,0,0.5584450586524796
TERM,1088,1400,0,0.5584450586524796
TERM,1401,1841,0,0.5584450586524796
TERM,1842,1875,0,0.5584450586524796
TERM,1876,2043,0,0.5584450586524796
TERM,2044,2370,0,0.5584450586524796
TERM,2371,2838,0,0.5584450586524796
TERM,2839,3169,0,0.5584450586524796
TERM,3170,3433,0,0.5584450586524796
TERM,3434,3802,0,0.5584450586524796
TERM,3803,4061,0,0.5584450586524796
TERM,4062,4088,0,0.5584450586524796
TERM,4089,4504,0,0.5584450586524796
TERM,4505,4557,0,0.5584450586524796
TERM,4558,4585,0,0.5584450586524796
TERM,4586,5024,0,0.5584450586524796
TERM,5025,5161,0,0.5584450586524796
TERM,5162,5307,0,0.5584450586524796
TERM,5308,5334,0,0.5584450586524796
TERM,5335,5515,0,0.5584450586524796
TERM,5516,5773,0,0.5584450586524796
TERM,5774,6089,0,0.5584450586524796
TERM,6090,6572,0,0.5584450586524796
TERM,6573,6706,0,0.5584450586524796
TERM,6707,7134,0,0.5584450586524796
TERM,7135,7382,0,0.5584450586524796
TERM,7383,7436,0,0.5584450586524796
TERM,7437,7723,0,0.5584450586524796
TERM,7724,8121,0,0.5584450586524796
TERM,8122,8575,0,0.5584450586524796
TERM,8576,8887,0,0.5584450586524796
TERM,8888,9031,0,0.5584450586524796
TERM,9032,9487,0,0.5584450586524796
TERM,9488,9776,0,0.5584450586524796
TERM,9777,9981,0,0.5584450586524796
TERM,9982,10135,0,0.5584450586524796
TERM,10136,10296,0,0.5584450586524796
TERM,10297,10477,0,0.5584450586524796
TERM,10478,10869,0,0.5584450586524796
TERM,10870,10954,0,0.5584450586524796
TERM,10955,11181,0,0.5584450586524796
TERM,11182,11287,0,0.5584450586524796
TERM,11288,11725,0,0.5584450586524796
TERM,11726,12036,0,0.5584450586524796
TERM,12037,12269,0,0.5584450586524796
TERM,12270,12494,0,0.5584450586524796
TERM,12495,12610,0,0.5584450586524796
TERM,12611,13084,0,0.5584450586524796
TERM,13085,13346,0,0.5584450586524796
TERM,13347,13830,0,0.5584450586524796
TERM,13831,14038,0,0.5584450586524796
TERM,14039,14160,0,0.5584450586524796
TERM,14161,14561,0,0.5584450586524796
TERM,14562,14914,0,0.5584450586524796
TERM,14915,15009,0,0.5584450586524796
TERM,15010,15322,0,0.5584450586524796
TERM,15323,15695,0,0.5584450586524796
TERM,15696,15963,0,0.5584450586524796
TERM,15964,16416,0,0.5584450586524796
TERM,16417,16587,0,0.5584450586524796
TERM,16588,16840,0,0.5584450586524796
TERM,16841,16881,0,0.5584450586524796
