channel,start_time,stop_time,label,confidence
TERM,1,468,0,0.6010495023337483
TERM,469,481,0,0.6010495023337483
TERM,482,628,0,0.6010495023337483
TERM,629,1072,0,0.6010495023337483
TERM,1073,1258,0,0.6010495023337483
TERM,1259,1718,0,0.6010495023337483
TERM,1719,1769,0,0.6010495023337483
TERM,1770,1811,0,0.6010495023337483
TERM,1812,2092,0,0.6010495023337483
TERM,2093,2369,0,0.6010495023337483
TERM,2370,2597,0,0.6010495023337483
TERM,2598,2927,0,0.6010495023337483
TERM,2928,3398,0,0.6010495023337483
TERM,3399,3495,0,0.6010495023337483
TERM,3496,3564,0,0.6010495023337483
TERM,3565,3814,0,0.6010495023337483
TERM,3815,4259,0,0.6010495023337483
TERM,4260,4329,0,0.6010495023337483
TERM,4330,4696,0,0.6010495023337483
TERM,4697,5007,0,0.6010495023337483
TERM,5008,5140,0,0.6010495023337483
TERM,5141,5245,0,0.6010495023337483
TERM,5246,5725,0,0.6010495023337483
TERM,5726,5974,0,0.6010495023337483
TERM,5975,6243,0,0.6010495023337483
TERM,6244,6726,0,0.6010495023337483
TERM,6727,6781,0,0.6010495023337483
TERM,6782,6864,0,0.6010495023337483
TERM,6865,6916,0,0.6010495023337483
TERM,6917,6977,0,0.6010495023337483
TERM,6978,7197,0,0.6010495023337483
TERM,7198,7248,0,0.6010495023337483
TERM,7249,7581,0,0.6010495023337483
TERM,7582,7678,0,0.6010495023337483
TERM,7679,7780,0,0.6010495023337483
TERM,7781,7841,0,0.6010495023337483
TERM,7842,8266,0,0.6010495023337483
TERM,8267,8701,0,0.6010495023337483
TERM,8702,9073,0,0.6010495023337483
TERM,9074,9393,0,0.6010495023337483
TERM,9394,9853,0,0.6010495023337483
TERM,9854,10192,0,0.6010495023337483
TERM,10193,10692,0,0.6010495023337483
TERM,10693,10868,0,0.6010495023337483
TERM,10869,10923,0,0.6010495023337483
TERM,10924,11102,0,0.6010495023337483
TERM,11103,11498,0,0.6010495023337483
TERM,11499,11970,0,0.6010495023337483
TERM,11971,12388,0,0.6010495023337483
TERM,12389,12666,0,0.6010495023337483
TERM,12667,12909,0,0.6010495023337483
TERM,12910,13090,0,0.6010495023337483
TERM,13091,13149,0,0.6010495023337483
TERM,13150,13571,0,0.6010495023337483
TERM,13572,13996,0,0.6010495023337483
TERM,13997,14222,0,0.6010495023337483
TERM,14223,14546,0,0.6010495023337483
TERM,14547,14718,0,0.6010495023337483
TERM,14719,14854,0,0.6010495023337483
TERM,14855,15309,0,0.6010495023337483
TERM,15310,15547,0,0.6010495023337483
TERM,15548,15566,0,0.6010495023337483
TERM,15567,15943,0,0.6010495023337483
TERM,15944,16260,0,0.6010495023337483
