channel,start_time,stop_time,label,confidence
TERM,1,472,0,0.7208935961104804
TERM,473,691,0,0.7208935961104804
TERM,692,703,0,0.7208935961104804
TERM,704,818,0,0.7208935961104804
TERM,819,1098,0,0.7208935961104804
TERM,1099,1554,0,0.7208935961104804
TERM,1555,1622,0,0.7208935961104804
TERM,1623,2023,0,0.7208935961104804
TERM,2024,2050,0,0.7208935961104804
TERM,2051,2199,0,0.7208935961104804
TERM,2200,2370,0,0.7208935961104804
TERM,2371,2621,0,0.7208935961104804
TERM,2622,2677,0,0.7208935961104804
TERM,2678,2902,0,0.7208935961104804
TERM,2903,3142,0,0.7208935961104804
TERM,3143,3191,0,0.7208935961104804
