channel,start_time,stop_time,label,confidence
TERM,1,123,0,0.5998336194872056
TERM,124,549,0,0.5998336194872056
TERM,550,711,0,0.5998336194872056
TERM,712,958,0,0.5998336194872056
TERM,959,1194,0,0.5998336194872056
TERM,1195,1245,0,0.5998336194872056
TERM,1246,1594,0,0.5998336194872056
TERM,1595,1858,0,0.5998336194872056
TERM,1859,2318,0,0.5998336194872056
TERM,2319,2579,0,0.5998336194872056
TERM,2580,2755,0,0.5998336194872056
TERM,2756,3143,0,0.5998336194872056
TERM,3144,3234,0,0.5998336194872056
TERM,3235,3437,0,0.5998336194872056
TERM,3438,3912,0,0.5998336194872056
TERM,3913,4278,0,0.5998336194872056
TERM,4279,4772,0,0.5998336194872056
TERM,4773,4896,0,0.5998336194872056
TERM,4897,5226,0,0.5998336194872056
TERM,5227,5668,0,0.5998336194872056
TERM,5669,6101,0,0.5998336194872056
TERM,6102,6540,0,0.5998336194872056
TERM,6541,6682,0,0.5998336194872056
TERM,6683,7016,0,0.5998336194872056
TERM,7017,7515,0,0.5998336194872056
TERM,7516,7973,0,0.5998336194872056
TERM,7974,8259,0,0.5998336194872056
TERM,8260,8696,0,0.5998336194872056
TERM,8697,8724,0,0.5998336194872056
TERM,8725,9178,0,0.5998336194872056
TERM,9179,9314,0,0.5998336194872056
TERM,9315,9542,0,0.5998336194872056
TERM,9543,9794,0,0.5998336194872056
TERM,9795,10069,0,0.5998336194872056
TERM,10070,10521,0,0.5998336194872056
TERM,10522,10945,0,0.5998336194872056
TERM,10946,11226,0,0.5998336194872056
TERM,11227,11433,0,0.5998336194872056
TERM,11434,11443,0,0.5998336194872056
TERM,11444,11527,0,0.5998336194872056
TERM,11528,11658,0,0.5998336194872056
TERM,11659,11879,0,0.5998336194872056
TERM,11880,11975,0,0.5998336194872056
TERM,11976,12109,0,0.5998336194872056
TERM,12110,12566,0,0.5998336194872056
TERM,12567,12887,0,0.5998336194872056
TERM,12888,13084,0,0.5998336194872056
TERM,13085,13194,0,0.5998336194872056
TERM,13195,13577,0,0.5998336194872056
TERM,13578,13662,0,0.5998336194872056
TERM,13663,13911,0,0.5998336194872056
TERM,13912,14166,0,0.5998336194872056
TERM,14167,14421,0,0.5998336194872056
TERM,14422,14778,0,0.5998336194872056
TERM,14779,15072,0,0.5998336194872056
TERM,15073,15545,0,0.5998336194872056
TERM,15546,15909,0,0.5998336194872056
TERM,15910,16406,0,0.5998336194872056
TERM,16407,16758,0,0.5998336194872056
TERM,16759,16875,0,0.5998336194872056
TERM,16876,17263,0,0.5998336194872056
TERM,17264,17592,0,0.5998336194872056
TERM,17593,17921,0,0.5998336194872056
TERM,17922,18283,0,0.5998336194872056
TERM,18284,18507,0,0.5998336194872056
