channel,start_time,stop_time,label,confidence
TERM,1,365,0,0.7954233750158273
TERM,366,677,0,0.7954233750158273
TERM,678,1170,0,0.7954233750158273
TERM,1171,1447,0,0.7954233750158273
TERM,1448,1855,0,0.7954233750158273
TERM,1856,1962,0,0.7954233750158273
TERM,1963,2131,0,0.7954233750158273
TERM,2132,2469,0,0.7954233750158273
TERM,2470,2901,0,0.7954233750158273
TERM,2902,3239,0,0.7954233750158273
TERM,3240,3499,0,0.7954233750158273
TERM,3500,3996,0,0.7954233750158273
TERM,3997,4061,0,0.7954233750158273
TERM,4062,4345,0,0.7954233750158273
