channel,start_time,stop_time,label,confidence
TERM,1,343,0,0.714962937466538
TERM,344,475,0,0.714962937466538
TERM,476,825,0,0.714962937466538
TERM,826,1190,0,0.714962937466538
TERM,1191,1509,0,0.714962937466538
TERM,1510,1662,0,0.714962937466538
TERM,1663,2125,0,0.714962937466538
TERM,2126,2240,0,0.714962937466538
TERM,2241,2378,0,0.714962937466538
TERM,2379,2439,0,0.714962937466538
TERM,2440,2800,0,0.714962937466538
TERM,2801,3162,0,0.714962937466538
TERM,3163,3174,0,0.714962937466538
TERM,3175,3384,0,0.714962937466538
TERM,3385,3660,0,0.714962937466538
TERM,3661,4019,0,0.714962937466538
TERM,4020,4296,0,0.714962937466538
TERM,4297,4777,0,0.714962937466538
TERM,4778,5254,0,0.714962937466538
TERM,5255,5378,0,0.714962937466538
TERM,5379,5730,0,0.714962937466538
TERM,5731,6211,0,0.714962937466538
TERM,6212,6560,0,0.714962937466538
TERM,6561,6643,0,0.714962937466538
TERM,6644,7133,0,0.714962937466538
TERM,7134,7494,0,0.714962937466538
TERM,7495,7541,0,0.714962937466538
TERM,7542,7717,0,0.714962937466538
TERM,7718,7777,0,0.714962937466538
TERM,7778,8039,0,0.714962937466538
TERM,8040,8449,0,0.714962937466538
TERM,8450,8917,0,0.714962937466538
TERM,8918,9086,0,0.714962937466538
TERM,9087,9175,0,0.714962937466538
TERM,9176,9619,0,0.714962937466538
TERM,9620,10096,0,0.714962937466538
