channel,start_time,stop_time,label,confidence
TERM,1,80,0,0.4412173159136083
TERM,81,542,0,0.4412173159136083
TERM,543,625,0,0.4412173159136083
TERM,626,1056,0,0.4412173159136083
TERM,1057,1164,0,0.4412173159136083
TERM,1165,1461,0,0.4412173159136083
TERM,1462,1489,0,0.4412173159136083
TERM,1490,1631,0,0.4412173159136083
TERM,1632,2041,0,0.4412173159136083
TERM,2042,2484,0,0.4412173159136083
TERM,2485,2672,0,0.4412173159136083
TERM,2673,2710,0,0.4412173159136083
TERM,2711,3139,0,0.4412173159136083
TERM,3140,3189,0,0.4412173159136083
TERM,3190,3682,0,0.4412173159136083
TERM,3683,3871,0,0.4412173159136083
TERM,3872,4219,0,0.4412173159136083
TERM,4220,4686,0,0.4412173159136083
TERM,4687,5012,0,0.4412173159136083
TERM,5013,5309,0,0.4412173159136083
TERM,5310,5448,0,0.4412173159136083
TERM,5449,5491,0,0.4412173159136083
TERM,5492,5545,0,0.4412173159136083
TERM,5546,5931,0,0.4412173159136083
TERM,5932,6296,0,0.4412173159136083
TERM,6297,6571,0,0.4412173159136083
TERM,6572,7033,0,0.4412173159136083
TERM,7034,7233,0,0.4412173159136083
TERM,7234,7410,0,0.4412173159136083
TERM,7411,7478,0,0.4412173159136083
