channel,start_time,stop_time,label,confidence
TERM,1,372,0,0.7147120632394275
TERM,373,611,0,0.7147120632394275
TERM,612,1069,0,0.7147120632394275
TERM,1070,1084,0,0.7147120632394275
TERM,1085,1495,0,0.7147120632394275
TERM,1496,1958,0,0.7147120632394275
TERM,1959,2172,0,0.7147120632394275
TERM,2173,2361,0,0.7147120632394275
TERM,2362,2719,0,0.7147120632394275
TERM,2720,3031,0,0.7147120632394275
TERM,3032,3498,0,0.7147120632394275
TERM,3499,3687,0,0.7147120632394275
TERM,3688,4164,0,0.7147120632394275
TERM,4165,4459,0,0.7147120632394275
TERM,4460,4848,0,0.7147120632394275
TERM,4849,5334,0,0.7147120632394275
TERM,5335,5786,0,0.7147120632394275
TERM,5787,5994,0,0.7147120632394275
TERM,5995,6183,0,0.7147120632394275
TERM,6184,6447,0,0.7147120632394275
TERM,6448,6725,0,0.7147120632394275
TERM,6726,6808,0,0.7147120632394275
TERM,6809,6973,0,0.7147120632394275
TERM,6974,7237,0,0.7147120632394275
TERM,7238,7473,0,0.7147120632394275
TERM,7474,7877,0,0.7147120632394275
TERM,7878,8234,0,0.7147120632394275
TERM,8235,8380,0,0.7147120632394275
TERM,8381,8544,0,0.7147120632394275
TERM,8545,8704,0,0.7147120632394275
TERM,8705,8939,0,0.7147120632394275
TERM,8940,9120,0,0.7147120632394275
TERM,9121,9138,0,0.7147120632394275
TERM,9139,9554,0,0.7147120632394275
TERM,9555,9591,0,0.7147120632394275
TERM,9592,9611,0,0.7147120632394275
TERM,9612,9931,0,0.7147120632394275
TERM,9932,10084,0,0.7147120632394275
TERM,10085,10542,0,0.7147120632394275
TERM,10543,10987,0,0.7147120632394275
TERM,10988,11156,0,0.7147120632394275
TERM,11157,11307,0,0.7147120632394275
TERM,11308,11358,0,0.7147120632394275
TERM,11359,11572,0,0.7147120632394275
TERM,11573,12031,0,0.7147120632394275
TERM,12032,12482,0,0.7147120632394275
TERM,12483,12702,0,0.7147120632394275
TERM,12703,12984,0,0.7147120632394275
TERM,12985,13099,0,0.7147120632394275
TERM,13100,13244,0,0.7147120632394275
TERM,13245,13403,0,0.7147120632394275
TERM,13404,13460,0,0.7147120632394275
TERM,13461,13619,0,0.7147120632394275
TERM,13620,14028,0,0.7147120632394275
TERM,14029,14450,0,0.7147120632394275
TERM,14451,14567,0,0.7147120632394275
TERM,14568,14872,0,0.7147120632394275
TERM,14873,15285,0,0.7147120632394275
TERM,15286,15750,0,0.7147120632394275
TERM,15751,16043,0,0.7147120632394275
TERM,16044,16321,0,0.7147120632394275
TERM,16322,16641,0,0.7147120632394275
TERM,16642,16893,0,0.7147120632394275
TERM,16894,17254,0,0.7147120632394275
