channel,start_time,stop_time,label,confidence
TERM,1,324,0,0.5430886196187628
TERM,325,586,0,0.5430886196187628
TERM,587,978,0,0.5430886196187628
TERM,979,1000,0,0.5430886196187628
TERM,1001,1238,0,0.5430886196187628
TERM,1239,1571,0,0.5430886196187628
TERM,1572,1811,0,0.5430886196187628
TERM,1812,2308,0,0.5430886196187628
TERM,2309,2377,0,0.5430886196187628
TERM,2378,2580,0,0.5430886196187628
TERM,2581,2656,0,0.5430886196187628
TERM,2657,2714,0,0.5430886196187628
TERM,2715,3161,0,0.5430886196187628
TERM,3162,3303,0,0.5430886196187628
TERM,3304,3443,0,0.5430886196187628
TERM,3444,3817,0,0.5430886196187628
TERM,3818,4276,0,0.5430886196187628
TERM,4277,4349,0,0.5430886196187628
TERM,4350,4517,0,0.5430886196187628
TERM,4518,4537,0,0.5430886196187628
TERM,4538,4683,0,0.5430886196187628
TERM,4684,4960,0,0.5430886196187628
TERM,4961,4974,0,0.5430886196187628
TERM,4975,5201,0,0.5430886196187628
TERM,5202,5572,0,0.5430886196187628
TERM,5573,5769,0,0.5430886196187628
TERM,5770,6176,0,0.5430886196187628
TERM,6177,6317,0,0.5430886196187628
TERM,6318,6752,0,0.5430886196187628
TERM,6753,7125,0,0.5430886196187628
TERM,7126,7347,0,0.5430886196187628
TERM,7348,7449,0,0.5430886196187628
TERM,7450,7686,0,0.5430886196187628
TERM,7687,7701,0,0.5430886196187628
TERM,7702,7743,0,0.5430886196187628
TERM,7744,8038,0,0.5430886196187628
TERM,8039,8317,0,0.5430886196187628
TERM,8318,8471,0,0.5430886196187628
TERM,8472,8730,0,0.5430886196187628
TERM,8731,9021,0,0.5430886196187628
TERM,9022,9316,0,0.5430886196187628
TERM,9317,9563,0,0.5430886196187628
TERM,9564,9580,0,0.5430886196187628
TERM,9581,10024,0,0.5430886196187628
TERM,10025,10442,0,0.5430886196187628
TERM,10443,10642,0,0.5430886196187628
TERM,10643,10753,0,0.5430886196187628
TERM,10754,11047,0,0.5430886196187628
TERM,11048,11315,0,0.5430886196187628
TERM,11316,11722,0,0.5430886196187628
TERM,11723,11898,0,0.5430886196187628
TERM,11899,12060,0,0.5430886196187628
TERM,12061,12322,0,0.5430886196187628
TERM,12323,12347,0,0.5430886196187628
TERM,12348,12500,0,0.5430886196187628
TERM,12501,12685,0,0.5430886196187628
TERM,12686,12765,0,0.5430886196187628
TERM,12766,13075,0,0.5430886196187628
TERM,13076,13322,0,0.5430886196187628
TERM,13323,13580,0,0.5430886196187628
