channel,start_time,stop_time,label,confidence
TERM,1,126,0,0.6844384182148794
TERM,127,541,0,0.6844384182148794
TERM,542,978,0,0.6844384182148794
TERM,979,1156,0,0.6844384182148794
TERM,1157,1475,0,0.6844384182148794
TERM,1476,1955,0,0.6844384182148794
TERM,1956,2130,0,0.6844384182148794
TERM,2131,2496,0,0.6844384182148794
TERM,2497,2662,0,0.6844384182148794
TERM,2663,3101,0,0.6844384182148794
TERM,3102,3506,0,0.6844384182148794
TERM,3507,3924,0,0.6844384182148794
TERM,3925,4236,0,0.6844384182148794
TERM,4237,4718,0,0.6844384182148794
TERM,4719,5007,0,0.6844384182148794
TERM,5008,5305,0,0.6844384182148794
TERM,5306,5661,0,0.6844384182148794
TERM,5662,6014,0,0.6844384182148794
TERM,6015,6328,0,0.6844384182148794
TERM,6329,6435,0,0.6844384182148794
TERM,6436,6537,0,0.6844384182148794
TERM,6538,6748,0,0.6844384182148794
TERM,6749,7187,0,0.6844384182148794
TERM,7188,7197,0,0.6844384182148794
TERM,7198,7261,0,0.6844384182148794
TERM,7262,7307,0,0.6844384182148794
TERM,7308,7483,0,0.6844384182148794
TERM,7484,7928,0,0.6844384182148794
TERM,7929,8142,0,0.6844384182148794
TERM,8143,8508,0,0.6844384182148794
TERM,8509,8536,0,0.6844384182148794
TERM,8537,8906,0,0.6844384182148794
TERM,8907,9132,0,0.6844384182148794
TERM,9133,9550,0,0.6844384182148794
TERM,9551,9596,0,0.6844384182148794
TERM,9597,9789,0,0.6844384182148794
TERM,9790,9894,0,0.6844384182148794
TERM,9895,9979,0,0.6844384182148794
TERM,9980,10276,0,0.6844384182148794
TERM,10277,10650,0,0.6844384182148794
TERM,10651,10832,0,0.6844384182148794
TERM,10833,11010,0,0.6844384182148794
TERM,11011,11057,0,0.6844384182148794
TERM,11058,11389,0,0.6844384182148794
TERM,11390,11585,0,0.6844384182148794
TERM,11586,12056,0,0.6844384182148794
TERM,12057,12354,0,0.6844384182148794
TERM,12355,12602,0,0.6844384182148794
TERM,12603,12659,0,0.6844384182148794
TERM,12660,12898,0,0.6844384182148794
TERM,12899,13027,0,0.6844384182148794
TERM,13028,13292,0,0.6844384182148794
TERM,13293,13323,0,0.6844384182148794
TERM,13324,13770,0,0.6844384182148794
TERM,13771,13807,0,0.6844384182148794
