channel,start_time,stop_time,label,confidence
TERM,1,24,0,0.6855623753378819
TERM,25,513,0,0.6855623753378819
TERM,514,596,0,0.6855623753378819
TERM,597,995,0,0.6855623753378819
TERM,996,1468,0,0.6855623753378819
TERM,1469,1731,0,0.6855623753378819
TERM,1732,2064,0,0.6855623753378819
TERM,2065,2419,0,0.6855623753378819
TERM,2420,2896,0,0.6855623753378819
TERM,2897,3384,0,0.6855623753378819
TERM,3385,3509,0,0.6855623753378819
TERM,3510,3965,0,0.6855623753378819
TERM,3966,4204,0,0.6855623753378819
TERM,4205,4469,0,0.6855623753378819
TERM,4470,4699,0,0.6855623753378819
TERM,4700,4751,0,0.6855623753378819
TERM,4752,5038,0,0.6855623753378819
TERM,5039,5490,0,0.6855623753378819
TERM,5491,5583,0,0.6855623753378819
TERM,5584,5651,0,0.6855623753378819
TERM,5652,5738,0,0.6855623753378819
TERM,5739,5864,0,0.6855623753378819
TERM,5865,6309,0,0.6855623753378819
TERM,6310,6580,0,0.6855623753378819
TERM,6581,6664,0,0.6855623753378819
TERM,6665,6902,0,0.6855623753378819
TERM,6903,7319,0,0.6855623753378819
TERM,7320,7747,0,0.6855623753378819
TERM,7748,8178,0,0.6855623753378819
TERM,8179,8283,0,0.6855623753378819
TERM,8284,8297,0,0.6855623753378819
TERM,8298,8706,0,0.6855623753378819
TERM,8707,8725,0,0.6855623753378819
TERM,8726,8745,0,0.6855623753378819
TERM,8746,8904,0,0.6855623753378819
TERM,8905,9076,0,0.6855623753378819
TERM,9077,9499,0,0.6855623753378819
TERM,9500,9944,0,0.6855623753378819
TERM,9945,10268,0,0.6855623753378819
TERM,10269,10423,0,0.6855623753378819
TERM,10424,10770,0,0.6855623753378819
TERM,10771,10915,0,0.6855623753378819
TERM,10916,11414,0,0.6855623753378819
TERM,11415,11580,0,0.6855623753378819
