channel,start_time,stop_time,label,confidence
TERM,1,76,0,0.6173798545344129
TERM,77,294,0,0.6173798545344129
TERM,295,656,0,0.6173798545344129
TERM,657,818,0,0.6173798545344129
TERM,819,1146,0,0.6173798545344129
TERM,1147,1486,0,0.6173798545344129
TERM,1487,1781,0,0.6173798545344129
TERM,1782,2137,0,0.6173798545344129
TERM,2138,2431,0,0.6173798545344129
TERM,2432,2777,0,0.6173798545344129
TERM,2778,2938,0,0.6173798545344129
TERM,2939,3307,0,0.6173798545344129
