channel,start_time,stop_time,label,confidence
TERM,1,139,0,0.6068405080139223
TERM,140,341,0,0.6068405080139223
TERM,342,708,0,0.6068405080139223
TERM,709,950,0,0.6068405080139223
TERM,951,1056,0,0.6068405080139223
TERM,1057,1389,0,0.6068405080139223
TERM,1390,1757,0,0.6068405080139223
TERM,1758,1845,0,0.6068405080139223
TERM,1846,1896,0,0.6068405080139223
TERM,1897,1912,0,0.6068405080139223
TERM,1913,2113,0,0.6068405080139223
TERM,2114,2426,0,0.6068405080139223
TERM,2427,2913,0,0.6068405080139223
TERM,2914,3129,0,0.6068405080139223
TERM,3130,3570,0,0.6068405080139223
TERM,3571,3896,0,0.6068405080139223
TERM,3897,3935,0,0.6068405080139223
TERM,3936,4217,0,0.6068405080139223
TERM,4218,4445,0,0.6068405080139223
TERM,4446,4583,0,0.6068405080139223
TERM,4584,4906,0,0.6068405080139223
TERM,4907,4945,0,0.6068405080139223
TERM,4946,5283,0,0.6068405080139223
TERM,5284,5532,0,0.6068405080139223
TERM,5533,5847,0,0.6068405080139223
TERM,5848,6026,0,0.6068405080139223
TERM,6027,6279,0,0.6068405080139223
TERM,6280,6317,0,0.6068405080139223
TERM,6318,6631,0,0.6068405080139223
TERM,6632,6967,0,0.6068405080139223
