channel,start_time,stop_time,label,confidence
TERM,1,309,0,0.63773930210051
TERM,310,526,0,0.63773930210051
TERM,527,872,0,0.63773930210051
TERM,873,984,0,0.63773930210051
TERM,985,1061,0,0.63773930210051
TERM,1062,1411,0,0.63773930210051
TERM,1412,1451,0,0.63773930210051
TERM,1452,1652,0,0.63773930210051
TERM,1653,2082,0,0.63773930210051
TERM,2083,2454,0,0.63773930210051
TERM,2455,2657,0,0.63773930210051
TERM,2658,3029,0,0.63773930210051
TERM,3030,3296,0,0.63773930210051
