channel,start_time,stop_time,label,confidence
TERM,1,279,0,0.6619079115245088
TERM,280,761,0,0.6619079115245088
TERM,762,1107,0,0.6619079115245088
TERM,1108,1517,0,0.6619079115245088
TERM,1518,1828,0,0.6619079115245088
TERM,1829,2127,0,0.6619079115245088
TERM,2128,2166,0,0.6619079115245088
TERM,2167,2383,0,0.6619079115245088
TERM,2384,2708,0,0.6619079115245088
TERM,2709,2882,0,0.6619079115245088
TERM,2883,3235,0,0.6619079115245088
TERM,3236,3472,0,0.6619079115245088
TERM,3473,3961,0,0.6619079115245088
TERM,3962,4201,0,0.6619079115245088
TERM,4202,4695,0,0.6619079115245088
TERM,4696,4940,0,0.6619079115245088
TERM,4941,5004,0,0.6619079115245088
TERM,5005,5225,0,0.6619079115245088
TERM,5226,5246,0,0.6619079115245088
TERM,5247,5623,0,0.6619079115245088
TERM,5624,5685,0,0.6619079115245088
TERM,5686,5967,0,0.6619079115245088
TERM,5968,6028,0,0.6619079115245088
TERM,6029,6416,0,0.6619079115245088
TERM,6417,6830,0,0.6619079115245088
TERM,6831,7152,0,0.6619079115245088
TERM,7153,7560,0,0.6619079115245088
TERM,7561,8054,0,0.6619079115245088
TERM,8055,8510,0,0.6619079115245088
TERM,8511,8521,0,0.6619079115245088
TERM,8522,8670,0,0.6619079115245088
TERM,8671,9056,0,0.6619079115245088
