channel,start_time,stop_time,label,confidence
TERM,1,90,0,0.7433120231882273
TERM,91,532,0,0.7433120231882273
TERM,533,684,0,0.7433120231882273
TERM,685,782,0,0.7433120231882273
TERM,783,923,0,0.7433120231882273
TERM,924,1365,0,0.7433120231882273
TERM,1366,1568,0,0.7433120231882273
TERM,1569,1584,0,0.7433120231882273
TERM,1585,1812,0,0.7433120231882273
TERM,1813,1901,0,0.7433120231882273
TERM,1902,2340,0,0.7433120231882273
TERM,2341,2829,0,0.7433120231882273
TERM,2830,2921,0,0.7433120231882273
TERM,2922,3077,0,0.7433120231882273
TERM,3078,3111,0,0.7433120231882273
TERM,3112,3282,0,0.7433120231882273
TERM,3283,3687,0,0.7433120231882273
TERM,3688,4024,0,0.7433120231882273
TERM,4025,4250,0,0.7433120231882273
TERM,4251,4350,0,0.7433120231882273
TERM,4351,4680,0,0.7433120231882273
TERM,4681,4863,0,0.7433120231882273
TERM,4864,5022,0,0.7433120231882273
TERM,5023,5496,0,0.7433120231882273
TERM,5497,5539,0,0.7433120231882273
TERM,5540,5771,0,0.7433120231882273
TERM,5772,5969,0,0.7433120231882273
TERM,5970,6044,0,0.7433120231882273
TERM,6045,6158,0,0.7433120231882273
TERM,6159,6176,0,0.7433120231882273
TERM,6177,6546,0,0.7433120231882273
TERM,6547,6638,0,0.7433120231882273
TERM,6639,6954,0,0.7433120231882273
