channel,start_time,stop_time,label,confidence
TERM,1,259,0,0.5344235685316604
TERM,260,300,0,0.5344235685316604
TERM,301,310,0,0.5344235685316604
TERM,311,639,0,0.5344235685316604
TERM,640,1016,0,0.5344235685316604
TERM,1017,1085,0,0.5344235685316604
TERM,1086,1396,0,0.5344235685316604
TERM,1397,1782,0,0.5344235685316604
TERM,1783,1807,0,0.5344235685316604
TERM,1808,1900,0,0.5344235685316604
TERM,1901,1982,0,0.5344235685316604
TERM,1983,2196,0,0.5344235685316604
TERM,2197,2675,0,0.5344235685316604
TERM,2676,2710,0,0.5344235685316604
TERM,2711,3075,0,0.5344235685316604
TERM,3076,3554,0,0.5344235685316604
TERM,3555,3931,0,0.5344235685316604
TERM,3932,4351,0,0.5344235685316604
TERM,4352,4493,0,0.5344235685316604
TERM,4494,4801,0,0.5344235685316604
TERM,4802,4829,0,0.5344235685316604
TERM,4830,5076,0,0.5344235685316604
TERM,5077,5411,0,0.5344235685316604
TERM,5412,5834,0,0.5344235685316604
TERM,5835,5982,0,0.5344235685316604
TERM,5983,6281,0,0.5344235685316604
TERM,6282,6315,0,0.5344235685316604
TERM,6316,6651,0,0.5344235685316604
TERM,6652,6915,0,0.5344235685316604
TERM,6916,6941,0,0.5344235685316604
TERM,6942,7047,0,0.5344235685316604
TERM,7048,7486,0,0.5344235685316604
TERM,7487,7730,0,0.5344235685316604
TERM,7731,8215,0,0.5344235685316604
TERM,8216,8229,0,0.5344235685316604
TERM,8230,8593,0,0.5344235685316604
TERM,8594,8886,0,0.5344235685316604
TERM,8887,9301,0,0.5344235685316604
TERM,9302,9452,0,0.5344235685316604
TERM,9453,9836,0,0.5344235685316604
TERM,9837,10050,0,0.5344235685316604
TERM,10051,10548,0,0.5344235685316604
TERM,10549,10895,0,0.5344235685316604
TERM,10896,10961,0,0.5344235685316604
TERM,10962,11181,0,0.5344235685316604
