channel,start_time,stop_time,label,confidence
TERM,1,484,0,0.7082253902746811
TERM,485,932,0,0.7082253902746811
TERM,933,1039,0,0.7082253902746811
TERM,1040,1391,0,0.7082253902746811
TERM,1392,1832,0,0.7082253902746811
TERM,1833,2150,0,0.7082253902746811
TERM,2151,2485,0,0.7082253902746811
TERM,2486,2623,0,0.7082253902746811
TERM,2624,3045,0,0.7082253902746811
TERM,3046,3480,0,0.7082253902746811
TERM,3481,3902,0,0.7082253902746811
TERM,3903,4352,0,0.7082253902746811
TERM,4353,4540,0,0.7082253902746811
TERM,4541,4654,0,0.7082253902746811
TERM,4655,4668,0,0.7082253902746811
TERM,4669,4949,0,0.7082253902746811
TERM,4950,5092,0,0.7082253902746811
TERM,5093,5491,0,0.7082253902746811
TERM,5492,5943,0,0.7082253902746811
TERM,5944,6062,0,0.7082253902746811
TERM,6063,6216,0,0.7082253902746811
TERM,6217,6278,0,0.7082253902746811
TERM,6279,6639,0,0.7082253902746811
TERM,6640,7113,0,0.7082253902746811
TERM,7114,7332,0,0.7082253902746811
TERM,7333,7370,0,0.7082253902746811
TERM,7371,7418,0,0.7082253902746811
TERM,7419,7892,0,0.7082253902746811
TERM,7893,8122,0,0.7082253902746811
TERM,8123,8453,0,0.7082253902746811
TERM,8454,8555,0,0.7082253902746811
TERM,8556,8732,0,0.7082253902746811
TERM,8733,8780,0,0.7082253902746811
TERM,8781,9183,0,0.7082253902746811
TERM,9184,9276,0,0.7082253902746811
TERM,9277,9612,0,0.7082253902746811
TERM,9613,10092,0,0.7082253902746811
TERM,10093,10371,0,0.7082253902746811
TERM,10372,10616,0,0.7082253902746811
TERM,10617,10864,0,0.7082253902746811
TERM,10865,10928,0,0.7082253902746811
TERM,10929,11043,0,0.7082253902746811
TERM,11044,11094,0,0.7082253902746811
TERM,11095,11467,0,0.7082253902746811
TERM,11468,11878,0,0.7082253902746811
