channel,start_time,stop_time,label,confidence
TERM,1,85,0,0.6140899118597505
TERM,86,327,0,0.6140899118597505
TERM,328,721,0,0.6140899118597505
TERM,722,936,0,0.6140899118597505
TERM,937,949,0,0.6140899118597505
TERM,950,1233,0,0.6140899118597505
TERM,1234,1255,0,0.6140899118597505
TERM,1256,1655,0,0.6140899118597505
TERM,1656,2072,0,0.6140899118597505
TERM,2073,2142,0,0.6140899118597505
TERM,2143,2534,0,0.6140899118597505
TERM,2535,2718,0,0.6140899118597505
TERM,2719,2890,0,0.6140899118597505
TERM,2891,3213,0,0.6140899118597505
