channel,start_time,stop_time,label,confidence
TERM,1,177,0,0.4844942521470613
TERM,178,559,0,0.4844942521470613
TERM,560,737,0,0.4844942521470613
TERM,738,1156,0,0.4844942521470613
TERM,1157,1275,0,0.4844942521470613
TERM,1276,1668,0,0.4844942521470613
TERM,1669,1744,0,0.4844942521470613
TERM,1745,2219,0,0.4844942521470613
TERM,2220,2612,0,0.4844942521470613
TERM,2613,2735,0,0.4844942521470613
TERM,2736,2781,0,0.4844942521470613
TERM,2782,3279,0,0.4844942521470613
TERM,3280,3764,0,0.4844942521470613
