channel,start_time,stop_time,label,confidence
TERM,1,271,0,0.7017633300323547
TERM,272,615,0,0.7017633300323547
TERM,616,685,0,0.7017633300323547
TERM,686,1109,0,0.7017633300323547
TERM,1110,1307,0,0.7017633300323547
TERM,1308,1796,0,0.7017633300323547
TERM,1797,1852,0,0.7017633300323547
TERM,1853,2108,0,0.7017633300323547
TERM,2109,2429,0,0.7017633300323547
TERM,2430,2843,0,0.7017633300323547
TERM,2844,3121,0,0.7017633300323547
TERM,3122,3324,0,0.7017633300323547
TERM,3325,3824,0,0.7017633300323547
TERM,3825,4267,0,0.7017633300323547
TERM,4268,4414,0,0.7017633300323547
TERM,4415,4681,0,0.7017633300323547
TERM,4682,4724,0,0.7017633300323547
TERM,4725,4832,0,0.7017633300323547
TERM,4833,5202,0,0.7017633300323547
TERM,5203,5520,0,0.7017633300323547
TERM,5521,5707,0,0.7017633300323547
TERM,5708,5892,0,0.7017633300323547
TERM,5893,6027,0,0.7017633300323547
TERM,6028,6508,0,0.7017633300323547
TERM,6509,6690,0,0.7017633300323547
TERM,6691,7027,0,0.7017633300323547
TERM,7028,7452,0,0.7017633300323547
TERM,7453,7811,0,0.7017633300323547
TERM,7812,7964,0,0.7017633300323547
TERM,7965,8068,0,0.7017633300323547
TERM,8069,8110,0,0.7017633300323547
TERM,8111,8595,0,0.7017633300323547
TERM,8596,8637,0,0.7017633300323547
TERM,8638,8648,0,0.7017633300323547
TERM,8649,8854,0,0.7017633300323547
TERM,8855,8893,0,0.7017633300323547
TERM,8894,9190,0,0.7017633300323547
TERM,9191,9226,0,0.7017633300323547
TERM,9227,9520,0,0.7017633300323547
TERM,9521,9566,0,0.7017633300323547
TERM,9567,9803,0,0.7017633300323547
TERM,9804,10095,0,0.7017633300323547
TERM,10096,10492,0,0.7017633300323547
TERM,10493,10867,0,0.7017633300323547
TERM,10868,10967,0,0.7017633300323547
