channel,start_time,stop_time,label,confidence
TERM,1,426,0,0.5272646938659679
TERM,427,478,0,0.5272646938659679
TERM,479,764,0,0.5272646938659679
TERM,765,847,0,0.5272646938659679
TERM,848,1347,0,0.5272646938659679
TERM,1348,1360,0,0.5272646938659679
TERM,1361,1592,0,0.5272646938659679
TERM,1593,1845,0,0.5272646938659679
TERM,1846,2103,0,0.5272646938659679
TERM,2104,2443,0,0.5272646938659679
TERM,2444,2604,0,0.5272646938659679
TERM,2605,2838,0,0.5272646938659679
TERM,2839,3117,0,0.5272646938659679
