channel,start_time,stop_time,label,confidence
TERM,1,219,0,0.4733414661310859
TERM,220,556,0,0.4733414661310859
TERM,557,1028,0,0.4733414661310859
TERM,1029,1215,0,0.4733414661310859
TERM,1216,1507,0,0.4733414661310859
TERM,1508,1685,0,0.4733414661310859
TERM,1686,2069,0,0.4733414661310859
TERM,2070,2329,0,0.4733414661310859
TERM,2330,2600,0,0.4733414661310859
TERM,2601,2841,0,0.4733414661310859
TERM,2842,2900,0,0.4733414661310859
TERM,2901,3286,0,0.4733414661310859
