channel,start_time,stop_time,label,confidence
TERM,1,100,0,0.5740281279209412
TERM,101,243,0,0.5740281279209412
TERM,244,642,0,0.5740281279209412
TERM,643,736,0,0.5740281279209412
TERM,737,978,0,0.5740281279209412
TERM,979,1144,0,0.5740281279209412
TERM,1145,1207,0,0.5740281279209412
TERM,1208,1555,0,0.5740281279209412
TERM,1556,1808,0,0.5740281279209412
TERM,1809,1969,0,0.5740281279209412
TERM,1970,2092,0,0.5740281279209412
TERM,2093,2576,0,0.5740281279209412
TERM,2577,3063,0,0.5740281279209412
TERM,3064,3457,0,0.5740281279209412
TERM,3458,3718,0,0.5740281279209412
TERM,3719,3930,0,0.5740281279209412
TERM,3931,4014,0,0.5740281279209412
TERM,4015,4024,0,0.5740281279209412
TERM,4025,4336,0,0.5740281279209412
TERM,4337,4702,0,0.5740281279209412
TERM,4703,4980,0,0.5740281279209412
TERM,4981,5066,0,0.5740281279209412
TERM,5067,5127,0,0.5740281279209412
TERM,5128,5465,0,0.5740281279209412
TERM,5466,5927,0,0.5740281279209412
TERM,5928,6362,0,0.5740281279209412
TERM,6363,6608,0,0.5740281279209412
TERM,6609,6854,0,0.5740281279209412
TERM,6855,7197,0,0.5740281279209412
TERM,7198,7693,0,0.5740281279209412
TERM,7694,7890,0,0.5740281279209412
TERM,7891,8283,0,0.5740281279209412
TERM,8284,8492,0,0.5740281279209412
TERM,8493,8691,0,0.5740281279209412
TERM,8692,9072,0,0.5740281279209412
TERM,9073,9543,0,0.5740281279209412
TERM,9544,9721,0,0.5740281279209412
TERM,9722,9930,0,0.5740281279209412
TERM,9931,9972,0,0.5740281279209412
TERM,9973,10163,0,0.5740281279209412
TERM,10164,10620,0,0.5740281279209412
TERM,10621,10849,0,0.5740281279209412
TERM,10850,11168,0,0.5740281279209412
TERM,11169,11268,0,0.5740281279209412
TERM,11269,11536,0,0.5740281279209412
TERM,11537,11911,0,0.5740281279209412
TERM,11912,12383,0,0.5740281279209412
TERM,12384,12401,0,0.5740281279209412
TERM,12402,12898,0,0.5740281279209412
TERM,12899,13256,0,0.5740281279209412
TERM,13257,13405,0,0.5740281279209412
TERM,13406,13539,0,0.5740281279209412
TERM,13540,13695,0,0.5740281279209412
TERM,13696,14185,0,0.5740281279209412
TERM,14186,14341,0,0.5740281279209412
