channel,start_time,stop_time,label,confidence
TERM,1,440,0,0.4812662184272215
TERM,441,527,0,0.4812662184272215
TERM,528,719,0,0.4812662184272215
TERM,720,977,0,0.4812662184272215
TERM,978,1087,0,0.4812662184272215
TERM,1088,1241,0,0.4812662184272215
TERM,1242,1584,0,0.4812662184272215
TERM,1585,1633,0,0.4812662184272215
TERM,1634,1873,0,0.4812662184272215
TERM,1874,2286,0,0.4812662184272215
TERM,2287,2317,0,0.4812662184272215
TERM,2318,2733,0,0.4812662184272215
TERM,2734,3191,0,0.4812662184272215
TERM,3192,3540,0,0.4812662184272215
TERM,3541,3601,0,0.4812662184272215
TERM,3602,3790,0,0.4812662184272215
TERM,3791,4075,0,0.4812662184272215
TERM,4076,4519,0,0.4812662184272215
TERM,4520,4836,0,0.4812662184272215
TERM,4837,4883,0,0.4812662184272215
TERM,4884,5295,0,0.4812662184272215
TERM,5296,5334,0,0.4812662184272215
TERM,5335,5416,0,0.4812662184272215
TERM,5417,5892,0,0.4812662184272215
TERM,5893,6072,0,0.4812662184272215
TERM,6073,6230,0,0.4812662184272215
TERM,6231,6426,0,0.4812662184272215
TERM,6427,6497,0,0.4812662184272215
TERM,6498,6766,0,0.4812662184272215
TERM,6767,7070,0,0.4812662184272215
TERM,7071,7520,0,0.4812662184272215
TERM,7521,7989,0,0.4812662184272215
TERM,7990,8137,0,0.4812662184272215
TERM,8138,8442,0,0.4812662184272215
TERM,8443,8705,0,0.4812662184272215
TERM,8706,9079,0,0.4812662184272215
