channel,start_time,stop_time,label,confidence
TERM,1,159,0,0.5830405234221627
TERM,160,616,0,0.5830405234221627
TERM,617,784,0,0.5830405234221627
TERM,785,990,0,0.5830405234221627
TERM,991,1282,0,0.5830405234221627
TERM,1283,1727,0,0.5830405234221627
TERM,1728,2158,0,0.5830405234221627
TERM,2159,2328,0,0.5830405234221627
TERM,2329,2647,0,0.5830405234221627
TERM,2648,2691,0,0.5830405234221627
TERM,2692,2808,0,0.5830405234221627
TERM,2809,2958,0,0.5830405234221627
TERM,2959,3137,0,0.5830405234221627
TERM,3138,3365,0,0.5830405234221627
TERM,3366,3798,0,0.5830405234221627
TERM,3799,3815,0,0.5830405234221627
TERM,3816,4217,0,0.5830405234221627
TERM,4218,4403,0,0.5830405234221627
TERM,4404,4712,0,0.5830405234221627
TERM,4713,4804,0,0.5830405234221627
TERM,4805,4948,0,0.5830405234221627
TERM,4949,5344,0,0.5830405234221627
TERM,5345,5623,0,0.5830405234221627
TERM,5624,6112,0,0.5830405234221627
TERM,6113,6404,0,0.5830405234221627
TERM,6405,6707,0,0.5830405234221627
TERM,6708,7155,0,0.5830405234221627
TERM,7156,7414,0,0.5830405234221627
