channel,start_time,stop_time,label,confidence
TERM,1,410,0,0.8316680895347596
TERM,411,812,0,0.8316680895347596
TERM,813,1211,0,0.8316680895347596
TERM,1212,1440,0,0.8316680895347596
TERM,1441,1475,0,0.8316680895347596
TERM,1476,1486,0,0.8316680895347596
TERM,1487,1763,0,0.8316680895347596
TERM,1764,2236,0,0.8316680895347596
TERM,2237,2457,0,0.8316680895347596
TERM,2458,2768,0,0.8316680895347596
TERM,2769,3047,0,0.8316680895347596
TERM,3048,3434,0,0.8316680895347596
TERM,3435,3504,0,0.8316680895347596
TERM,3505,3534,0,0.8316680895347596
TERM,3535,3590,0,0.8316680895347596
TERM,3591,4072,0,0.8316680895347596
TERM,4073,4349,0,0.8316680895347596
TERM,4350,4796,0,0.8316680895347596
TERM,4797,5153,0,0.8316680895347596
TERM,5154,5227,0,0.8316680895347596
TERM,5228,5636,0,0.8316680895347596
TERM,5637,6009,0,0.8316680895347596
TERM,6010,6302,0,0.8316680895347596
TERM,6303,6514,0,0.8316680895347596
TERM,6515,7006,0,0.8316680895347596
TERM,7007,7052,0,0.8316680895347596
TERM,7053,7075,0,0.8316680895347596
TERM,7076,7453,0,0.8316680895347596
TERM,7454,7939,0,0.8316680895347596
TERM,7940,8291,0,0.8316680895347596
TERM,8292,8430,0,0.8316680895347596
TERM,8431,8624,0,0.8316680895347596
TERM,8625,9114,0,0.8316680895347596
TERM,9115,9460,0,0.8316680895347596
TERM,9461,9742,0,0.8316680895347596
TERM,9743,10225,0,0.8316680895347596
TERM,10226,10710,0,0.8316680895347596
TERM,10711,10800,0,0.8316680895347596
TERM,10801,11289,0,0.8316680895347596
TERM,11290,11664,0,0.8316680895347596
TERM,11665,11904,0,0.8316680895347596
TERM,11905,11940,0,0.8316680895347596
TERM,11941,12357,0,0.8316680895347596
TERM,12358,12711,0,0.8316680895347596
