channel,start_time,stop_time,label,confidence
TERM,1,367,0,0.6491734053577298
TERM,368,853,0,0.6491734053577298
TERM,854,1073,0,0.6491734053577298
TERM,1074,1193,0,0.6491734053577298
TERM,1194,1602,0,0.6491734053577298
TERM,1603,1905,0,0.6491734053577298
TERM,1906,2247,0,0.6491734053577298
TERM,2248,2399,0,0.6491734053577298
TERM,2400,2435,0,0.6491734053577298
TERM,2436,2593,0,0.6491734053577298
TERM,2594,2767,0,0.6491734053577298
TERM,2768,3187,0,0.6491734053577298
TERM,3188,3198,0,0.6491734053577298
TERM,3199,3574,0,0.6491734053577298
TERM,3575,3650,0,0.6491734053577298
TERM,3651,3801,0,0.6491734053577298
TERM,3802,4002,0,0.6491734053577298
TERM,4003,4224,0,0.6491734053577298
TERM,4225,4390,0,0.6491734053577298
TERM,4391,4548,0,0.6491734053577298
TERM,4549,4865,0,0.6491734053577298
TERM,4866,5081,0,0.6491734053577298
TERM,5082,5402,0,0.6491734053577298
TERM,5403,5552,0,0.6491734053577298
TERM,5553,5846,0,0.6491734053577298
TERM,5847,6062,0,0.6491734053577298
TERM,6063,6076,0,0.6491734053577298
TERM,6077,6509,0,0.6491734053577298
TERM,6510,6713,0,0.6491734053577298
TERM,6714,6988,0,0.6491734053577298
TERM,6989,7162,0,0.6491734053577298
TERM,7163,7543,0,0.6491734053577298
TERM,7544,7570,0,0.6491734053577298
TERM,7571,7651,0,0.6491734053577298
TERM,7652,7817,0,0.6491734053577298
TERM,7818,7893,0,0.6491734053577298
TERM,7894,8184,0,0.6491734053577298
TERM,8185,8577,0,0.6491734053577298
TERM,8578,8902,0,0.6491734053577298
TERM,8903,9124,0,0.6491734053577298
TERM,9125,9516,0,0.6491734053577298
TERM,9517,9598,0,0.6491734053577298
TERM,9599,9861,0,0.6491734053577298
TERM,9862,10002,0,0.6491734053577298
TERM,10003,10287,0,0.6491734053577298
TERM,10288,10518,0,0.6491734053577298
TERM,10519,10781,0,0.6491734053577298
TERM,10782,10897,0,0.6491734053577298
