channel,start_time,stop_time,label,confidence
TERM,1,95,0,0.648081556502355
TERM,96,250,0,0.648081556502355
TERM,251,268,0,0.648081556502355
TERM,269,426,0,0.648081556502355
TERM,427,819,0,0.648081556502355
TERM,820,1179,0,0.648081556502355
TERM,1180,1213,0,0.648081556502355
TERM,1214,1357,0,0.648081556502355
TERM,1358,1768,0,0.648081556502355
TERM,1769,1887,0,0.648081556502355
TERM,1888,1898,0,0.648081556502355
TERM,1899,2381,0,0.648081556502355
TERM,2382,2402,0,0.648081556502355
TERM,2403,2535,0,0.648081556502355
TERM,2536,2765,0,0.648081556502355
TERM,2766,3185,0,0.648081556502355
TERM,3186,3444,0,0.648081556502355
TERM,3445,3718,0,0.648081556502355
TERM,3719,4187,0,0.648081556502355
TERM,4188,4361,0,0.648081556502355
TERM,4362,4418,0,0.648081556502355
TERM,4419,4889,0,0.648081556502355
TERM,4890,5095,0,0.648081556502355
TERM,5096,5209,0,0.648081556502355
TERM,5210,5394,0,0.648081556502355
TERM,5395,5529,0,0.648081556502355
TERM,5530,6026,0,0.648081556502355
TERM,6027,6181,0,0.648081556502355
TERM,6182,6534,0,0.648081556502355
TERM,6535,6554,0,0.648081556502355
TERM,6555,6657,0,0.648081556502355
TERM,6658,6839,0,0.648081556502355
TERM,6840,7136,0,0.648081556502355
TERM,7137,7595,0,0.648081556502355
TERM,7596,7634,0,0.648081556502355
TERM,7635,7729,0,0.648081556502355
TERM,7730,8120,0,0.648081556502355
TERM,8121,8241,0,0.648081556502355
TERM,8242,8518,0,0.648081556502355
TERM,8519,8939,0,0.648081556502355
TERM,8940,9367,0,0.648081556502355
TERM,9368,9565,0,0.648081556502355
TERM,9566,9719,0,0.648081556502355
TERM,9720,10154,0,0.648081556502355
TERM,10155,10249,0,0.648081556502355
TERM,10250,10724,0,0.648081556502355
TERM,10725,10914,0,0.648081556502355
TERM,10915,11383,0,0.648081556502355
TERM,11384,11415,0,0.648081556502355
TERM,11416,11482,0,0.648081556502355
TERM,11483,11537,0,0.648081556502355
TERM,11538,11816,0,0.648081556502355
TERM,11817,11974,0,0.648081556502355
TERM,11975,12286,0,0.648081556502355
TERM,12287,12340,0,0.648081556502355
