channel,start_time,stop_time,label,confidence
TERM,1,41,0,0.6189174331602663
TERM,42,514,0,0.6189174331602663
TERM,515,677,0,0.6189174331602663
TERM,678,697,0,0.6189174331602663
TERM,698,873,0,0.6189174331602663
TERM,874,1340,0,0.6189174331602663
TERM,1341,1663,0,0.6189174331602663
TERM,1664,1827,0,0.6189174331602663
TERM,1828,1876,0,0.6189174331602663
TERM,1877,2220,0,0.6189174331602663
TERM,2221,2284,0,0.6189174331602663
TERM,2285,2334,0,0.6189174331602663
TERM,2335,2609,0,0.6189174331602663
TERM,2610,2636,0,0.6189174331602663
TERM,2637,3067,0,0.6189174331602663
TERM,3068,3532,0,0.6189174331602663
TERM,3533,3819,0,0.6189174331602663
TERM,3820,4020,0,0.6189174331602663
TERM,4021,4296,0,0.6189174331602663
TERM,4297,4414,0,0.6189174331602663
TERM,4415,4825,0,0.6189174331602663
TERM,4826,4955,0,0.6189174331602663
TERM,4956,5261,0,0.6189174331602663
TERM,5262,5425,0,0.6189174331602663
TERM,5426,5863,0,0.6189174331602663
TERM,5864,5891,0,0.6189174331602663
TERM,5892,6024,0,0.6189174331602663
TERM,6025,6105,0,0.6189174331602663
TERM,6106,6176,0,0.6189174331602663
TERM,6177,6522,0,0.6189174331602663
TERM,6523,6779,0,0.6189174331602663
TERM,6780,6822,0,0.6189174331602663
TERM,6823,6879,0,0.6189174331602663
TERM,6880,7260,0,0.6189174331602663
TERM,7261,7312,0,0.6189174331602663
TERM,7313,7369,0,0.6189174331602663
TERM,7370,7841,0,0.6189174331602663
TERM,7842,8096,0,0.6189174331602663
TERM,8097,8188,0,0.6189174331602663
TERM,8189,8201,0,0.6189174331602663
TERM,8202,8436,0,0.6189174331602663
TERM,8437,8459,0,0.6189174331602663
