channel,start_time,stop_time,label,confidence
TERM,1,414,0,0.5320036760723827
TERM,415,507,0,0.5320036760723827
TERM,508,930,0,0.5320036760723827
TERM,931,1191,0,0.5320036760723827
TERM,1192,1628,0,0.5320036760723827
TERM,1629,2124,0,0.5320036760723827
TERM,2125,2166,0,0.5320036760723827
TERM,2167,2501,0,0.5320036760723827
TERM,2502,2703,0,0.5320036760723827
TERM,2704,3107,0,0.5320036760723827
TERM,3108,3199,0,0.5320036760723827
TERM,3200,3644,0,0.5320036760723827
TERM,3645,3776,0,0.5320036760723827
TERM,3777,4065,0,0.5320036760723827
TERM,4066,4227,0,0.5320036760723827
TERM,4228,4455,0,0.5320036760723827
TERM,4456,4784,0,0.5320036760723827
TERM,4785,4926,0,0.5320036760723827
TERM,4927,5275,0,0.5320036760723827
TERM,5276,5313,0,0.5320036760723827
TERM,5314,5540,0,0.5320036760723827
TERM,5541,5977,0,0.5320036760723827
TERM,5978,6414,0,0.5320036760723827
TERM,6415,6648,0,0.5320036760723827
