channel,start_time,stop_time,label,confidence
TERM,1,13,0,0.5923567561828758
TERM,14,27,0,0.5923567561828758
TERM,28,173,0,0.5923567561828758
TERM,174,626,0,0.5923567561828758
TERM,627,788,0,0.5923567561828758
TERM,789,1183,0,0.5923567561828758
TERM,1184,1409,0,0.5923567561828758
TERM,1410,1599,0,0.5923567561828758
TERM,1600,1688,0,0.5923567561828758
TERM,1689,1723,0,0.5923567561828758
TERM,1724,1787,0,0.5923567561828758
TERM,1788,1815,0,0.5923567561828758
TERM,1816,1915,0,0.5923567561828758
TERM,1916,2392,0,0.5923567561828758
TERM,2393,2533,0,0.5923567561828758
TERM,2534,2546,0,0.5923567561828758
TERM,2547,2900,0,0.5923567561828758
TERM,2901,3349,0,0.5923567561828758
TERM,3350,3385,0,0.5923567561828758
TERM,3386,3755,0,0.5923567561828758
TERM,3756,4224,0,0.5923567561828758
TERM,4225,4675,0,0.5923567561828758
TERM,4676,5079,0,0.5923567561828758
TERM,5080,5246,0,0.5923567561828758
TERM,5247,5698,0,0.5923567561828758
TERM,5699,6137,0,0.5923567561828758
TERM,6138,6421,0,0.5923567561828758
TERM,6422,6612,0,0.5923567561828758
TERM,6613,6982,0,0.5923567561828758
TERM,6983,7228,0,0.5923567561828758
TERM,7229,7270,0,0.5923567561828758
TERM,7271,7393,0,0.5923567561828758
TERM,7394,7878,0,0.5923567561828758
TERM,7879,8155,0,0.5923567561828758
TERM,8156,8313,0,0.5923567561828758
TERM,8314,8595,0,0.5923567561828758
TERM,8596,8767,0,0.5923567561828758
TERM,8768,9060,0,0.5923567561828758
TERM,9061,9319,0,0.5923567561828758
TERM,9320,9749,0,0.5923567561828758
TERM,9750,9833,0,0.5923567561828758
TERM,9834,9966,0,0.5923567561828758
TERM,9967,10168,0,0.5923567561828758
TERM,10169,10496,0,0.5923567561828758
TERM,10497,10785,0,0.5923567561828758
TERM,10786,11104,0,0.5923567561828758
TERM,11105,11351,0,0.5923567561828758
TERM,11352,11554,0,0.5923567561828758
