channel,start_time,stop_time,label,confidence
TERM,1,171,0,0.6249712410702573
TERM,172,391,0,0.6249712410702573
TERM,392,787,0,0.6249712410702573
TERM,788,1215,0,0.6249712410702573
TERM,1216,1703,0,0.6249712410702573
TERM,1704,1863,0,0.6249712410702573
TERM,1864,1903,0,0.6249712410702573
TERM,1904,2234,0,0.6249712410702573
TERM,2235,2313,0,0.6249712410702573
TERM,2314,2749,0,0.6249712410702573
TERM,2750,2967,0,0.6249712410702573
TERM,2968,3340,0,0.6249712410702573
