channel,start_time,stop_time,label,confidence
TERM,1,200,0,0.6825972859372937
TERM,201,507,0,0.6825972859372937
TERM,508,662,0,0.6825972859372937
TERM,663,1137,0,0.6825972859372937
TERM,1138,1408,0,0.6825972859372937
TERM,1409,1633,0,0.6825972859372937
TERM,1634,1795,0,0.6825972859372937
TERM,1796,2089,0,0.6825972859372937
TERM,2090,2346,0,0.6825972859372937
TERM,2347,2481,0,0.6825972859372937
TERM,2482,2615,0,0.6825972859372937
TERM,2616,2779,0,0.6825972859372937
TERM,2780,2986,0,0.6825972859372937
TERM,2987,3451,0,0.6825972859372937
TERM,3452,3691,0,0.6825972859372937
TERM,3692,3876,0,0.6825972859372937
TERM,3877,4029,0,0.6825972859372937
TERM,4030,4274,0,0.6825972859372937
TERM,4275,4531,0,0.6825972859372937
TERM,4532,4638,0,0.6825972859372937
TERM,4639,5101,0,0.6825972859372937
TERM,5102,5507,0,0.6825972859372937
TERM,5508,5731,0,0.6825972859372937
TERM,5732,6198,0,0.6825972859372937
TERM,6199,6439,0,0.6825972859372937
TERM,6440,6889,0,0.6825972859372937
TERM,6890,6910,0,0.6825972859372937
TERM,6911,6979,0,0.6825972859372937
TERM,6980,7105,0,0.6825972859372937
TERM,7106,7116,0,0.6825972859372937
TERM,7117,7221,0,0.6825972859372937
TERM,7222,7511,0,0.6825972859372937
TERM,7512,7621,0,0.6825972859372937
TERM,7622,8001,0,0.6825972859372937
TERM,8002,8191,0,0.6825972859372937
TERM,8192,8361,0,0.6825972859372937
TERM,8362,8483,0,0.6825972859372937
TERM,8484,8726,0,0.6825972859372937
TERM,8727,9208,0,0.6825972859372937
TERM,9209,9499,0,0.6825972859372937
TERM,9500,9622,0,0.6825972859372937
TERM,9623,10004,0,0.6825972859372937
TERM,10005,10297,0,0.6825972859372937
TERM,10298,10621,0,0.6825972859372937
TERM,10622,10659,0,0.6825972859372937
TERM,10660,11054,0,0.6825972859372937
TERM,11055,11255,0,0.6825972859372937
TERM,11256,11313,0,0.6825972859372937
TERM,11314,11553,0,0.6825972859372937
TERM,11554,11664,0,0.6825972859372937
TERM,11665,11947,0,0.6825972859372937
TERM,11948,12183,0,0.6825972859372937
