channel,start_time,stop_time,label,confidence
TERM,1,296,0,0.5673328001757858
TERM,297,782,0,0.5673328001757858
TERM,783,906,0,0.5673328001757858
TERM,907,1197,0,0.5673328001757858
TERM,1198,1243,0,0.5673328001757858
TERM,1244,1489,0,0.5673328001757858
TERM,1490,1573,0,0.5673328001757858
TERM,1574,1978,0,0.5673328001757858
TERM,1979,2155,0,0.5673328001757858
TERM,2156,2330,0,0.5673328001757858
TERM,2331,2677,0,0.5673328001757858
TERM,2678,2784,0,0.5673328001757858
TERM,2785,3124,0,0.5673328001757858
TERM,3125,3516,0,0.5673328001757858
TERM,3517,3917,0,0.5673328001757858
TERM,3918,4064,0,0.5673328001757858
TERM,4065,4339,0,0.5673328001757858
TERM,4340,4477,0,0.5673328001757858
TERM,4478,4602,0,0.5673328001757858
TERM,4603,4773,0,0.5673328001757858
TERM,4774,4960,0,0.5673328001757858
TERM,4961,5214,0,0.5673328001757858
TERM,5215,5392,0,0.5673328001757858
TERM,5393,5593,0,0.5673328001757858
