channel,start_time,stop_time,label,confidence
TERM,1,455,0,0.4378601411483568
TERM,456,948,0,0.4378601411483568
TERM,949,1037,0,0.4378601411483568
TERM,1038,1472,0,0.4378601411483568
TERM,1473,1616,0,0.4378601411483568
TERM,1617,1828,0,0.4378601411483568
TERM,1829,2265,0,0.4378601411483568
TERM,2266,2562,0,0.4378601411483568
TERM,2563,2716,0,0.4378601411483568
TERM,2717,2965,0,0.4378601411483568
TERM,2966,3160,0,0.4378601411483568
TERM,3161,3321,0,0.4378601411483568
TERM,3322,3355,0,0.4378601411483568
TERM,3356,3839,0,0.4378601411483568
TERM,3840,4032,0,0.4378601411483568
TERM,4033,4425,0,0.4378601411483568
TERM,4426,4771,0,0.4378601411483568
TERM,4772,4853,0,0.4378601411483568
TERM,4854,5337,0,0.4378601411483568
TERM,5338,5748,0,0.4378601411483568
TERM,5749,5802,0,0.4378601411483568
TERM,5803,6053,0,0.4378601411483568
