channel,start_time,stop_time,label,confidence
TERM,1,38,0,0.8586968311003592
TERM,39,147,0,0.8586968311003592
TERM,148,190,0,0.8586968311003592
TERM,191,213,0,0.8586968311003592
TERM,214,462,0,0.8586968311003592
TERM,463,528,0,0.8586968311003592
TERM,529,951,0,0.8586968311003592
TERM,952,961,0,0.8586968311003592
TERM,962,1316,0,0.8586968311003592
TERM,1317,1448,0,0.8586968311003592
TERM,1449,1833,0,0.8586968311003592
TERM,1834,1949,0,0.8586968311003592
TERM,1950,1989,0,0.8586968311003592
TERM,1990,2226,0,0.8586968311003592
TERM,2227,2239,0,0.8586968311003592
TERM,2240,2690,0,0.8586968311003592
TERM,2691,3157,0,0.8586968311003592
TERM,3158,3276,0,0.8586968311003592
TERM,3277,3583,0,0.8586968311003592
TERM,3584,3754,0,0.8586968311003592
TERM,3755,3857,0,0.8586968311003592
TERM,3858,3949,0,0.8586968311003592
TERM,3950,4424,0,0.8586968311003592
TERM,4425,4506,0,0.8586968311003592
