channel,start_time,stop_time,label,confidence
TERM,1,262,0,0.5930825328506357
TERM,263,702,0,0.5930825328506357
TERM,703,911,0,0.5930825328506357
TERM,912,1006,0,0.5930825328506357
TERM,1007,1162,0,0.5930825328506357
TERM,1163,1382,0,0.5930825328506357
TERM,1383,1442,0,0.5930825328506357
TERM,1443,1863,0,0.5930825328506357
TERM,1864,2103,0,0.5930825328506357
TERM,2104,2591,0,0.5930825328506357
TERM,2592,2912,0,0.5930825328506357
TERM,2913,3052,0,0.5930825328506357
TERM,3053,3151,0,0.5930825328506357
TERM,3152,3172,0,0.5930825328506357
TERM,3173,3557,0,0.5930825328506357
TERM,3558,3640,0,0.5930825328506357
TERM,3641,4030,0,0.5930825328506357
TERM,4031,4081,0,0.5930825328506357
TERM,4082,4225,0,0.5930825328506357
TERM,4226,4656,0,0.5930825328506357
TERM,4657,4828,0,0.5930825328506357
TERM,4829,5252,0,0.5930825328506357
TERM,5253,5335,0,0.5930825328506357
TERM,5336,5810,0,0.5930825328506357
TERM,5811,5854,0,0.5930825328506357
TERM,5855,6279,0,0.5930825328506357
TERM,6280,6754,0,0.5930825328506357
TERM,6755,7134,0,0.5930825328506357
TERM,7135,7395,0,0.5930825328506357
TERM,7396,7782,0,0.5930825328506357
TERM,7783,8072,0,0.5930825328506357
TERM,8073,8252,0,0.5930825328506357
TERM,8253,8571,0,0.5930825328506357
TERM,8572,8617,0,0.5930825328506357
TERM,8618,9060,0,0.5930825328506357
TERM,9061,9131,0,0.5930825328506357
TERM,9132,9562,0,0.5930825328506357
TERM,9563,10024,0,0.5930825328506357
TERM,10025,10327,0,0.5930825328506357
TERM,10328,10573,0,0.5930825328506357
TERM,10574,10895,0,0.5930825328506357
TERM,10896,11221,0,0.5930825328506357
TERM,11222,11371,0,0.5930825328506357
TERM,11372,11828,0,0.5930825328506357
TERM,11829,11947,0,0.5930825328506357
TERM,11948,12195,0,0.5930825328506357
TERM,12196,12234,0,0.5930825328506357
TERM,12235,12291,0,0.5930825328506357
