channel,start_time,stop_time,label,confidence
TERM,1,123,0,0.5127613993224078
TERM,124,254,0,0.5127613993224078
TERM,255,300,0,0.5127613993224078
TERM,301,449,0,0.5127613993224078
TERM,450,752,0,0.5127613993224078
TERM,753,1120,0,0.5127613993224078
TERM,1121,1244,0,0.5127613993224078
TERM,1245,1282,0,0.5127613993224078
TERM,1283,1655,0,0.5127613993224078
TERM,1656,2054,0,0.5127613993224078
TERM,2055,2418,0,0.5127613993224078
TERM,2419,2592,0,0.5127613993224078
TERM,2593,2903,0,0.5127613993224078
TERM,2904,3081,0,0.5127613993224078
TERM,3082,3312,0,0.5127613993224078
TERM,3313,3390,0,0.5127613993224078
TERM,3391,3499,0,0.5127613993224078
TERM,3500,3943,0,0.5127613993224078
TERM,3944,4412,0,0.5127613993224078
TERM,4413,4775,0,0.5127613993224078
TERM,4776,4953,0,0.5127613993224078
TERM,4954,5417,0,0.5127613993224078
TERM,5418,5691,0,0.5127613993224078
TERM,5692,5777,0,0.5127613993224078
TERM,5778,6255,0,0.5127613993224078
TERM,6256,6683,0,0.5127613993224078
TERM,6684,7119,0,0.5127613993224078
TERM,7120,7356,0,0.5127613993224078
TERM,7357,7529,0,0.5127613993224078
TERM,7530,7787,0,0.5127613993224078
TERM,7788,7910,0,0.5127613993224078
TERM,7911,8194,0,0.5127613993224078
TERM,8195,8450,0,0.5127613993224078
TERM,8451,8789,0,0.5127613993224078
TERM,8790,8927,0,0.5127613993224078
TERM,8928,9111,0,0.5127613993224078
TERM,9112,9550,0,0.5127613993224078
TERM,9551,10011,0,0.5127613993224078
TERM,10012,10442,0,0.5127613993224078
TERM,10443,10791,0,0.5127613993224078
TERM,10792,11262,0,0.5127613993224078
TERM,11263,11426,0,0.5127613993224078
TERM,11427,11590,0,0.5127613993224078
TERM,11591,11680,0,0.5127613993224078
TERM,11681,11694,0,0.5127613993224078
TERM,11695,11724,0,0.5127613993224078
TERM,11725,12051,0,0.5127613993224078
TERM,12052,12265,0,0.5127613993224078
TERM,12266,12607,0,0.5127613993224078
TERM,12608,12955,0,0.5127613993224078
TERM,12956,13000,0,0.5127613993224078
TERM,13001,13226,0,0.5127613993224078
TERM,13227,13672,0,0.5127613993224078
TERM,13673,13885,0,0.5127613993224078
TERM,13886,14300,0,0.5127613993224078
TERM,14301,14456,0,0.5127613993224078
TERM,14457,14849,0,0.5127613993224078
TERM,14850,15000,0,0.5127613993224078
TERM,15001,15163,0,0.5127613993224078
TERM,15164,15617,0,0.5127613993224078
TERM,15618,15682,0,0.5127613993224078
TERM,15683,16006,0,0.5127613993224078
TERM,16007,16031,0,0.5127613993224078
TERM,16032,16076,0,0.5127613993224078
TERM,16077,16221,0,0.5127613993224078
TERM,16222,16408,0,0.5127613993224078
