channel,start_time,stop_time,label,confidence
TERM,1,417,0,0.7177892318451979
TERM,418,562,0,0.7177892318451979
TERM,563,734,0,0.7177892318451979
TERM,735,879,0,0.7177892318451979
TERM,880,1266,0,0.7177892318451979
TERM,1267,1330,0,0.7177892318451979
TERM,1331,1700,0,0.7177892318451979
TERM,1701,1841,0,0.7177892318451979
TERM,1842,1869,0,0.7177892318451979
TERM,1870,1985,0,0.7177892318451979
TERM,1986,2188,0,0.7177892318451979
TERM,2189,2659,0,0.7177892318451979
