channel,start_time,stop_time,label,confidence
TERM,1,344,0,0.5010919247087962
TERM,345,633,0,0.5010919247087962
TERM,634,1111,0,0.5010919247087962
TERM,1112,1582,0,0.5010919247087962
TERM,1583,1643,0,0.5010919247087962
TERM,1644,1704,0,0.5010919247087962
TERM,1705,1719,0,0.5010919247087962
TERM,1720,2208,0,0.5010919247087962
TERM,2209,2460,0,0.5010919247087962
TERM,2461,2512,0,0.5010919247087962
TERM,2513,2728,0,0.5010919247087962
TERM,2729,3013,0,0.5010919247087962
TERM,3014,3323,0,0.5010919247087962
TERM,3324,3778,0,0.5010919247087962
TERM,3779,4026,0,0.5010919247087962
TERM,4027,4455,0,0.5010919247087962
TERM,4456,4482,0,0.5010919247087962
TERM,4483,4704,0,0.5010919247087962
TERM,4705,4951,0,0.5010919247087962
TERM,4952,5350,0,0.5010919247087962
TERM,5351,5636,0,0.5010919247087962
TERM,5637,5816,0,0.5010919247087962
TERM,5817,6108,0,0.5010919247087962
TERM,6109,6176,0,0.5010919247087962
TERM,6177,6357,0,0.5010919247087962
TERM,6358,6600,0,0.5010919247087962
TERM,6601,6886,0,0.5010919247087962
TERM,6887,7335,0,0.5010919247087962
