channel,start_time,stop_time,label,confidence
TERM,1,173,0,0.6122731172942429
TERM,174,628,0,0.6122731172942429
TERM,629,983,0,0.6122731172942429
TERM,984,1370,0,0.6122731172942429
TERM,1371,1503,0,0.6122731172942429
TERM,1504,1678,0,0.6122731172942429
TERM,1679,2110,0,0.6122731172942429
TERM,2111,2186,0,0.6122731172942429
TERM,2187,2579,0,0.6122731172942429
TERM,2580,2834,0,0.6122731172942429
TERM,2835,3287,0,0.6122731172942429
TERM,3288,3663,0,0.6122731172942429
TERM,3664,3882,0,0.6122731172942429
TERM,3883,4194,0,0.6122731172942429
TERM,4195,4609,0,0.6122731172942429
TERM,4610,4860,0,0.6122731172942429
TERM,4861,5236,0,0.6122731172942429
TERM,5237,5329,0,0.6122731172942429
TERM,5330,5432,0,0.6122731172942429
TERM,5433,5624,0,0.6122731172942429
TERM,5625,6064,0,0.6122731172942429
TERM,6065,6370,0,0.6122731172942429
TERM,6371,6518,0,0.6122731172942429
TERM,6519,6916,0,0.6122731172942429
TERM,6917,7101,0,0.6122731172942429
TERM,7102,7158,0,0.6122731172942429
TERM,7159,7645,0,0.6122731172942429
TERM,7646,7703,0,0.6122731172942429
TERM,7704,7838,0,0.6122731172942429
TERM,7839,7938,0,0.6122731172942429
TERM,7939,8344,0,0.6122731172942429
TERM,8345,8615,0,0.6122731172942429
TERM,8616,8693,0,0.6122731172942429
