channel,start_time,stop_time,label,confidence
TERM,1,142,0,0.4955706488558664
TERM,143,530,0,0.4955706488558664
TERM,531,751,0,0.4955706488558664
TERM,752,1085,0,0.4955706488558664
TERM,1086,1137,0,0.4955706488558664
TERM,1138,1541,0,0.4955706488558664
TERM,1542,1973,0,0.4955706488558664
TERM,1974,2137,0,0.4955706488558664
TERM,2138,2438,0,0.4955706488558664
TERM,2439,2937,0,0.4955706488558664
TERM,2938,3437,0,0.4955706488558664
