channel,start_time,stop_time,label,confidence
TERM,1,120,0,0.4875062782302684
TERM,121,219,0,0.4875062782302684
TERM,220,473,0,0.4875062782302684
TERM,474,952,0,0.4875062782302684
TERM,953,1338,0,0.4875062782302684
TERM,1339,1774,0,0.4875062782302684
TERM,1775,2050,0,0.4875062782302684
TERM,2051,2266,0,0.4875062782302684
TERM,2267,2723,0,0.4875062782302684
TERM,2724,2735,0,0.4875062782302684
TERM,2736,3173,0,0.4875062782302684
TERM,3174,3457,0,0.4875062782302684
TERM,3458,3875,0,0.4875062782302684
TERM,3876,4080,0,0.4875062782302684
TERM,4081,4460,0,0.4875062782302684
TERM,4461,4599,0,0.4875062782302684
TERM,4600,4986,0,0.4875062782302684
TERM,4987,5030,0,0.4875062782302684
TERM,5031,5511,0,0.4875062782302684
TERM,5512,5988,0,0.4875062782302684
TERM,5989,6188,0,0.4875062782302684
TERM,6189,6463,0,0.4875062782302684
TERM,6464,6550,0,0.4875062782302684
TERM,6551,7024,0,0.4875062782302684
TERM,7025,7156,0,0.4875062782302684
TERM,7157,7251,0,0.4875062782302684
TERM,7252,7536,0,0.4875062782302684
TERM,7537,8026,0,0.4875062782302684
TERM,8027,8339,0,0.4875062782302684
TERM,8340,8710,0,0.4875062782302684
TERM,8711,9060,0,0.4875062782302684
TERM,9061,9553,0,0.4875062782302684
TERM,9554,10041,0,0.4875062782302684
TERM,10042,10254,0,0.4875062782302684
TERM,10255,10504,0,0.4875062782302684
TERM,10505,10942,0,0.4875062782302684
TERM,10943,11123,0,0.4875062782302684
TERM,11124,11342,0,0.4875062782302684
TERM,11343,11372,0,0.4875062782302684
TERM,11373,11776,0,0.4875062782302684
TERM,11777,12275,0,0.4875062782302684
TERM,12276,12426,0,0.4875062782302684
TERM,12427,12782,0,0.4875062782302684
TERM,12783,13067,0,0.4875062782302684
TERM,13068,13147,0,0.4875062782302684
TERM,13148,13561,0,0.4875062782302684
TERM,13562,13673,0,0.4875062782302684
TERM,13674,13964,0,0.4875062782302684
TERM,13965,14300,0,0.4875062782302684
TERM,14301,14543,0,0.4875062782302684
TERM,14544,14991,0,0.4875062782302684
TERM,14992,15295,0,0.4875062782302684
TERM,15296,15691,0,0.4875062782302684
TERM,15692,15939,0,0.4875062782302684
TERM,15940,15977,0,0.4875062782302684
