channel,start_time,stop_time,label,confidence
TERM,1,140,0,0.6584731456994473
TERM,141,469,0,0.6584731456994473
TERM,470,780,0,0.6584731456994473
TERM,781,1280,0,0.6584731456994473
TERM,1281,1493,0,0.6584731456994473
TERM,1494,1584,0,0.6584731456994473
TERM,1585,1704,0,0.6584731456994473
TERM,1705,1972,0,0.6584731456994473
TERM,1973,2312,0,0.6584731456994473
TERM,2313,2753,0,0.6584731456994473
TERM,2754,3232,0,0.6584731456994473
TERM,3233,3524,0,0.6584731456994473
TERM,3525,3734,0,0.6584731456994473
