channel,start_time,stop_time,label,confidence
TERM,1,230,0,0.4540168341639434
TERM,231,502,0,0.4540168341639434
TERM,503,901,0,0.4540168341639434
TERM,902,1151,0,0.4540168341639434
TERM,1152,1507,0,0.4540168341639434
TERM,1508,1960,0,0.4540168341639434
TERM,1961,2419,0,0.4540168341639434
TERM,2420,2560,0,0.4540168341639434
TERM,2561,3055,0,0.4540168341639434
TERM,3056,3309,0,0.4540168341639434
TERM,3310,3568,0,0.4540168341639434
TERM,3569,3859,0,0.4540168341639434
TERM,3860,4207,0,0.4540168341639434
TERM,4208,4253,0,0.4540168341639434
TERM,4254,4596,0,0.4540168341639434
TERM,4597,5034,0,0.4540168341639434
TERM,5035,5102,0,0.4540168341639434
TERM,5103,5234,0,0.4540168341639434
TERM,5235,5270,0,0.4540168341639434
TERM,5271,5597,0,0.4540168341639434
TERM,5598,5845,0,0.4540168341639434
TERM,5846,6068,0,0.4540168341639434
TERM,6069,6283,0,0.4540168341639434
TERM,6284,6352,0,0.4540168341639434
TERM,6353,6833,0,0.4540168341639434
TERM,6834,7198,0,0.4540168341639434
TERM,7199,7590,0,0.4540168341639434
TERM,7591,7716,0,0.4540168341639434
TERM,7717,8193,0,0.4540168341639434
TERM,8194,8651,0,0.4540168341639434
TERM,8652,9045,0,0.4540168341639434
TERM,9046,9231,0,0.4540168341639434
TERM,9232,9377,0,0.4540168341639434
TERM,9378,9509,0,0.4540168341639434
TERM,9510,9996,0,0.4540168341639434
TERM,9997,10257,0,0.4540168341639434
TERM,10258,10450,0,0.4540168341639434
TERM,10451,10642,0,0.4540168341639434
TERM,10643,10791,0,0.4540168341639434
TERM,10792,10807,0,0.4540168341639434
TERM,10808,11270,0,0.4540168341639434
TERM,11271,11743,0,0.4540168341639434
TERM,11744,12039,0,0.4540168341639434
TERM,12040,12435,0,0.4540168341639434
