channel,start_time,stop_time,label,confidence
TERM,1,61,0,0.533501428681739
TERM,62,90,0,0.533501428681739
TERM,91,568,0,0.533501428681739
TERM,569,825,0,0.533501428681739
TERM,826,891,0,0.533501428681739
TERM,892,1218,0,0.533501428681739
TERM,1219,1360,0,0.533501428681739
TERM,1361,1526,0,0.533501428681739
TERM,1527,1573,0,0.533501428681739
TERM,1574,1732,0,0.533501428681739
TERM,1733,2092,0,0.533501428681739
TERM,2093,2256,0,0.533501428681739
TERM,2257,2356,0,0.533501428681739
TERM,2357,2421,0,0.533501428681739
TERM,2422,2723,0,0.533501428681739
TERM,2724,2942,0,0.533501428681739
TERM,2943,3191,0,0.533501428681739
TERM,3192,3481,0,0.533501428681739
TERM,3482,3664,0,0.533501428681739
TERM,3665,3720,0,0.533501428681739
TERM,3721,3835,0,0.533501428681739
TERM,3836,4287,0,0.533501428681739
TERM,4288,4352,0,0.533501428681739
TERM,4353,4621,0,0.533501428681739
TERM,4622,4680,0,0.533501428681739
TERM,4681,5013,0,0.533501428681739
TERM,5014,5305,0,0.533501428681739
TERM,5306,5340,0,0.533501428681739
TERM,5341,5459,0,0.533501428681739
TERM,5460,5823,0,0.533501428681739
TERM,5824,5971,0,0.533501428681739
TERM,5972,6060,0,0.533501428681739
TERM,6061,6143,0,0.533501428681739
TERM,6144,6552,0,0.533501428681739
TERM,6553,7024,0,0.533501428681739
TERM,7025,7170,0,0.533501428681739
TERM,7171,7214,0,0.533501428681739
TERM,7215,7315,0,0.533501428681739
TERM,7316,7796,0,0.533501428681739
TERM,7797,7930,0,0.533501428681739
TERM,7931,8075,0,0.533501428681739
TERM,8076,8171,0,0.533501428681739
TERM,8172,8510,0,0.533501428681739
TERM,8511,8885,0,0.533501428681739
TERM,8886,8918,0,0.533501428681739
TERM,8919,9228,0,0.533501428681739
TERM,9229,9715,0,0.533501428681739
TERM,9716,9786,0,0.533501428681739
TERM,9787,10205,0,0.533501428681739
TERM,10206,10277,0,0.533501428681739
TERM,10278,10661,0,0.533501428681739
TERM,10662,10794,0,0.533501428681739
TERM,10795,10830,0,0.533501428681739
TERM,10831,11120,0,0.533501428681739
TERM,11121,11188,0,0.533501428681739
TERM,11189,11415,0,0.533501428681739
TERM,11416,11496,0,0.533501428681739
TERM,11497,11552,0,0.533501428681739
TERM,11553,11844,0,0.533501428681739
TERM,11845,11985,0,0.533501428681739
