channel,start_time,stop_time,label,confidence
TERM,1,319,0,0.3826572094127284
TERM,320,468,0,0.3826572094127284
TERM,469,734,0,0.3826572094127284
TERM,735,1107,0,0.3826572094127284
TERM,1108,1213,0,0.3826572094127284
TERM,1214,1312,0,0.3826572094127284
TERM,1313,1378,0,0.3826572094127284
TERM,1379,1774,0,0.3826572094127284
TERM,1775,1790,0,0.3826572094127284
TERM,1791,2040,0,0.3826572094127284
TERM,2041,2385,0,0.3826572094127284
