channel,start_time,stop_time,label,confidence
TERM,1,282,0,0.6384719593231845
TERM,283,738,0,0.6384719593231845
TERM,739,759,0,0.6384719593231845
TERM,760,912,0,0.6384719593231845
TERM,913,1215,0,0.6384719593231845
TERM,1216,1233,0,0.6384719593231845
TERM,1234,1727,0,0.6384719593231845
TERM,1728,2160,0,0.6384719593231845
TERM,2161,2486,0,0.6384719593231845
TERM,2487,2597,0,0.6384719593231845
TERM,2598,2781,0,0.6384719593231845
TERM,2782,3016,0,0.6384719593231845
TERM,3017,3389,0,0.6384719593231845
TERM,3390,3714,0,0.6384719593231845
TERM,3715,3853,0,0.6384719593231845
