channel,start_time,stop_time,label,confidence
TERM,1,354,0,0.5307505786701413
TERM,355,662,0,0.5307505786701413
TERM,663,681,0,0.5307505786701413
TERM,682,907,0,0.5307505786701413
TERM,908,1070,0,0.5307505786701413
TERM,1071,1500,0,0.5307505786701413
TERM,1501,1593,0,0.5307505786701413
TERM,1594,2034,0,0.5307505786701413
TERM,2035,2396,0,0.5307505786701413
TERM,2397,2489,0,0.5307505786701413
TERM,2490,2543,0,0.5307505786701413
TERM,2544,2633,0,0.5307505786701413
TERM,2634,2910,0,0.5307505786701413
TERM,2911,3032,0,0.5307505786701413
TERM,3033,3401,0,0.5307505786701413
TERM,3402,3611,0,0.5307505786701413
TERM,3612,3907,0,0.5307505786701413
TERM,3908,4075,0,0.5307505786701413
TERM,4076,4099,0,0.5307505786701413
TERM,4100,4249,0,0.5307505786701413
TERM,4250,4480,0,0.5307505786701413
TERM,4481,4508,0,0.5307505786701413
TERM,4509,4853,0,0.5307505786701413
TERM,4854,5282,0,0.5307505786701413
TERM,5283,5691,0,0.5307505786701413
TERM,5692,6156,0,0.5307505786701413
TERM,6157,6604,0,0.5307505786701413
TERM,6605,6785,0,0.5307505786701413
TERM,6786,6963,0,0.5307505786701413
TERM,6964,7257,0,0.5307505786701413
TERM,7258,7669,0,0.5307505786701413
TERM,7670,7896,0,0.5307505786701413
TERM,7897,8373,0,0.5307505786701413
TERM,8374,8458,0,0.5307505786701413
TERM,8459,8742,0,0.5307505786701413
TERM,8743,9208,0,0.5307505786701413
TERM,9209,9392,0,0.5307505786701413
TERM,9393,9788,0,0.5307505786701413
TERM,9789,9859,0,0.5307505786701413
TERM,9860,10085,0,0.5307505786701413
TERM,10086,10165,0,0.5307505786701413
TERM,10166,10424,0,0.5307505786701413
TERM,10425,10682,0,0.5307505786701413
TERM,10683,10868,0,0.5307505786701413
TERM,10869,11064,0,0.5307505786701413
TERM,11065,11228,0,0.5307505786701413
TERM,11229,11351,0,0.5307505786701413
TERM,11352,11575,0,0.5307505786701413
TERM,11576,12005,0,0.5307505786701413
TERM,12006,12499,0,0.5307505786701413
TERM,12500,12970,0,0.5307505786701413
TERM,12971,13228,0,0.5307505786701413
TERM,13229,13595,0,0.5307505786701413
TERM,13596,13970,0,0.5307505786701413
TERM,13971,14283,0,0.5307505786701413
