channel,start_time,stop_time,label,confidence
TERM,1,36,0,0.8557572704482075
TERM,37,310,0,0.8557572704482075
TERM,311,416,0,0.8557572704482075
TERM,417,639,0,0.8557572704482075
TERM,640,1111,0,0.8557572704482075
TERM,1112,1129,0,0.8557572704482075
TERM,1130,1159,0,0.8557572704482075
TERM,1160,1306,0,0.8557572704482075
TERM,1307,1705,0,0.8557572704482075
TERM,1706,1959,0,0.8557572704482075
TERM,1960,2177,0,0.8557572704482075
TERM,2178,2238,0,0.8557572704482075
TERM,2239,2340,0,0.8557572704482075
TERM,2341,2631,0,0.8557572704482075
TERM,2632,2649,0,0.8557572704482075
TERM,2650,3032,0,0.8557572704482075
TERM,3033,3459,0,0.8557572704482075
TERM,3460,3917,0,0.8557572704482075
TERM,3918,4219,0,0.8557572704482075
TERM,4220,4428,0,0.8557572704482075
TERM,4429,4909,0,0.8557572704482075
TERM,4910,5019,0,0.8557572704482075
