channel,start_time,stop_time,label,confidence
TERM,1,54,0,0.6149580056902832
TERM,55,375,0,0.6149580056902832
TERM,376,463,0,0.6149580056902832
TERM,464,888,0,0.6149580056902832
TERM,889,989,0,0.6149580056902832
TERM,990,1023,0,0.6149580056902832
TERM,1024,1233,0,0.6149580056902832
TERM,1234,1455,0,0.6149580056902832
TERM,1456,1674,0,0.6149580056902832
TERM,1675,2069,0,0.6149580056902832
TERM,2070,2102,0,0.6149580056902832
TERM,2103,2151,0,0.6149580056902832
TERM,2152,2285,0,0.6149580056902832
TERM,2286,2485,0,0.6149580056902832
TERM,2486,2645,0,0.6149580056902832
TERM,2646,2872,0,0.6149580056902832
TERM,2873,3057,0,0.6149580056902832
TERM,3058,3314,0,0.6149580056902832
TERM,3315,3810,0,0.6149580056902832
TERM,3811,4234,0,0.6149580056902832
TERM,4235,4329,0,0.6149580056902832
TERM,4330,4611,0,0.6149580056902832
TERM,4612,5103,0,0.6149580056902832
TERM,5104,5220,0,0.6149580056902832
TERM,5221,5621,0,0.6149580056902832
TERM,5622,5661,0,0.6149580056902832
TERM,5662,6054,0,0.6149580056902832
TERM,6055,6516,0,0.6149580056902832
TERM,6517,6677,0,0.6149580056902832
TERM,6678,7025,0,0.6149580056902832
TERM,7026,7409,0,0.6149580056902832
TERM,7410,7907,0,0.6149580056902832
TERM,7908,8080,0,0.6149580056902832
TERM,8081,8094,0,0.6149580056902832
TERM,8095,8529,0,0.6149580056902832
TERM,8530,8901,0,0.6149580056902832
TERM,8902,9251,0,0.6149580056902832
TERM,9252,9464,0,0.6149580056902832
TERM,9465,9942,0,0.6149580056902832
TERM,9943,10193,0,0.6149580056902832
TERM,10194,10307,0,0.6149580056902832
TERM,10308,10611,0,0.6149580056902832
TERM,10612,10727,0,0.6149580056902832
TERM,10728,10993,0,0.6149580056902832
TERM,10994,11159,0,0.6149580056902832
TERM,11160,11371,0,0.6149580056902832
TERM,11372,11552,0,0.6149580056902832
TERM,11553,11809,0,0.6149580056902832
TERM,11810,11900,0,0.6149580056902832
TERM,11901,12193,0,0.6149580056902832
TERM,12194,12561,0,0.6149580056902832
TERM,12562,12846,0,0.6149580056902832
TERM,12847,12984,0,0.6149580056902832
TERM,12985,13452,0,0.6149580056902832
TERM,13453,13879,0,0.6149580056902832
TERM,13880,14228,0,0.6149580056902832
TERM,14229,14605,0,0.6149580056902832
TERM,14606,14915,0,0.6149580056902832
TERM,14916,15210,0,0.6149580056902832
TERM,15211,15390,0,0.6149580056902832
TERM,15391,15718,0,0.6149580056902832
TERM,15719,15997,0,0.6149580056902832
TERM,15998,16089,0,0.6149580056902832
TERM,16090,16296,0,0.6149580056902832
TERM,16297,16613,0,0.6149580056902832
TERM,16614,16665,0,0.6149580056902832
