channel,start_time,stop_time,label,confidence
TERM,1,489,0,0.3916649627580941
TERM,490,704,0,0.3916649627580941
TERM,705,957,0,0.3916649627580941
TERM,958,1145,0,0.3916649627580941
TERM,1146,1567,0,0.3916649627580941
TERM,1568,1736,0,0.3916649627580941
TERM,1737,1819,0,0.3916649627580941
TERM,1820,2095,0,0.3916649627580941
TERM,2096,2187,0,0.3916649627580941
TERM,2188,2495,0,0.3916649627580941
TERM,2496,2827,0,0.3916649627580941
TERM,2828,2862,0,0.3916649627580941
TERM,2863,3193,0,0.3916649627580941
TERM,3194,3259,0,0.3916649627580941
TERM,3260,3746,0,0.3916649627580941
TERM,3747,4082,0,0.3916649627580941
TERM,4083,4415,0,0.3916649627580941
TERM,4416,4437,0,0.3916649627580941
TERM,4438,4841,0,0.3916649627580941
TERM,4842,5125,0,0.3916649627580941
TERM,5126,5242,0,0.3916649627580941
TERM,5243,5439,0,0.3916649627580941
