channel,start_time,stop_time,label,confidence
TERM,1,439,0,0.3588364214511407
TERM,440,648,0,0.3588364214511407
TERM,649,771,0,0.3588364214511407
TERM,772,1114,0,0.3588364214511407
TERM,1115,1567,0,0.3588364214511407
TERM,1568,1753,0,0.3588364214511407
TERM,1754,1825,0,0.3588364214511407
TERM,1826,1842,0,0.3588364214511407
TERM,1843,1940,0,0.3588364214511407
TERM,1941,2077,0,0.3588364214511407
TERM,2078,2505,0,0.3588364214511407
