channel,start_time,stop_time,label,confidence
TERM,1,93,0,0.3845781808200265
TERM,94,129,0,0.3845781808200265
TERM,130,290,0,0.3845781808200265
TERM,291,715,0,0.3845781808200265
TERM,716,727,0,0.3845781808200265
TERM,728,784,0,0.3845781808200265
TERM,785,1160,0,0.3845781808200265
TERM,1161,1339,0,0.3845781808200265
TERM,1340,1365,0,0.3845781808200265
TERM,1366,1446,0,0.3845781808200265
TERM,1447,1932,0,0.3845781808200265
TERM,1933,2273,0,0.3845781808200265
TERM,2274,2574,0,0.3845781808200265
