channel,start_time,stop_time,label,confidence
TERM,1,19,0,0.5681379944617035
TERM,20,271,0,0.5681379944617035
TERM,272,487,0,0.5681379944617035
TERM,488,872,0,0.5681379944617035
TERM,873,951,0,0.5681379944617035
TERM,952,1032,0,0.5681379944617035
TERM,1033,1241,0,0.5681379944617035
TERM,1242,1310,0,0.5681379944617035
TERM,1311,1708,0,0.5681379944617035
TERM,1709,2085,0,0.5681379944617035
TERM,2086,2335,0,0.5681379944617035
TERM,2336,2429,0,0.5681379944617035
TERM,2430,2643,0,0.5681379944617035
TERM,2644,3123,0,0.5681379944617035
TERM,3124,3329,0,0.5681379944617035
TERM,3330,3704,0,0.5681379944617035
TERM,3705,4204,0,0.5681379944617035
TERM,4205,4697,0,0.5681379944617035
TERM,4698,4957,0,0.5681379944617035
TERM,4958,5324,0,0.5681379944617035
TERM,5325,5576,0,0.5681379944617035
TERM,5577,5616,0,0.5681379944617035
TERM,5617,6024,0,0.5681379944617035
TERM,6025,6169,0,0.5681379944617035
TERM,6170,6478,0,0.5681379944617035
TERM,6479,6909,0,0.5681379944617035
