channel,start_time,stop_time,label,confidence
TERM,1,409,0,0.8142680599136266
TERM,410,761,0,0.8142680599136266
TERM,762,1085,0,0.8142680599136266
TERM,1086,1204,0,0.8142680599136266
TERM,1205,1306,0,0.8142680599136266
TERM,1307,1577,0,0.8142680599136266
TERM,1578,1867,0,0.8142680599136266
TERM,1868,2315,0,0.8142680599136266
TERM,2316,2443,0,0.8142680599136266
TERM,2444,2591,0,0.8142680599136266
TERM,2592,2786,0,0.8142680599136266
TERM,2787,3201,0,0.8142680599136266
TERM,3202,3553,0,0.8142680599136266
TERM,3554,3644,0,0.8142680599136266
TERM,3645,4014,0,0.8142680599136266
