channel,start_time,stop_time,label,confidence
TERM,1,495,0,0.8104501153343222
TERM,496,650,0,0.8104501153343222
TERM,651,1106,0,0.8104501153343222
TERM,1107,1315,0,0.8104501153343222
TERM,1316,1785,0,0.8104501153343222
TERM,1786,2221,0,0.8104501153343222
TERM,2222,2273,0,0.8104501153343222
TERM,2274,2436,0,0.8104501153343222
TERM,2437,2593,0,0.8104501153343222
TERM,2594,2749,0,0.8104501153343222
TERM,2750,3132,0,0.8104501153343222
TERM,3133,3365,0,0.8104501153343222
TERM,3366,3589,0,0.8104501153343222
TERM,3590,3971,0,0.8104501153343222
TERM,3972,4031,0,0.8104501153343222
TERM,4032,4506,0,0.8104501153343222
TERM,4507,4607,0,0.8104501153343222
TERM,4608,5023,0,0.8104501153343222
TERM,5024,5496,0,0.8104501153343222
TERM,5497,5551,0,0.8104501153343222
TERM,5552,6046,0,0.8104501153343222
TERM,6047,6182,0,0.8104501153343222
TERM,6183,6230,0,0.8104501153343222
TERM,6231,6331,0,0.8104501153343222
TERM,6332,6820,0,0.8104501153343222
TERM,6821,7300,0,0.8104501153343222
TERM,7301,7790,0,0.8104501153343222
TERM,7791,8196,0,0.8104501153343222
TERM,8197,8306,0,0.8104501153343222
TERM,8307,8479,0,0.8104501153343222
TERM,8480,8641,0,0.8104501153343222
TERM,8642,9014,0,0.8104501153343222
TERM,9015,9342,0,0.8104501153343222
TERM,9343,9551,0,0.8104501153343222
TERM,9552,9923,0,0.8104501153343222
TERM,9924,10363,0,0.8104501153343222
TERM,10364,10427,0,0.8104501153343222
TERM,10428,10633,0,0.8104501153343222
TERM,10634,10724,0,0.8104501153343222
TERM,10725,11023,0,0.8104501153343222
TERM,11024,11318,0,0.8104501153343222
TERM,11319,11786,0,0.8104501153343222
TERM,11787,12266,0,0.8104501153343222
TERM,12267,12611,0,0.8104501153343222
TERM,12612,12734,0,0.8104501153343222
TERM,12735,12962,0,0.8104501153343222
TERM,12963,13008,0,0.8104501153343222
TERM,13009,13195,0,0.8104501153343222
