channel,start_time,stop_time,label,confidence
TERM,1,326,0,0.5651504128702257
TERM,327,711,0,0.5651504128702257
TERM,712,1145,0,0.5651504128702257
TERM,1146,1172,0,0.5651504128702257
TERM,1173,1224,0,0.5651504128702257
TERM,1225,1505,0,0.5651504128702257
TERM,1506,1985,0,0.5651504128702257
TERM,1986,2046,0,0.5651504128702257
TERM,2047,2400,0,0.5651504128702257
TERM,2401,2671,0,0.5651504128702257
TERM,2672,3085,0,0.5651504128702257
TERM,3086,3461,0,0.5651504128702257
TERM,3462,3634,0,0.5651504128702257
TERM,3635,4090,0,0.5651504128702257
TERM,4091,4543,0,0.5651504128702257
TERM,4544,4670,0,0.5651504128702257
TERM,4671,5059,0,0.5651504128702257
TERM,5060,5384,0,0.5651504128702257
TERM,5385,5621,0,0.5651504128702257
TERM,5622,6060,0,0.5651504128702257
TERM,6061,6422,0,0.5651504128702257
TERM,6423,6843,0,0.5651504128702257
TERM,6844,7315,0,0.5651504128702257
TERM,7316,7742,0,0.5651504128702257
TERM,7743,7794,0,0.5651504128702257
TERM,7795,7941,0,0.5651504128702257
TERM,7942,8240,0,0.5651504128702257
TERM,8241,8329,0,0.5651504128702257
TERM,8330,8425,0,0.5651504128702257
TERM,8426,8489,0,0.5651504128702257
TERM,8490,8814,0,0.5651504128702257
TERM,8815,9101,0,0.5651504128702257
TERM,9102,9529,0,0.5651504128702257
TERM,9530,9816,0,0.5651504128702257
TERM,9817,10029,0,0.5651504128702257
TERM,10030,10095,0,0.5651504128702257
