channel,start_time,stop_time,label,confidence
TERM,1,143,0,0.6141236996486208
TERM,144,202,0,0.6141236996486208
TERM,203,502,0,0.6141236996486208
TERM,503,927,0,0.6141236996486208
TERM,928,1080,0,0.6141236996486208
TERM,1081,1564,0,0.6141236996486208
TERM,1565,1776,0,0.6141236996486208
TERM,1777,2028,0,0.6141236996486208
TERM,2029,2178,0,0.6141236996486208
TERM,2179,2427,0,0.6141236996486208
TERM,2428,2895,0,0.6141236996486208
TERM,2896,3114,0,0.6141236996486208
TERM,3115,3499,0,0.6141236996486208
TERM,3500,3844,0,0.6141236996486208
TERM,3845,4186,0,0.6141236996486208
TERM,4187,4470,0,0.6141236996486208
TERM,4471,4673,0,0.6141236996486208
TERM,4674,5138,0,0.6141236996486208
TERM,5139,5310,0,0.6141236996486208
TERM,5311,5552,0,0.6141236996486208
TERM,5553,5902,0,0.6141236996486208
TERM,5903,6189,0,0.6141236996486208
TERM,6190,6475,0,0.6141236996486208
TERM,6476,6742,0,0.6141236996486208
TERM,6743,6778,0,0.6141236996486208
TERM,6779,7154,0,0.6141236996486208
TERM,7155,7331,0,0.6141236996486208
TERM,7332,7808,0,0.6141236996486208
TERM,7809,8044,0,0.6141236996486208
TERM,8045,8313,0,0.6141236996486208
TERM,8314,8715,0,0.6141236996486208
TERM,8716,8876,0,0.6141236996486208
TERM,8877,9357,0,0.6141236996486208
TERM,9358,9521,0,0.6141236996486208
TERM,9522,9904,0,0.6141236996486208
TERM,9905,10223,0,0.6141236996486208
TERM,10224,10429,0,0.6141236996486208
TERM,10430,10747,0,0.6141236996486208
TERM,10748,11158,0,0.6141236996486208
TERM,11159,11200,0,0.6141236996486208
TERM,11201,11236,0,0.6141236996486208
TERM,11237,11439,0,0.6141236996486208
TERM,11440,11552,0,0.6141236996486208
TERM,11553,11762,0,0.6141236996486208
TERM,11763,11933,0,0.6141236996486208
TERM,11934,12222,0,0.6141236996486208
TERM,12223,12356,0,0.6141236996486208
TERM,12357,12769,0,0.6141236996486208
TERM,12770,12840,0,0.6141236996486208
TERM,12841,13145,0,0.6141236996486208
TERM,13146,13211,0,0.6141236996486208
TERM,13212,13411,0,0.6141236996486208
TERM,13412,13481,0,0.6141236996486208
TERM,13482,13516,0,0.6141236996486208
TERM,13517,13752,0,0.6141236996486208
TERM,13753,14141,0,0.6141236996486208
TERM,14142,14628,0,0.6141236996486208
TERM,14629,15058,0,0.6141236996486208
TERM,15059,15408,0,0.6141236996486208
TERM,15409,15641,0,0.6141236996486208
TERM,15642,16000,0,0.6141236996486208
TERM,16001,16259,0,0.6141236996486208
TERM,16260,16273,0,0.6141236996486208
TERM,16274,16373,0,0.6141236996486208
