channel,start_time,stop_time,label,confidence
TERM,1,185,0,0.4913273716590526
TERM,186,316,0,0.4913273716590526
TERM,317,419,0,0.4913273716590526
TERM,420,762,0,0.4913273716590526
TERM,763,854,0,0.4913273716590526
TERM,855,1012,0,0.4913273716590526
TERM,1013,1030,0,0.4913273716590526
TERM,1031,1132,0,0.4913273716590526
TERM,1133,1200,0,0.4913273716590526
TERM,1201,1300,0,0.4913273716590526
TERM,1301,1556,0,0.4913273716590526
TERM,1557,1745,0,0.4913273716590526
TERM,1746,2007,0,0.4913273716590526
TERM,2008,2412,0,0.4913273716590526
TERM,2413,2829,0,0.4913273716590526
TERM,2830,3132,0,0.4913273716590526
TERM,3133,3472,0,0.4913273716590526
TERM,3473,3624,0,0.4913273716590526
TERM,3625,3794,0,0.4913273716590526
TERM,3795,3938,0,0.4913273716590526
TERM,3939,4241,0,0.4913273716590526
TERM,4242,4594,0,0.4913273716590526
TERM,4595,4654,0,0.4913273716590526
TERM,4655,5044,0,0.4913273716590526
TERM,5045,5188,0,0.4913273716590526
TERM,5189,5404,0,0.4913273716590526
TERM,5405,5640,0,0.4913273716590526
TERM,5641,6097,0,0.4913273716590526
TERM,6098,6126,0,0.4913273716590526
TERM,6127,6190,0,0.4913273716590526
TERM,6191,6411,0,0.4913273716590526
TERM,6412,6667,0,0.4913273716590526
TERM,6668,7065,0,0.4913273716590526
TERM,7066,7355,0,0.4913273716590526
TERM,7356,7501,0,0.4913273716590526
TERM,7502,7585,0,0.4913273716590526
TERM,7586,7978,0,0.4913273716590526
TERM,7979,8270,0,0.4913273716590526
TERM,8271,8651,0,0.4913273716590526
TERM,8652,9116,0,0.4913273716590526
TERM,9117,9205,0,0.4913273716590526
TERM,9206,9236,0,0.4913273716590526
TERM,9237,9443,0,0.4913273716590526
TERM,9444,9662,0,0.4913273716590526
TERM,9663,9779,0,0.4913273716590526
TERM,9780,9863,0,0.4913273716590526
TERM,9864,10025,0,0.4913273716590526
TERM,10026,10213,0,0.4913273716590526
TERM,10214,10336,0,0.4913273716590526
TERM,10337,10745,0,0.4913273716590526
TERM,10746,10763,0,0.4913273716590526
TERM,10764,11072,0,0.4913273716590526
TERM,11073,11472,0,0.4913273716590526
TERM,11473,11767,0,0.4913273716590526
TERM,11768,12123,0,0.4913273716590526
TERM,12124,12461,0,0.4913273716590526
TERM,12462,12797,0,0.4913273716590526
TERM,12798,12889,0,0.4913273716590526
TERM,12890,12911,0,0.4913273716590526
TERM,12912,13117,0,0.4913273716590526
TERM,13118,13324,0,0.4913273716590526
TERM,13325,13747,0,0.4913273716590526
TERM,13748,13803,0,0.4913273716590526
TERM,13804,14031,0,0.4913273716590526
TERM,14032,14260,0,0.4913273716590526
TERM,14261,14447,0,0.4913273716590526
