channel,start_time,stop_time,label,confidence
TERM,1,304,0,0.5615821233188019
TERM,305,538,0,0.5615821233188019
TERM,539,872,0,0.5615821233188019
TERM,873,1125,0,0.5615821233188019
TERM,1126,1336,0,0.5615821233188019
TERM,1337,1740,0,0.5615821233188019
TERM,1741,2209,0,0.5615821233188019
TERM,2210,2515,0,0.5615821233188019
TERM,2516,2958,0,0.5615821233188019
TERM,2959,3070,0,0.5615821233188019
TERM,3071,3355,0,0.5615821233188019
TERM,3356,3420,0,0.5615821233188019
TERM,3421,3809,0,0.5615821233188019
