channel,start_time,stop_time,label,confidence
TERM,1,226,0,0.7140351662005372
TERM,227,559,0,0.7140351662005372
TERM,560,1026,0,0.7140351662005372
TERM,1027,1287,0,0.7140351662005372
TERM,1288,1560,0,0.7140351662005372
TERM,1561,1995,0,0.7140351662005372
TERM,1996,2219,0,0.7140351662005372
TERM,2220,2426,0,0.7140351662005372
TERM,2427,2489,0,0.7140351662005372
TERM,2490,2987,0,0.7140351662005372
TERM,2988,3451,0,0.7140351662005372
TERM,3452,3709,0,0.7140351662005372
TERM,3710,3997,0,0.7140351662005372
TERM,3998,4142,0,0.7140351662005372
TERM,4143,4594,0,0.7140351662005372
TERM,4595,4741,0,0.7140351662005372
TERM,4742,4971,0,0.7140351662005372
TERM,4972,5186,0,0.7140351662005372
TERM,5187,5377,0,0.7140351662005372
TERM,5378,5517,0,0.7140351662005372
TERM,5518,5979,0,0.7140351662005372
TERM,5980,6049,0,0.7140351662005372
TERM,6050,6487,0,0.7140351662005372
TERM,6488,6965,0,0.7140351662005372
TERM,6966,7261,0,0.7140351662005372
TERM,7262,7645,0,0.7140351662005372
TERM,7646,7899,0,0.7140351662005372
TERM,7900,8351,0,0.7140351662005372
TERM,8352,8383,0,0.7140351662005372
TERM,8384,8480,0,0.7140351662005372
TERM,8481,8957,0,0.7140351662005372
TERM,8958,9258,0,0.7140351662005372
TERM,9259,9724,0,0.7140351662005372
TERM,9725,10214,0,0.7140351662005372
TERM,10215,10470,0,0.7140351662005372
TERM,10471,10941,0,0.7140351662005372
TERM,10942,10981,0,0.7140351662005372
TERM,10982,11321,0,0.7140351662005372
TERM,11322,11594,0,0.7140351662005372
TERM,11595,11771,0,0.7140351662005372
TERM,11772,12249,0,0.7140351662005372
TERM,12250,12332,0,0.7140351662005372
TERM,12333,12629,0,0.7140351662005372
TERM,12630,12690,0,0.7140351662005372
TERM,12691,12720,0,0.7140351662005372
TERM,12721,12989,0,0.7140351662005372
TERM,12990,13247,0,0.7140351662005372
TERM,13248,13303,0,0.7140351662005372
TERM,13304,13354,0,0.7140351662005372
TERM,13355,13449,0,0.7140351662005372
TERM,13450,13527,0,0.7140351662005372
TERM,13528,13639,0,0.7140351662005372
