channel,start_time,stop_time,label,confidence
TERM,1,175,0,0.4972531493962752
TERM,176,228,0,0.4972531493962752
TERM,229,311,0,0.4972531493962752
TERM,312,353,0,0.4972531493962752
TERM,354,764,0,0.4972531493962752
TERM,765,908,0,0.4972531493962752
TERM,909,1276,0,0.4972531493962752
TERM,1277,1308,0,0.4972531493962752
TERM,1309,1720,0,0.4972531493962752
TERM,1721,2041,0,0.4972531493962752
TERM,2042,2491,0,0.4972531493962752
TERM,2492,2991,0,0.4972531493962752
TERM,2992,3064,0,0.4972531493962752
TERM,3065,3291,0,0.4972531493962752
TERM,3292,3786,0,0.4972531493962752
TERM,3787,4134,0,0.4972531493962752
TERM,4135,4255,0,0.4972531493962752
TERM,4256,4360,0,0.4972531493962752
TERM,4361,4694,0,0.4972531493962752
TERM,4695,5138,0,0.4972531493962752
TERM,5139,5328,0,0.4972531493962752
TERM,5329,5458,0,0.4972531493962752
TERM,5459,5951,0,0.4972531493962752
TERM,5952,6373,0,0.4972531493962752
TERM,6374,6621,0,0.4972531493962752
TERM,6622,6727,0,0.4972531493962752
TERM,6728,6877,0,0.4972531493962752
TERM,6878,6937,0,0.4972531493962752
TERM,6938,7257,0,0.4972531493962752
TERM,7258,7735,0,0.4972531493962752
TERM,7736,7768,0,0.4972531493962752
TERM,7769,8130,0,0.4972531493962752
TERM,8131,8595,0,0.4972531493962752
TERM,8596,8773,0,0.4972531493962752
TERM,8774,9114,0,0.4972531493962752
TERM,9115,9544,0,0.4972531493962752
TERM,9545,10017,0,0.4972531493962752
TERM,10018,10056,0,0.4972531493962752
TERM,10057,10253,0,0.4972531493962752
TERM,10254,10292,0,0.4972531493962752
TERM,10293,10316,0,0.4972531493962752
TERM,10317,10357,0,0.4972531493962752
TERM,10358,10674,0,0.4972531493962752
TERM,10675,10860,0,0.4972531493962752
TERM,10861,11051,0,0.4972531493962752
TERM,11052,11382,0,0.4972531493962752
TERM,11383,11446,0,0.4972531493962752
TERM,11447,11494,0,0.4972531493962752
TERM,11495,11593,0,0.4972531493962752
TERM,11594,11884,0,0.4972531493962752
TERM,11885,12040,0,0.4972531493962752
TERM,12041,12313,0,0.4972531493962752
TERM,12314,12661,0,0.4972531493962752
TERM,12662,12830,0,0.4972531493962752
TERM,12831,12941,0,0.4972531493962752
