channel,start_time,stop_time,label,confidence
TERM,1,20,0,0.4855830114720675
TERM,21,123,0,0.4855830114720675
TERM,124,286,0,0.4855830114720675
TERM,287,633,0,0.4855830114720675
TERM,634,748,0,0.4855830114720675
TERM,749,1147,0,0.4855830114720675
TERM,1148,1580,0,0.4855830114720675
TERM,1581,1743,0,0.4855830114720675
TERM,1744,2098,0,0.4855830114720675
TERM,2099,2588,0,0.4855830114720675
TERM,2589,2637,0,0.4855830114720675
TERM,2638,2830,0,0.4855830114720675
TERM,2831,3137,0,0.4855830114720675
TERM,3138,3495,0,0.4855830114720675
TERM,3496,3554,0,0.4855830114720675
TERM,3555,3708,0,0.4855830114720675
TERM,3709,3973,0,0.4855830114720675
TERM,3974,4285,0,0.4855830114720675
TERM,4286,4555,0,0.4855830114720675
TERM,4556,4897,0,0.4855830114720675
TERM,4898,5318,0,0.4855830114720675
TERM,5319,5696,0,0.4855830114720675
TERM,5697,5960,0,0.4855830114720675
TERM,5961,6421,0,0.4855830114720675
TERM,6422,6799,0,0.4855830114720675
TERM,6800,6957,0,0.4855830114720675
TERM,6958,7154,0,0.4855830114720675
TERM,7155,7320,0,0.4855830114720675
TERM,7321,7811,0,0.4855830114720675
TERM,7812,7948,0,0.4855830114720675
TERM,7949,8047,0,0.4855830114720675
TERM,8048,8283,0,0.4855830114720675
TERM,8284,8384,0,0.4855830114720675
TERM,8385,8445,0,0.4855830114720675
TERM,8446,8638,0,0.4855830114720675
TERM,8639,9123,0,0.4855830114720675
TERM,9124,9510,0,0.4855830114720675
TERM,9511,9980,0,0.4855830114720675
TERM,9981,10026,0,0.4855830114720675
TERM,10027,10465,0,0.4855830114720675
TERM,10466,10688,0,0.4855830114720675
TERM,10689,11152,0,0.4855830114720675
TERM,11153,11239,0,0.4855830114720675
TERM,11240,11575,0,0.4855830114720675
