channel,start_time,stop_time,label,confidence
TERM,1,447,0,0.7466008120967746
TERM,448,927,0,0.7466008120967746
TERM,928,958,0,0.7466008120967746
TERM,959,1177,0,0.7466008120967746
TERM,1178,1664,0,0.7466008120967746
TERM,1665,1971,0,0.7466008120967746
TERM,1972,2287,0,0.7466008120967746
TERM,2288,2567,0,0.7466008120967746
TERM,2568,2831,0,0.7466008120967746
TERM,2832,2945,0,0.7466008120967746
TERM,2946,3304,0,0.7466008120967746
TERM,3305,3407,0,0.7466008120967746
TERM,3408,3899,0,0.7466008120967746
TERM,3900,4105,0,0.7466008120967746
TERM,4106,4265,0,0.7466008120967746
TERM,4266,4607,0,0.7466008120967746
TERM,4608,4683,0,0.7466008120967746
TERM,4684,4857,0,0.7466008120967746
TERM,4858,5167,0,0.7466008120967746
TERM,5168,5301,0,0.7466008120967746
TERM,5302,5712,0,0.7466008120967746
TERM,5713,6115,0,0.7466008120967746
TERM,6116,6476,0,0.7466008120967746
TERM,6477,6775,0,0.7466008120967746
TERM,6776,6861,0,0.7466008120967746
TERM,6862,7345,0,0.7466008120967746
TERM,7346,7537,0,0.7466008120967746
TERM,7538,7631,0,0.7466008120967746
TERM,7632,7936,0,0.7466008120967746
TERM,7937,8223,0,0.7466008120967746
TERM,8224,8566,0,0.7466008120967746
TERM,8567,9040,0,0.7466008120967746
TERM,9041,9453,0,0.7466008120967746
TERM,9454,9578,0,0.7466008120967746
TERM,9579,9954,0,0.7466008120967746
TERM,9955,10194,0,0.7466008120967746
TERM,10195,10546,0,0.7466008120967746
TERM,10547,10583,0,0.7466008120967746
TERM,10584,10664,0,0.7466008120967746
TERM,10665,11069,0,0.7466008120967746
TERM,11070,11143,0,0.7466008120967746
TERM,11144,11593,0,0.7466008120967746
TERM,11594,12010,0,0.7466008120967746
TERM,12011,12490,0,0.7466008120967746
TERM,12491,12709,0,0.7466008120967746
TERM,12710,13073,0,0.7466008120967746
TERM,13074,13363,0,0.7466008120967746
TERM,13364,13697,0,0.7466008120967746
