channel,start_time,stop_time,label,confidence
TERM,1,104,0,0.2255549530058909
TERM,105,530,0,0.2255549530058909
TERM,531,751,0,0.2255549530058909
TERM,752,911,0,0.2255549530058909
TERM,912,930,0,0.2255549530058909
TERM,931,1173,0,0.2255549530058909
TERM,1174,1242,0,0.2255549530058909
TERM,1243,1479,0,0.2255549530058909
TERM,1480,1924,0,0.2255549530058909
TERM,1925,2297,0,0.2255549530058909
TERM,2298,2456,0,0.2255549530058909
TERM,2457,2497,0,0.2255549530058909
