channel,start_time,stop_time,label,confidence
TERM,1,223,0,0.7324708059917766
TERM,224,550,0,0.7324708059917766
TERM,551,637,0,0.7324708059917766
TERM,638,1048,0,0.7324708059917766
TERM,1049,1188,0,0.7324708059917766
TERM,1189,1505,0,0.7324708059917766
TERM,1506,1568,0,0.7324708059917766
TERM,1569,1804,0,0.7324708059917766
TERM,1805,2205,0,0.7324708059917766
TERM,2206,2656,0,0.7324708059917766
TERM,2657,2680,0,0.7324708059917766
TERM,2681,3081,0,0.7324708059917766
TERM,3082,3115,0,0.7324708059917766
TERM,3116,3499,0,0.7324708059917766
TERM,3500,3684,0,0.7324708059917766
TERM,3685,3972,0,0.7324708059917766
TERM,3973,4041,0,0.7324708059917766
TERM,4042,4229,0,0.7324708059917766
TERM,4230,4712,0,0.7324708059917766
TERM,4713,4929,0,0.7324708059917766
TERM,4930,5233,0,0.7324708059917766
TERM,5234,5681,0,0.7324708059917766
TERM,5682,5940,0,0.7324708059917766
TERM,5941,6425,0,0.7324708059917766
