channel,start_time,stop_time,label,confidence
TERM,1,215,0,0.6850773319843155
TERM,216,319,0,0.6850773319843155
TERM,320,551,0,0.6850773319843155
TERM,552,991,0,0.6850773319843155
TERM,992,1159,0,0.6850773319843155
TERM,1160,1337,0,0.6850773319843155
TERM,1338,1625,0,0.6850773319843155
TERM,1626,1713,0,0.6850773319843155
TERM,1714,1832,0,0.6850773319843155
TERM,1833,1844,0,0.6850773319843155
TERM,1845,1974,0,0.6850773319843155
TERM,1975,2398,0,0.6850773319843155
TERM,2399,2728,0,0.6850773319843155
TERM,2729,2956,0,0.6850773319843155
TERM,2957,3232,0,0.6850773319843155
TERM,3233,3557,0,0.6850773319843155
TERM,3558,3656,0,0.6850773319843155
TERM,3657,3809,0,0.6850773319843155
TERM,3810,4270,0,0.6850773319843155
TERM,4271,4615,0,0.6850773319843155
TERM,4616,4799,0,0.6850773319843155
TERM,4800,4941,0,0.6850773319843155
TERM,4942,5054,0,0.6850773319843155
TERM,5055,5182,0,0.6850773319843155
