channel,start_time,stop_time,label,confidence
TERM,1,178,0,0.6022294766933471
TERM,179,362,0,0.6022294766933471
TERM,363,456,0,0.6022294766933471
TERM,457,626,0,0.6022294766933471
TERM,627,1074,0,0.6022294766933471
TERM,1075,1218,0,0.6022294766933471
TERM,1219,1520,0,0.6022294766933471
TERM,1521,1687,0,0.6022294766933471
TERM,1688,1907,0,0.6022294766933471
TERM,1908,2105,0,0.6022294766933471
TERM,2106,2169,0,0.6022294766933471
TERM,2170,2498,0,0.6022294766933471
