channel,start_time,stop_time,label,confidence
TERM,1,453,0,0.6888261490799086
TERM,454,754,0,0.6888261490799086
TERM,755,941,0,0.6888261490799086
TERM,942,1396,0,0.6888261490799086
TERM,1397,1865,0,0.6888261490799086
TERM,1866,2336,0,0.6888261490799086
TERM,2337,2352,0,0.6888261490799086
TERM,2353,2466,0,0.6888261490799086
TERM,2467,2867,0,0.6888261490799086
TERM,2868,3039,0,0.6888261490799086
TERM,3040,3450,0,0.6888261490799086
TERM,3451,3911,0,0.6888261490799086
TERM,3912,4274,0,0.6888261490799086
TERM,4275,4502,0,0.6888261490799086
TERM,4503,4917,0,0.6888261490799086
TERM,4918,5081,0,0.6888261490799086
TERM,5082,5430,0,0.6888261490799086
TERM,5431,5464,0,0.6888261490799086
TERM,5465,5798,0,0.6888261490799086
TERM,5799,5866,0,0.6888261490799086
TERM,5867,6351,0,0.6888261490799086
TERM,6352,6409,0,0.6888261490799086
TERM,6410,6581,0,0.6888261490799086
TERM,6582,7040,0,0.6888261490799086
TERM,7041,7141,0,0.6888261490799086
TERM,7142,7383,0,0.6888261490799086
TERM,7384,7673,0,0.6888261490799086
TERM,7674,7985,0,0.6888261490799086
TERM,7986,8022,0,0.6888261490799086
TERM,8023,8147,0,0.6888261490799086
TERM,8148,8235,0,0.6888261490799086
TERM,8236,8392,0,0.6888261490799086
TERM,8393,8479,0,0.6888261490799086
TERM,8480,8867,0,0.6888261490799086
TERM,8868,9124,0,0.6888261490799086
TERM,9125,9604,0,0.6888261490799086
TERM,9605,9789,0,0.6888261490799086
TERM,9790,10280,0,0.6888261490799086
TERM,10281,10655,0,0.6888261490799086
TERM,10656,10889,0,0.6888261490799086
TERM,10890,11122,0,0.6888261490799086
TERM,11123,11226,0,0.6888261490799086
TERM,11227,11692,0,0.6888261490799086
TERM,11693,12169,0,0.6888261490799086
TERM,12170,12374,0,0.6888261490799086
TERM,12375,12581,0,0.6888261490799086
TERM,12582,13024,0,0.6888261490799086
TERM,13025,13511,0,0.6888261490799086
TERM,13512,13897,0,0.6888261490799086
TERM,13898,14219,0,0.6888261490799086
TERM,14220,14536,0,0.6888261490799086
TERM,14537,14851,0,0.6888261490799086
