channel,start_time,stop_time,label,confidence
TERM,1,415,0,0.5875390369127118
TERM,416,691,0,0.5875390369127118
TERM,692,958,0,0.5875390369127118
TERM,959,1294,0,0.5875390369127118
TERM,1295,1628,0,0.5875390369127118
TERM,1629,1880,0,0.5875390369127118
TERM,1881,2004,0,0.5875390369127118
TERM,2005,2368,0,0.5875390369127118
TERM,2369,2642,0,0.5875390369127118
TERM,2643,2989,0,0.5875390369127118
TERM,2990,3092,0,0.5875390369127118
TERM,3093,3538,0,0.5875390369127118
