channel,start_time,stop_time,label,confidence
TERM,1,373,0,0.5881110734852588
TERM,374,794,0,0.5881110734852588
TERM,795,837,0,0.5881110734852588
TERM,838,1136,0,0.5881110734852588
TERM,1137,1502,0,0.5881110734852588
TERM,1503,1707,0,0.5881110734852588
TERM,1708,2206,0,0.5881110734852588
TERM,2207,2467,0,0.5881110734852588
TERM,2468,2616,0,0.5881110734852588
TERM,2617,2666,0,0.5881110734852588
TERM,2667,2830,0,0.5881110734852588
TERM,2831,2884,0,0.5881110734852588
TERM,2885,3073,0,0.5881110734852588
TERM,3074,3495,0,0.5881110734852588
TERM,3496,3582,0,0.5881110734852588
TERM,3583,3763,0,0.5881110734852588
TERM,3764,3788,0,0.5881110734852588
TERM,3789,4101,0,0.5881110734852588
TERM,4102,4204,0,0.5881110734852588
TERM,4205,4532,0,0.5881110734852588
TERM,4533,4560,0,0.5881110734852588
TERM,4561,4573,0,0.5881110734852588
TERM,4574,4975,0,0.5881110734852588
TERM,4976,5361,0,0.5881110734852588
TERM,5362,5433,0,0.5881110734852588
TERM,5434,5630,0,0.5881110734852588
TERM,5631,6036,0,0.5881110734852588
TERM,6037,6119,0,0.5881110734852588
TERM,6120,6219,0,0.5881110734852588
TERM,6220,6641,0,0.5881110734852588
TERM,6642,6852,0,0.5881110734852588
TERM,6853,6876,0,0.5881110734852588
TERM,6877,6998,0,0.5881110734852588
TERM,6999,7079,0,0.5881110734852588
TERM,7080,7486,0,0.5881110734852588
TERM,7487,7756,0,0.5881110734852588
TERM,7757,7953,0,0.5881110734852588
TERM,7954,8375,0,0.5881110734852588
TERM,8376,8813,0,0.5881110734852588
TERM,8814,8913,0,0.5881110734852588
TERM,8914,9093,0,0.5881110734852588
TERM,9094,9414,0,0.5881110734852588
TERM,9415,9838,0,0.5881110734852588
TERM,9839,10068,0,0.5881110734852588
