channel,start_time,stop_time,label,confidence
TERM,1,287,0,0.5500622849989206
TERM,288,498,0,0.5500622849989206
TERM,499,951,0,0.5500622849989206
TERM,952,1174,0,0.5500622849989206
TERM,1175,1229,0,0.5500622849989206
TERM,1230,1336,0,0.5500622849989206
TERM,1337,1358,0,0.5500622849989206
TERM,1359,1755,0,0.5500622849989206
TERM,1756,1815,0,0.5500622849989206
TERM,1816,2120,0,0.5500622849989206
TERM,2121,2275,0,0.5500622849989206
TERM,2276,2759,0,0.5500622849989206
TERM,2760,2876,0,0.5500622849989206
TERM,2877,2989,0,0.5500622849989206
TERM,2990,3434,0,0.5500622849989206
TERM,3435,3825,0,0.5500622849989206
TERM,3826,4156,0,0.5500622849989206
TERM,4157,4300,0,0.5500622849989206
TERM,4301,4314,0,0.5500622849989206
TERM,4315,4648,0,0.5500622849989206
TERM,4649,4790,0,0.5500622849989206
TERM,4791,4869,0,0.5500622849989206
TERM,4870,4946,0,0.5500622849989206
TERM,4947,5392,0,0.5500622849989206
TERM,5393,5835,0,0.5500622849989206
TERM,5836,6153,0,0.5500622849989206
