channel,start_time,stop_time,label,confidence
TERM,1,119,0,0.5701941918604694
TERM,120,610,0,0.5701941918604694
TERM,611,1065,0,0.5701941918604694
TERM,1066,1467,0,0.5701941918604694
TERM,1468,1736,0,0.5701941918604694
TERM,1737,1914,0,0.5701941918604694
TERM,1915,2042,0,0.5701941918604694
TERM,2043,2113,0,0.5701941918604694
TERM,2114,2581,0,0.5701941918604694
TERM,2582,2895,0,0.5701941918604694
TERM,2896,2980,0,0.5701941918604694
TERM,2981,3289,0,0.5701941918604694
TERM,3290,3502,0,0.5701941918604694
TERM,3503,3907,0,0.5701941918604694
TERM,3908,4075,0,0.5701941918604694
TERM,4076,4239,0,0.5701941918604694
TERM,4240,4454,0,0.5701941918604694
TERM,4455,4769,0,0.5701941918604694
TERM,4770,5072,0,0.5701941918604694
TERM,5073,5569,0,0.5701941918604694
TERM,5570,6063,0,0.5701941918604694
TERM,6064,6320,0,0.5701941918604694
TERM,6321,6519,0,0.5701941918604694
TERM,6520,6951,0,0.5701941918604694
TERM,6952,7318,0,0.5701941918604694
TERM,7319,7768,0,0.5701941918604694
TERM,7769,8059,0,0.5701941918604694
TERM,8060,8334,0,0.5701941918604694
TERM,8335,8409,0,0.5701941918604694
TERM,8410,8732,0,0.5701941918604694
TERM,8733,9232,0,0.5701941918604694
TERM,9233,9481,0,0.5701941918604694
TERM,9482,9816,0,0.5701941918604694
