channel,start_time,stop_time,label,confidence
TERM,1,396,0,0.6888316742147753
TERM,397,497,0,0.6888316742147753
TERM,498,749,0,0.6888316742147753
TERM,750,968,0,0.6888316742147753
TERM,969,1387,0,0.6888316742147753
TERM,1388,1808,0,0.6888316742147753
TERM,1809,1927,0,0.6888316742147753
TERM,1928,1966,0,0.6888316742147753
TERM,1967,2011,0,0.6888316742147753
TERM,2012,2404,0,0.6888316742147753
TERM,2405,2750,0,0.6888316742147753
TERM,2751,2843,0,0.6888316742147753
TERM,2844,3309,0,0.6888316742147753
TERM,3310,3656,0,0.6888316742147753
TERM,3657,4040,0,0.6888316742147753
TERM,4041,4195,0,0.6888316742147753
TERM,4196,4643,0,0.6888316742147753
TERM,4644,4689,0,0.6888316742147753
TERM,4690,5000,0,0.6888316742147753
TERM,5001,5368,0,0.6888316742147753
TERM,5369,5537,0,0.6888316742147753
TERM,5538,6024,0,0.6888316742147753
TERM,6025,6502,0,0.6888316742147753
TERM,6503,6882,0,0.6888316742147753
TERM,6883,7237,0,0.6888316742147753
TERM,7238,7583,0,0.6888316742147753
TERM,7584,7659,0,0.6888316742147753
TERM,7660,7847,0,0.6888316742147753
TERM,7848,8090,0,0.6888316742147753
TERM,8091,8186,0,0.6888316742147753
TERM,8187,8534,0,0.6888316742147753
TERM,8535,8821,0,0.6888316742147753
TERM,8822,9058,0,0.6888316742147753
TERM,9059,9198,0,0.6888316742147753
TERM,9199,9616,0,0.6888316742147753
TERM,9617,9783,0,0.6888316742147753
TERM,9784,10237,0,0.6888316742147753
TERM,10238,10622,0,0.6888316742147753
TERM,10623,10718,0,0.6888316742147753
TERM,10719,10795,0,0.6888316742147753
TERM,10796,11274,0,0.6888316742147753
TERM,11275,11431,0,0.6888316742147753
TERM,11432,11776,0,0.6888316742147753
TERM,11777,11922,0,0.6888316742147753
TERM,11923,12411,0,0.6888316742147753
TERM,12412,12558,0,0.6888316742147753
TERM,12559,12744,0,0.6888316742147753
TERM,12745,12891,0,0.6888316742147753
TERM,12892,13262,0,0.6888316742147753
TERM,13263,13285,0,0.6888316742147753
TERM,13286,13662,0,0.6888316742147753
TERM,13663,13952,0,0.6888316742147753
TERM,13953,14009,0,0.6888316742147753
TERM,14010,14032,0,0.6888316742147753
TERM,14033,14186,0,0.6888316742147753
TERM,14187,14476,0,0.6888316742147753
TERM,14477,14515,0,0.6888316742147753
TERM,14516,14631,0,0.6888316742147753
TERM,14632,14966,0,0.6888316742147753
TERM,14967,15460,0,0.6888316742147753
