channel,start_time,stop_time,label,confidence
TERM,1,135,0,0.3374178976854948
TERM,136,297,0,0.3374178976854948
TERM,298,657,0,0.3374178976854948
TERM,658,883,0,0.3374178976854948
TERM,884,1184,0,0.3374178976854948
TERM,1185,1433,0,0.3374178976854948
TERM,1434,1611,0,0.3374178976854948
TERM,1612,1762,0,0.3374178976854948
TERM,1763,1931,0,0.3374178976854948
TERM,1932,2016,0,0.3374178976854948
TERM,2017,2165,0,0.3374178976854948
TERM,2166,2367,0,0.3374178976854948
TERM,2368,2855,0,0.3374178976854948
