channel,start_time,stop_time,label,confidence
TERM,1,128,0,0.7133824766052697
TERM,129,171,0,0.7133824766052697
TERM,172,215,0,0.7133824766052697
TERM,216,492,0,0.7133824766052697
TERM,493,575,0,0.7133824766052697
TERM,576,716,0,0.7133824766052697
TERM,717,778,0,0.7133824766052697
TERM,779,869,0,0.7133824766052697
TERM,870,969,0,0.7133824766052697
TERM,970,1108,0,0.7133824766052697
TERM,1109,1127,0,0.7133824766052697
TERM,1128,1587,0,0.7133824766052697
TERM,1588,2077,0,0.7133824766052697
TERM,2078,2408,0,0.7133824766052697
TERM,2409,2478,0,0.7133824766052697
TERM,2479,2641,0,0.7133824766052697
TERM,2642,2864,0,0.7133824766052697
TERM,2865,2965,0,0.7133824766052697
TERM,2966,3177,0,0.7133824766052697
TERM,3178,3653,0,0.7133824766052697
TERM,3654,3730,0,0.7133824766052697
TERM,3731,4219,0,0.7133824766052697
TERM,4220,4669,0,0.7133824766052697
TERM,4670,4959,0,0.7133824766052697
TERM,4960,5154,0,0.7133824766052697
TERM,5155,5335,0,0.7133824766052697
TERM,5336,5808,0,0.7133824766052697
TERM,5809,5880,0,0.7133824766052697
TERM,5881,6066,0,0.7133824766052697
TERM,6067,6104,0,0.7133824766052697
TERM,6105,6568,0,0.7133824766052697
TERM,6569,6922,0,0.7133824766052697
