channel,start_time,stop_time,label,confidence
TERM,1,274,0,0.7039582509583358
TERM,275,381,0,0.7039582509583358
TERM,382,845,0,0.7039582509583358
TERM,846,1079,0,0.7039582509583358
TERM,1080,1343,0,0.7039582509583358
TERM,1344,1813,0,0.7039582509583358
TERM,1814,2079,0,0.7039582509583358
TERM,2080,2408,0,0.7039582509583358
TERM,2409,2906,0,0.7039582509583358
TERM,2907,3372,0,0.7039582509583358
TERM,3373,3815,0,0.7039582509583358
TERM,3816,4020,0,0.7039582509583358
TERM,4021,4339,0,0.7039582509583358
TERM,4340,4519,0,0.7039582509583358
TERM,4520,4564,0,0.7039582509583358
