channel,start_time,stop_time,label,confidence
TERM,1,350,0,0.6342068122974295
TERM,351,675,0,0.6342068122974295
TERM,676,1010,0,0.6342068122974295
TERM,1011,1103,0,0.6342068122974295
TERM,1104,1200,0,0.6342068122974295
TERM,1201,1283,0,0.6342068122974295
TERM,1284,1685,0,0.6342068122974295
TERM,1686,1709,0,0.6342068122974295
TERM,1710,1849,0,0.6342068122974295
TERM,1850,2189,0,0.6342068122974295
TERM,2190,2398,0,0.6342068122974295
TERM,2399,2451,0,0.6342068122974295
TERM,2452,2918,0,0.6342068122974295
TERM,2919,3245,0,0.6342068122974295
TERM,3246,3575,0,0.6342068122974295
TERM,3576,3915,0,0.6342068122974295
TERM,3916,4364,0,0.6342068122974295
TERM,4365,4438,0,0.6342068122974295
TERM,4439,4890,0,0.6342068122974295
TERM,4891,4947,0,0.6342068122974295
TERM,4948,5418,0,0.6342068122974295
TERM,5419,5583,0,0.6342068122974295
TERM,5584,5929,0,0.6342068122974295
TERM,5930,6217,0,0.6342068122974295
TERM,6218,6564,0,0.6342068122974295
TERM,6565,6752,0,0.6342068122974295
TERM,6753,6950,0,0.6342068122974295
TERM,6951,7380,0,0.6342068122974295
TERM,7381,7781,0,0.6342068122974295
TERM,7782,8076,0,0.6342068122974295
TERM,8077,8562,0,0.6342068122974295
TERM,8563,8634,0,0.6342068122974295
TERM,8635,8849,0,0.6342068122974295
TERM,8850,9213,0,0.6342068122974295
TERM,9214,9241,0,0.6342068122974295
TERM,9242,9702,0,0.6342068122974295
TERM,9703,10097,0,0.6342068122974295
TERM,10098,10322,0,0.6342068122974295
TERM,10323,10375,0,0.6342068122974295
TERM,10376,10531,0,0.6342068122974295
TERM,10532,10576,0,0.6342068122974295
TERM,10577,10736,0,0.6342068122974295
TERM,10737,10947,0,0.6342068122974295
TERM,10948,11299,0,0.6342068122974295
TERM,11300,11590,0,0.6342068122974295
TERM,11591,11822,0,0.6342068122974295
TERM,11823,12109,0,0.6342068122974295
TERM,12110,12237,0,0.6342068122974295
TERM,12238,12367,0,0.6342068122974295
TERM,12368,12743,0,0.6342068122974295
TERM,12744,12843,0,0.6342068122974295
TERM,12844,13027,0,0.6342068122974295
TERM,13028,13338,0,0.6342068122974295
TERM,13339,13655,0,0.6342068122974295
TERM,13656,13706,0,0.6342068122974295
TERM,13707,14015,0,0.6342068122974295
TERM,14016,14456,0,0.6342068122974295
TERM,14457,14755,0,0.6342068122974295
TERM,14756,15021,0,0.6342068122974295
TERM,15022,15159,0,0.6342068122974295
TERM,15160,15531,0,0.6342068122974295
TERM,15532,15620,0,0.6342068122974295
TERM,15621,15842,0,0.6342068122974295
TERM,15843,15975,0,0.6342068122974295
