channel,start_time,stop_time,label,confidence
TERM,1,360,0,0.6826490680521815
TERM,361,618,0,0.6826490680521815
TERM,619,739,0,0.6826490680521815
TERM,740,1177,0,0.6826490680521815
TERM,1178,1288,0,0.6826490680521815
TERM,1289,1419,0,0.6826490680521815
TERM,1420,1453,0,0.6826490680521815
TERM,1454,1525,0,0.6826490680521815
TERM,1526,1697,0,0.6826490680521815
TERM,1698,1881,0,0.6826490680521815
TERM,1882,2053,0,0.6826490680521815
TERM,2054,2336,0,0.6826490680521815
TERM,2337,2421,0,0.6826490680521815
TERM,2422,2854,0,0.6826490680521815
TERM,2855,3249,0,0.6826490680521815
TERM,3250,3437,0,0.6826490680521815
TERM,3438,3646,0,0.6826490680521815
TERM,3647,4102,0,0.6826490680521815
TERM,4103,4248,0,0.6826490680521815
TERM,4249,4633,0,0.6826490680521815
TERM,4634,4722,0,0.6826490680521815
TERM,4723,5106,0,0.6826490680521815
TERM,5107,5271,0,0.6826490680521815
TERM,5272,5453,0,0.6826490680521815
TERM,5454,5880,0,0.6826490680521815
TERM,5881,6158,0,0.6826490680521815
TERM,6159,6291,0,0.6826490680521815
TERM,6292,6616,0,0.6826490680521815
TERM,6617,6813,0,0.6826490680521815
TERM,6814,6950,0,0.6826490680521815
TERM,6951,7435,0,0.6826490680521815
TERM,7436,7508,0,0.6826490680521815
TERM,7509,7760,0,0.6826490680521815
TERM,7761,7789,0,0.6826490680521815
TERM,7790,7968,0,0.6826490680521815
TERM,7969,8429,0,0.6826490680521815
TERM,8430,8531,0,0.6826490680521815
TERM,8532,8905,0,0.6826490680521815
TERM,8906,9211,0,0.6826490680521815
TERM,9212,9360,0,0.6826490680521815
TERM,9361,9751,0,0.6826490680521815
TERM,9752,10215,0,0.6826490680521815
TERM,10216,10686,0,0.6826490680521815
TERM,10687,10980,0,0.6826490680521815
TERM,10981,11112,0,0.6826490680521815
TERM,11113,11542,0,0.6826490680521815
TERM,11543,11774,0,0.6826490680521815
TERM,11775,11915,0,0.6826490680521815
