channel,start_time,stop_time,label,confidence
TERM,1,234,0,0.7687014759080595
TERM,235,676,0,0.7687014759080595
TERM,677,897,0,0.7687014759080595
TERM,898,1249,0,0.7687014759080595
TERM,1250,1414,0,0.7687014759080595
TERM,1415,1847,0,0.7687014759080595
TERM,1848,2118,0,0.7687014759080595
TERM,2119,2267,0,0.7687014759080595
TERM,2268,2482,0,0.7687014759080595
TERM,2483,2554,0,0.7687014759080595
TERM,2555,3004,0,0.7687014759080595
TERM,3005,3135,0,0.7687014759080595
TERM,3136,3579,0,0.7687014759080595
TERM,3580,3923,0,0.7687014759080595
TERM,3924,4183,0,0.7687014759080595
