channel,start_time,stop_time,label,confidence
TERM,1,204,0,0.6061884766844243
TERM,205,530,0,0.6061884766844243
TERM,531,826,0,0.6061884766844243
TERM,827,1031,0,0.6061884766844243
TERM,1032,1489,0,0.6061884766844243
TERM,1490,1874,0,0.6061884766844243
TERM,1875,1942,0,0.6061884766844243
TERM,1943,1963,0,0.6061884766844243
TERM,1964,2060,0,0.6061884766844243
TERM,2061,2511,0,0.6061884766844243
TERM,2512,2694,0,0.6061884766844243
TERM,2695,3127,0,0.6061884766844243
TERM,3128,3418,0,0.6061884766844243
TERM,3419,3569,0,0.6061884766844243
TERM,3570,3796,0,0.6061884766844243
TERM,3797,3899,0,0.6061884766844243
TERM,3900,4375,0,0.6061884766844243
TERM,4376,4817,0,0.6061884766844243
TERM,4818,4923,0,0.6061884766844243
TERM,4924,5201,0,0.6061884766844243
TERM,5202,5570,0,0.6061884766844243
TERM,5571,5820,0,0.6061884766844243
TERM,5821,6145,0,0.6061884766844243
TERM,6146,6611,0,0.6061884766844243
TERM,6612,6885,0,0.6061884766844243
TERM,6886,7278,0,0.6061884766844243
TERM,7279,7692,0,0.6061884766844243
TERM,7693,8056,0,0.6061884766844243
TERM,8057,8475,0,0.6061884766844243
TERM,8476,8793,0,0.6061884766844243
TERM,8794,8826,0,0.6061884766844243
TERM,8827,8952,0,0.6061884766844243
TERM,8953,9221,0,0.6061884766844243
TERM,9222,9366,0,0.6061884766844243
TERM,9367,9557,0,0.6061884766844243
TERM,9558,9567,0,0.6061884766844243
