channel,start_time,stop_time,label,confidence
TERM,1,337,0,0.5660785615180512
TERM,338,689,0,0.5660785615180512
TERM,690,1011,0,0.5660785615180512
TERM,1012,1242,0,0.5660785615180512
TERM,1243,1628,0,0.5660785615180512
TERM,1629,2037,0,0.5660785615180512
TERM,2038,2337,0,0.5660785615180512
TERM,2338,2646,0,0.5660785615180512
TERM,2647,2793,0,0.5660785615180512
TERM,2794,3051,0,0.5660785615180512
TERM,3052,3368,0,0.5660785615180512
TERM,3369,3433,0,0.5660785615180512
TERM,3434,3748,0,0.5660785615180512
TERM,3749,4058,0,0.5660785615180512
