channel,start_time,stop_time,label,confidence
TERM,1,295,0,0.5291444821170986
TERM,296,598,0,0.5291444821170986
TERM,599,742,0,0.5291444821170986
TERM,743,758,0,0.5291444821170986
TERM,759,1063,0,0.5291444821170986
TERM,1064,1534,0,0.5291444821170986
TERM,1535,1941,0,0.5291444821170986
TERM,1942,2294,0,0.5291444821170986
TERM,2295,2552,0,0.5291444821170986
TERM,2553,2717,0,0.5291444821170986
TERM,2718,3172,0,0.5291444821170986
TERM,3173,3610,0,0.5291444821170986
TERM,3611,3892,0,0.5291444821170986
TERM,3893,4191,0,0.5291444821170986
TERM,4192,4587,0,0.5291444821170986
TERM,4588,4824,0,0.5291444821170986
TERM,4825,5248,0,0.5291444821170986
TERM,5249,5536,0,0.5291444821170986
TERM,5537,5984,0,0.5291444821170986
TERM,5985,6109,0,0.5291444821170986
TERM,6110,6219,0,0.5291444821170986
TERM,6220,6516,0,0.5291444821170986
TERM,6517,6849,0,0.5291444821170986
TERM,6850,7011,0,0.5291444821170986
TERM,7012,7064,0,0.5291444821170986
TERM,7065,7121,0,0.5291444821170986
