channel,start_time,stop_time,label,confidence
TERM,1,369,0,0.741270322225122
TERM,370,747,0,0.741270322225122
TERM,748,1211,0,0.741270322225122
TERM,1212,1458,0,0.741270322225122
TERM,1459,1835,0,0.741270322225122
TERM,1836,2079,0,0.741270322225122
TERM,2080,2572,0,0.741270322225122
TERM,2573,2648,0,0.741270322225122
TERM,2649,2686,0,0.741270322225122
TERM,2687,2737,0,0.741270322225122
TERM,2738,3015,0,0.741270322225122
TERM,3016,3199,0,0.741270322225122
TERM,3200,3677,0,0.741270322225122
TERM,3678,4012,0,0.741270322225122
TERM,4013,4064,0,0.741270322225122
TERM,4065,4206,0,0.741270322225122
TERM,4207,4497,0,0.741270322225122
TERM,4498,4778,0,0.741270322225122
TERM,4779,5117,0,0.741270322225122
TERM,5118,5361,0,0.741270322225122
TERM,5362,5811,0,0.741270322225122
TERM,5812,5894,0,0.741270322225122
TERM,5895,6388,0,0.741270322225122
TERM,6389,6638,0,0.741270322225122
TERM,6639,6839,0,0.741270322225122
TERM,6840,7217,0,0.741270322225122
TERM,7218,7254,0,0.741270322225122
TERM,7255,7294,0,0.741270322225122
TERM,7295,7399,0,0.741270322225122
TERM,7400,7792,0,0.741270322225122
TERM,7793,7898,0,0.741270322225122
TERM,7899,8106,0,0.741270322225122
