channel,start_time,stop_time,label,confidence
TERM,1,288,0,0.8205691107932845
TERM,289,530,0,0.8205691107932845
TERM,531,574,0,0.8205691107932845
TERM,575,640,0,0.8205691107932845
TERM,641,1013,0,0.8205691107932845
TERM,1014,1485,0,0.8205691107932845
TERM,1486,1857,0,0.8205691107932845
TERM,1858,2110,0,0.8205691107932845
TERM,2111,2431,0,0.8205691107932845
TERM,2432,2801,0,0.8205691107932845
TERM,2802,2827,0,0.8205691107932845
