channel,start_time,stop_time,label,confidence
TERM,1,51,0,0.6684330507499637
TERM,52,357,0,0.6684330507499637
TERM,358,559,0,0.6684330507499637
TERM,560,951,0,0.6684330507499637
TERM,952,1236,0,0.6684330507499637
TERM,1237,1485,0,0.6684330507499637
TERM,1486,1928,0,0.6684330507499637
TERM,1929,2152,0,0.6684330507499637
TERM,2153,2624,0,0.6684330507499637
TERM,2625,2941,0,0.6684330507499637
TERM,2942,3282,0,0.6684330507499637
TERM,3283,3485,0,0.6684330507499637
TERM,3486,3648,0,0.6684330507499637
TERM,3649,4137,0,0.6684330507499637
TERM,4138,4537,0,0.6684330507499637
TERM,4538,4566,0,0.6684330507499637
TERM,4567,4705,0,0.6684330507499637
TERM,4706,4758,0,0.6684330507499637
TERM,4759,5176,0,0.6684330507499637
TERM,5177,5384,0,0.6684330507499637
TERM,5385,5514,0,0.6684330507499637
TERM,5515,5625,0,0.6684330507499637
TERM,5626,6091,0,0.6684330507499637
TERM,6092,6360,0,0.6684330507499637
TERM,6361,6401,0,0.6684330507499637
TERM,6402,6538,0,0.6684330507499637
TERM,6539,6979,0,0.6684330507499637
TERM,6980,7234,0,0.6684330507499637
TERM,7235,7520,0,0.6684330507499637
TERM,7521,7772,0,0.6684330507499637
TERM,7773,8156,0,0.6684330507499637
TERM,8157,8329,0,0.6684330507499637
TERM,8330,8415,0,0.6684330507499637
