channel,start_time,stop_time,label,confidence
TERM,1,360,0,0.5332422343621495
TERM,361,750,0,0.5332422343621495
TERM,751,1081,0,0.5332422343621495
TERM,1082,1145,0,0.5332422343621495
TERM,1146,1276,0,0.5332422343621495
TERM,1277,1349,0,0.5332422343621495
TERM,1350,1426,0,0.5332422343621495
TERM,1427,1790,0,0.5332422343621495
TERM,1791,2064,0,0.5332422343621495
TERM,2065,2425,0,0.5332422343621495
TERM,2426,2610,0,0.5332422343621495
TERM,2611,2785,0,0.5332422343621495
TERM,2786,3230,0,0.5332422343621495
TERM,3231,3534,0,0.5332422343621495
TERM,3535,3564,0,0.5332422343621495
TERM,3565,3613,0,0.5332422343621495
TERM,3614,4072,0,0.5332422343621495
TERM,4073,4117,0,0.5332422343621495
TERM,4118,4506,0,0.5332422343621495
TERM,4507,4708,0,0.5332422343621495
TERM,4709,4823,0,0.5332422343621495
TERM,4824,5042,0,0.5332422343621495
TERM,5043,5237,0,0.5332422343621495
TERM,5238,5723,0,0.5332422343621495
TERM,5724,5762,0,0.5332422343621495
TERM,5763,6081,0,0.5332422343621495
TERM,6082,6545,0,0.5332422343621495
TERM,6546,6905,0,0.5332422343621495
TERM,6906,7292,0,0.5332422343621495
TERM,7293,7460,0,0.5332422343621495
TERM,7461,7750,0,0.5332422343621495
TERM,7751,8227,0,0.5332422343621495
TERM,8228,8635,0,0.5332422343621495
TERM,8636,8763,0,0.5332422343621495
TERM,8764,9240,0,0.5332422343621495
TERM,9241,9615,0,0.5332422343621495
TERM,9616,9904,0,0.5332422343621495
TERM,9905,10008,0,0.5332422343621495
TERM,10009,10209,0,0.5332422343621495
TERM,10210,10251,0,0.5332422343621495
TERM,10252,10508,0,0.5332422343621495
TERM,10509,10778,0,0.5332422343621495
TERM,10779,11043,0,0.5332422343621495
TERM,11044,11332,0,0.5332422343621495
TERM,11333,11416,0,0.5332422343621495
TERM,11417,11907,0,0.5332422343621495
TERM,11908,12242,0,0.5332422343621495
TERM,12243,12373,0,0.5332422343621495
TERM,12374,12551,0,0.5332422343621495
TERM,12552,12850,0,0.5332422343621495
TERM,12851,13140,0,0.5332422343621495
TERM,13141,13448,0,0.5332422343621495
TERM,13449,13693,0,0.5332422343621495
TERM,13694,13983,0,0.5332422343621495
TERM,13984,14126,0,0.5332422343621495
TERM,14127,14238,0,0.5332422343621495
TERM,14239,14407,0,0.5332422343621495
TERM,14408,14561,0,0.5332422343621495
TERM,14562,14656,0,0.5332422343621495
TERM,14657,14954,0,0.5332422343621495
