channel,start_time,stop_time,label,confidence
TERM,1,337,0,0.6710998975826635
TERM,338,774,0,0.6710998975826635
TERM,775,801,0,0.6710998975826635
TERM,802,1249,0,0.6710998975826635
TERM,1250,1498,0,0.6710998975826635
TERM,1499,1537,0,0.6710998975826635
TERM,1538,1959,0,0.6710998975826635
TERM,1960,2263,0,0.6710998975826635
TERM,2264,2392,0,0.6710998975826635
TERM,2393,2626,0,0.6710998975826635
TERM,2627,3089,0,0.6710998975826635
TERM,3090,3568,0,0.6710998975826635
TERM,3569,3911,0,0.6710998975826635
TERM,3912,4365,0,0.6710998975826635
TERM,4366,4390,0,0.6710998975826635
TERM,4391,4702,0,0.6710998975826635
TERM,4703,5164,0,0.6710998975826635
TERM,5165,5646,0,0.6710998975826635
TERM,5647,6144,0,0.6710998975826635
TERM,6145,6588,0,0.6710998975826635
TERM,6589,6598,0,0.6710998975826635
TERM,6599,7088,0,0.6710998975826635
TERM,7089,7215,0,0.6710998975826635
TERM,7216,7500,0,0.6710998975826635
TERM,7501,7968,0,0.6710998975826635
TERM,7969,8142,0,0.6710998975826635
TERM,8143,8262,0,0.6710998975826635
TERM,8263,8574,0,0.6710998975826635
TERM,8575,8938,0,0.6710998975826635
TERM,8939,9148,0,0.6710998975826635
TERM,9149,9458,0,0.6710998975826635
TERM,9459,9884,0,0.6710998975826635
TERM,9885,10013,0,0.6710998975826635
TERM,10014,10187,0,0.6710998975826635
TERM,10188,10491,0,0.6710998975826635
TERM,10492,10616,0,0.6710998975826635
TERM,10617,10837,0,0.6710998975826635
TERM,10838,11059,0,0.6710998975826635
TERM,11060,11417,0,0.6710998975826635
TERM,11418,11768,0,0.6710998975826635
TERM,11769,12140,0,0.6710998975826635
TERM,12141,12416,0,0.6710998975826635
TERM,12417,12612,0,0.6710998975826635
TERM,12613,13087,0,0.6710998975826635
TERM,13088,13366,0,0.6710998975826635
TERM,13367,13704,0,0.6710998975826635
TERM,13705,13750,0,0.6710998975826635
TERM,13751,13791,0,0.6710998975826635
