channel,start_time,stop_time,label,confidence
TERM,1,402,0,0.5987007147478262
TERM,403,474,0,0.5987007147478262
TERM,475,886,0,0.5987007147478262
TERM,887,1305,0,0.5987007147478262
TERM,1306,1774,0,0.5987007147478262
TERM,1775,1839,0,0.5987007147478262
TERM,1840,2083,0,0.5987007147478262
TERM,2084,2382,0,0.5987007147478262
TERM,2383,2678,0,0.5987007147478262
TERM,2679,2940,0,0.5987007147478262
TERM,2941,3310,0,0.5987007147478262
TERM,3311,3613,0,0.5987007147478262
TERM,3614,4012,0,0.5987007147478262
TERM,4013,4137,0,0.5987007147478262
TERM,4138,4150,0,0.5987007147478262
TERM,4151,4259,0,0.5987007147478262
TERM,4260,4661,0,0.5987007147478262
TERM,4662,5120,0,0.5987007147478262
TERM,5121,5186,0,0.5987007147478262
TERM,5187,5492,0,0.5987007147478262
TERM,5493,5940,0,0.5987007147478262
TERM,5941,6387,0,0.5987007147478262
TERM,6388,6667,0,0.5987007147478262
TERM,6668,6732,0,0.5987007147478262
TERM,6733,7229,0,0.5987007147478262
TERM,7230,7712,0,0.5987007147478262
TERM,7713,7825,0,0.5987007147478262
TERM,7826,8190,0,0.5987007147478262
TERM,8191,8412,0,0.5987007147478262
TERM,8413,8730,0,0.5987007147478262
TERM,8731,8927,0,0.5987007147478262
TERM,8928,9124,0,0.5987007147478262
TERM,9125,9357,0,0.5987007147478262
TERM,9358,9399,0,0.5987007147478262
TERM,9400,9570,0,0.5987007147478262
TERM,9571,10064,0,0.5987007147478262
