channel,start_time,stop_time,label,confidence
TERM,1,19,0,0.645472302223413
TERM,20,421,0,0.645472302223413
TERM,422,579,0,0.645472302223413
TERM,580,735,0,0.645472302223413
TERM,736,1021,0,0.645472302223413
TERM,1022,1516,0,0.645472302223413
TERM,1517,1894,0,0.645472302223413
TERM,1895,2018,0,0.645472302223413
TERM,2019,2080,0,0.645472302223413
TERM,2081,2362,0,0.645472302223413
TERM,2363,2400,0,0.645472302223413
TERM,2401,2716,0,0.645472302223413
TERM,2717,2751,0,0.645472302223413
TERM,2752,2795,0,0.645472302223413
TERM,2796,2824,0,0.645472302223413
TERM,2825,2979,0,0.645472302223413
TERM,2980,3092,0,0.645472302223413
TERM,3093,3434,0,0.645472302223413
TERM,3435,3692,0,0.645472302223413
TERM,3693,4131,0,0.645472302223413
TERM,4132,4370,0,0.645472302223413
TERM,4371,4537,0,0.645472302223413
TERM,4538,4766,0,0.645472302223413
TERM,4767,5185,0,0.645472302223413
TERM,5186,5639,0,0.645472302223413
TERM,5640,5859,0,0.645472302223413
TERM,5860,5882,0,0.645472302223413
TERM,5883,6057,0,0.645472302223413
TERM,6058,6220,0,0.645472302223413
TERM,6221,6296,0,0.645472302223413
TERM,6297,6665,0,0.645472302223413
TERM,6666,7139,0,0.645472302223413
TERM,7140,7558,0,0.645472302223413
TERM,7559,7811,0,0.645472302223413
TERM,7812,8051,0,0.645472302223413
TERM,8052,8460,0,0.645472302223413
TERM,8461,8547,0,0.645472302223413
TERM,8548,8729,0,0.645472302223413
TERM,8730,9083,0,0.645472302223413
TERM,9084,9435,0,0.645472302223413
TERM,9436,9809,0,0.645472302223413
TERM,9810,10259,0,0.645472302223413
TERM,10260,10361,0,0.645472302223413
TERM,10362,10418,0,0.645472302223413
TERM,10419,10824,0,0.645472302223413
TERM,10825,11058,0,0.645472302223413
TERM,11059,11147,0,0.645472302223413
TERM,11148,11356,0,0.645472302223413
TERM,11357,11589,0,0.645472302223413
TERM,11590,11739,0,0.645472302223413
TERM,11740,12151,0,0.645472302223413
TERM,12152,12407,0,0.645472302223413
TERM,12408,12670,0,0.645472302223413
TERM,12671,12901,0,0.645472302223413
TERM,12902,13281,0,0.645472302223413
TERM,13282,13540,0,0.645472302223413
