channel,start_time,stop_time,label,confidence
TERM,1,280,0,0.7051218225448224
TERM,281,472,0,0.7051218225448224
TERM,473,529,0,0.7051218225448224
TERM,530,542,0,0.7051218225448224
TERM,543,608,0,0.7051218225448224
TERM,609,1083,0,0.7051218225448224
TERM,1084,1570,0,0.7051218225448224
TERM,1571,1928,0,0.7051218225448224
TERM,1929,2054,0,0.7051218225448224
TERM,2055,2115,0,0.7051218225448224
TERM,2116,2161,0,0.7051218225448224
TERM,2162,2233,0,0.7051218225448224
TERM,2234,2676,0,0.7051218225448224
TERM,2677,3007,0,0.7051218225448224
TERM,3008,3053,0,0.7051218225448224
TERM,3054,3136,0,0.7051218225448224
TERM,3137,3195,0,0.7051218225448224
TERM,3196,3344,0,0.7051218225448224
TERM,3345,3683,0,0.7051218225448224
TERM,3684,3725,0,0.7051218225448224
TERM,3726,4040,0,0.7051218225448224
TERM,4041,4084,0,0.7051218225448224
TERM,4085,4121,0,0.7051218225448224
TERM,4122,4568,0,0.7051218225448224
TERM,4569,4584,0,0.7051218225448224
TERM,4585,4804,0,0.7051218225448224
TERM,4805,5058,0,0.7051218225448224
TERM,5059,5302,0,0.7051218225448224
TERM,5303,5459,0,0.7051218225448224
TERM,5460,5739,0,0.7051218225448224
TERM,5740,6198,0,0.7051218225448224
TERM,6199,6689,0,0.7051218225448224
