channel,start_time,stop_time,label,confidence
TERM,1,446,0,0.6222174930486138
TERM,447,744,0,0.6222174930486138
TERM,745,846,0,0.6222174930486138
TERM,847,1065,0,0.6222174930486138
TERM,1066,1323,0,0.6222174930486138
TERM,1324,1385,0,0.6222174930486138
TERM,1386,1847,0,0.6222174930486138
TERM,1848,2200,0,0.6222174930486138
TERM,2201,2651,0,0.6222174930486138
TERM,2652,3107,0,0.6222174930486138
TERM,3108,3154,0,0.6222174930486138
