channel,start_time,stop_time,label,confidence
TERM,1,497,0,0.7310554079017021
TERM,498,712,0,0.7310554079017021
TERM,713,842,0,0.7310554079017021
TERM,843,1166,0,0.7310554079017021
TERM,1167,1542,0,0.7310554079017021
TERM,1543,1696,0,0.7310554079017021
TERM,1697,2096,0,0.7310554079017021
TERM,2097,2537,0,0.7310554079017021
TERM,2538,2801,0,0.7310554079017021
TERM,2802,3119,0,0.7310554079017021
TERM,3120,3441,0,0.7310554079017021
TERM,3442,3487,0,0.7310554079017021
TERM,3488,3597,0,0.7310554079017021
TERM,3598,3799,0,0.7310554079017021
TERM,3800,3970,0,0.7310554079017021
TERM,3971,4170,0,0.7310554079017021
TERM,4171,4293,0,0.7310554079017021
TERM,4294,4642,0,0.7310554079017021
TERM,4643,4708,0,0.7310554079017021
TERM,4709,5189,0,0.7310554079017021
TERM,5190,5340,0,0.7310554079017021
TERM,5341,5773,0,0.7310554079017021
TERM,5774,5992,0,0.7310554079017021
TERM,5993,6317,0,0.7310554079017021
TERM,6318,6351,0,0.7310554079017021
TERM,6352,6527,0,0.7310554079017021
TERM,6528,6828,0,0.7310554079017021
TERM,6829,6924,0,0.7310554079017021
TERM,6925,7209,0,0.7310554079017021
TERM,7210,7359,0,0.7310554079017021
TERM,7360,7491,0,0.7310554079017021
TERM,7492,7655,0,0.7310554079017021
TERM,7656,7764,0,0.7310554079017021
TERM,7765,8179,0,0.7310554079017021
TERM,8180,8296,0,0.7310554079017021
TERM,8297,8564,0,0.7310554079017021
TERM,8565,9006,0,0.7310554079017021
TERM,9007,9104,0,0.7310554079017021
TERM,9105,9242,0,0.7310554079017021
TERM,9243,9361,0,0.7310554079017021
TERM,9362,9381,0,0.7310554079017021
TERM,9382,9574,0,0.7310554079017021
TERM,9575,9720,0,0.7310554079017021
TERM,9721,10110,0,0.7310554079017021
TERM,10111,10347,0,0.7310554079017021
TERM,10348,10821,0,0.7310554079017021
TERM,10822,10922,0,0.7310554079017021
TERM,10923,11402,0,0.7310554079017021
