channel,start_time,stop_time,label,confidence
TERM,1,237,0,0.6580818121604517
TERM,238,653,0,0.6580818121604517
TERM,654,994,0,0.6580818121604517
TERM,995,1456,0,0.6580818121604517
TERM,1457,1538,0,0.6580818121604517
TERM,1539,1565,0,0.6580818121604517
TERM,1566,1732,0,0.6580818121604517
TERM,1733,1844,0,0.6580818121604517
TERM,1845,1963,0,0.6580818121604517
TERM,1964,1982,0,0.6580818121604517
TERM,1983,2169,0,0.6580818121604517
TERM,2170,2179,0,0.6580818121604517
TERM,2180,2499,0,0.6580818121604517
TERM,2500,2697,0,0.6580818121604517
TERM,2698,2893,0,0.6580818121604517
TERM,2894,3285,0,0.6580818121604517
TERM,3286,3397,0,0.6580818121604517
TERM,3398,3714,0,0.6580818121604517
TERM,3715,4041,0,0.6580818121604517
TERM,4042,4480,0,0.6580818121604517
TERM,4481,4679,0,0.6580818121604517
TERM,4680,4991,0,0.6580818121604517
TERM,4992,5444,0,0.6580818121604517
TERM,5445,5753,0,0.6580818121604517
TERM,5754,5829,0,0.6580818121604517
TERM,5830,6120,0,0.6580818121604517
TERM,6121,6297,0,0.6580818121604517
TERM,6298,6409,0,0.6580818121604517
