channel,start_time,stop_time,label,confidence
TERM,1,175,0,0.640840904651546
TERM,176,401,0,0.640840904651546
TERM,402,539,0,0.640840904651546
TERM,540,679,0,0.640840904651546
TERM,680,1127,0,0.640840904651546
TERM,1128,1297,0,0.640840904651546
TERM,1298,1480,0,0.640840904651546
TERM,1481,1801,0,0.640840904651546
TERM,1802,2248,0,0.640840904651546
TERM,2249,2614,0,0.640840904651546
TERM,2615,2834,0,0.640840904651546
TERM,2835,3332,0,0.640840904651546
TERM,3333,3559,0,0.640840904651546
TERM,3560,4037,0,0.640840904651546
TERM,4038,4521,0,0.640840904651546
TERM,4522,4533,0,0.640840904651546
TERM,4534,4581,0,0.640840904651546
TERM,4582,5025,0,0.640840904651546
TERM,5026,5119,0,0.640840904651546
TERM,5120,5591,0,0.640840904651546
TERM,5592,5900,0,0.640840904651546
TERM,5901,6341,0,0.640840904651546
TERM,6342,6394,0,0.640840904651546
TERM,6395,6707,0,0.640840904651546
TERM,6708,7127,0,0.640840904651546
TERM,7128,7545,0,0.640840904651546
TERM,7546,7671,0,0.640840904651546
TERM,7672,7745,0,0.640840904651546
TERM,7746,7892,0,0.640840904651546
TERM,7893,8346,0,0.640840904651546
