channel,start_time,stop_time,label,confidence
TERM,1,352,0,0.577663762795853
TERM,353,806,0,0.577663762795853
TERM,807,1161,0,0.577663762795853
TERM,1162,1262,0,0.577663762795853
TERM,1263,1545,0,0.577663762795853
TERM,1546,1872,0,0.577663762795853
TERM,1873,1964,0,0.577663762795853
TERM,1965,2266,0,0.577663762795853
TERM,2267,2540,0,0.577663762795853
TERM,2541,3029,0,0.577663762795853
TERM,3030,3209,0,0.577663762795853
TERM,3210,3404,0,0.577663762795853
TERM,3405,3812,0,0.577663762795853
TERM,3813,4005,0,0.577663762795853
TERM,4006,4136,0,0.577663762795853
TERM,4137,4277,0,0.577663762795853
TERM,4278,4574,0,0.577663762795853
TERM,4575,4965,0,0.577663762795853
TERM,4966,5113,0,0.577663762795853
TERM,5114,5458,0,0.577663762795853
TERM,5459,5641,0,0.577663762795853
TERM,5642,5788,0,0.577663762795853
TERM,5789,5835,0,0.577663762795853
TERM,5836,5920,0,0.577663762795853
TERM,5921,6217,0,0.577663762795853
TERM,6218,6589,0,0.577663762795853
TERM,6590,6809,0,0.577663762795853
TERM,6810,7192,0,0.577663762795853
TERM,7193,7294,0,0.577663762795853
TERM,7295,7743,0,0.577663762795853
TERM,7744,8222,0,0.577663762795853
TERM,8223,8523,0,0.577663762795853
TERM,8524,8693,0,0.577663762795853
TERM,8694,9048,0,0.577663762795853
TERM,9049,9255,0,0.577663762795853
TERM,9256,9751,0,0.577663762795853
TERM,9752,9817,0,0.577663762795853
TERM,9818,10037,0,0.577663762795853
TERM,10038,10265,0,0.577663762795853
TERM,10266,10420,0,0.577663762795853
TERM,10421,10837,0,0.577663762795853
TERM,10838,11241,0,0.577663762795853
TERM,11242,11653,0,0.577663762795853
TERM,11654,11694,0,0.577663762795853
TERM,11695,11936,0,0.577663762795853
TERM,11937,12258,0,0.577663762795853
TERM,12259,12680,0,0.577663762795853
TERM,12681,13039,0,0.577663762795853
