channel,start_time,stop_time,label,confidence
TERM,1,457,0,0.6934707542710516
TERM,458,783,0,0.6934707542710516
TERM,784,1033,0,0.6934707542710516
TERM,1034,1241,0,0.6934707542710516
TERM,1242,1431,0,0.6934707542710516
TERM,1432,1872,0,0.6934707542710516
TERM,1873,2143,0,0.6934707542710516
TERM,2144,2627,0,0.6934707542710516
TERM,2628,2788,0,0.6934707542710516
TERM,2789,2952,0,0.6934707542710516
TERM,2953,3067,0,0.6934707542710516
TERM,3068,3254,0,0.6934707542710516
TERM,3255,3534,0,0.6934707542710516
TERM,3535,3985,0,0.6934707542710516
TERM,3986,4217,0,0.6934707542710516
TERM,4218,4669,0,0.6934707542710516
TERM,4670,4961,0,0.6934707542710516
TERM,4962,5042,0,0.6934707542710516
TERM,5043,5443,0,0.6934707542710516
TERM,5444,5662,0,0.6934707542710516
TERM,5663,6076,0,0.6934707542710516
TERM,6077,6576,0,0.6934707542710516
TERM,6577,6611,0,0.6934707542710516
TERM,6612,6644,0,0.6934707542710516
TERM,6645,6797,0,0.6934707542710516
TERM,6798,6840,0,0.6934707542710516
TERM,6841,6902,0,0.6934707542710516
TERM,6903,7197,0,0.6934707542710516
TERM,7198,7561,0,0.6934707542710516
TERM,7562,7743,0,0.6934707542710516
TERM,7744,7954,0,0.6934707542710516
TERM,7955,8430,0,0.6934707542710516
TERM,8431,8676,0,0.6934707542710516
TERM,8677,8716,0,0.6934707542710516
TERM,8717,9070,0,0.6934707542710516
TERM,9071,9317,0,0.6934707542710516
TERM,9318,9419,0,0.6934707542710516
TERM,9420,9858,0,0.6934707542710516
TERM,9859,10035,0,0.6934707542710516
TERM,10036,10497,0,0.6934707542710516
TERM,10498,10846,0,0.6934707542710516
TERM,10847,10955,0,0.6934707542710516
TERM,10956,11401,0,0.6934707542710516
TERM,11402,11801,0,0.6934707542710516
TERM,11802,12072,0,0.6934707542710516
TERM,12073,12140,0,0.6934707542710516
TERM,12141,12502,0,0.6934707542710516
TERM,12503,12701,0,0.6934707542710516
