channel,start_time,stop_time,label,confidence
TERM,1,201,0,0.721044996231586
TERM,202,536,0,0.721044996231586
TERM,537,1007,0,0.721044996231586
TERM,1008,1316,0,0.721044996231586
TERM,1317,1570,0,0.721044996231586
TERM,1571,1644,0,0.721044996231586
TERM,1645,1710,0,0.721044996231586
TERM,1711,1761,0,0.721044996231586
TERM,1762,1784,0,0.721044996231586
TERM,1785,2243,0,0.721044996231586
TERM,2244,2379,0,0.721044996231586
TERM,2380,2390,0,0.721044996231586
TERM,2391,2886,0,0.721044996231586
TERM,2887,3161,0,0.721044996231586
TERM,3162,3372,0,0.721044996231586
TERM,3373,3703,0,0.721044996231586
TERM,3704,3842,0,0.721044996231586
TERM,3843,4237,0,0.721044996231586
TERM,4238,4690,0,0.721044996231586
TERM,4691,5168,0,0.721044996231586
TERM,5169,5505,0,0.721044996231586
TERM,5506,5889,0,0.721044996231586
TERM,5890,5975,0,0.721044996231586
TERM,5976,5993,0,0.721044996231586
TERM,5994,6091,0,0.721044996231586
TERM,6092,6571,0,0.721044996231586
TERM,6572,6835,0,0.721044996231586
TERM,6836,7032,0,0.721044996231586
TERM,7033,7051,0,0.721044996231586
TERM,7052,7157,0,0.721044996231586
TERM,7158,7651,0,0.721044996231586
TERM,7652,8102,0,0.721044996231586
TERM,8103,8112,0,0.721044996231586
TERM,8113,8541,0,0.721044996231586
TERM,8542,8892,0,0.721044996231586
TERM,8893,9061,0,0.721044996231586
TERM,9062,9484,0,0.721044996231586
TERM,9485,9547,0,0.721044996231586
TERM,9548,9795,0,0.721044996231586
TERM,9796,10166,0,0.721044996231586
TERM,10167,10338,0,0.721044996231586
TERM,10339,10519,0,0.721044996231586
TERM,10520,10926,0,0.721044996231586
TERM,10927,11003,0,0.721044996231586
TERM,11004,11306,0,0.721044996231586
TERM,11307,11649,0,0.721044996231586
TERM,11650,11719,0,0.721044996231586
TERM,11720,12014,0,0.721044996231586
