channel,start_time,stop_time,label,confidence
TERM,1,167,0,0.4909262947391422
TERM,168,317,0,0.4909262947391422
TERM,318,355,0,0.4909262947391422
TERM,356,610,0,0.4909262947391422
TERM,611,1053,0,0.4909262947391422
TERM,1054,1496,0,0.4909262947391422
TERM,1497,1742,0,0.4909262947391422
TERM,1743,1799,0,0.4909262947391422
TERM,1800,1971,0,0.4909262947391422
TERM,1972,2227,0,0.4909262947391422
TERM,2228,2500,0,0.4909262947391422
