channel,start_time,stop_time,label,confidence
TERM,1,280,0,0.7593681495447598
TERM,281,393,0,0.7593681495447598
TERM,394,435,0,0.7593681495447598
TERM,436,673,0,0.7593681495447598
TERM,674,703,0,0.7593681495447598
TERM,704,867,0,0.7593681495447598
TERM,868,1318,0,0.7593681495447598
TERM,1319,1796,0,0.7593681495447598
TERM,1797,2217,0,0.7593681495447598
TERM,2218,2401,0,0.7593681495447598
TERM,2402,2525,0,0.7593681495447598
TERM,2526,2572,0,0.7593681495447598
TERM,2573,2760,0,0.7593681495447598
TERM,2761,2996,0,0.7593681495447598
TERM,2997,3345,0,0.7593681495447598
TERM,3346,3674,0,0.7593681495447598
