channel,start_time,stop_time,label,confidence
TERM,1,487,0,0.590897552232045
TERM,488,585,0,0.590897552232045
TERM,586,726,0,0.590897552232045
TERM,727,1139,0,0.590897552232045
TERM,1140,1320,0,0.590897552232045
TERM,1321,1505,0,0.590897552232045
TERM,1506,1718,0,0.590897552232045
TERM,1719,2130,0,0.590897552232045
TERM,2131,2553,0,0.590897552232045
TERM,2554,2628,0,0.590897552232045
TERM,2629,2660,0,0.590897552232045
TERM,2661,2675,0,0.590897552232045
TERM,2676,3003,0,0.590897552232045
TERM,3004,3306,0,0.590897552232045
TERM,3307,3779,0,0.590897552232045
TERM,3780,4179,0,0.590897552232045
TERM,4180,4325,0,0.590897552232045
TERM,4326,4441,0,0.590897552232045
TERM,4442,4627,0,0.590897552232045
TERM,4628,4968,0,0.590897552232045
TERM,4969,5337,0,0.590897552232045
TERM,5338,5583,0,0.590897552232045
TERM,5584,5860,0,0.590897552232045
TERM,5861,6094,0,0.590897552232045
TERM,6095,6504,0,0.590897552232045
TERM,6505,6991,0,0.590897552232045
TERM,6992,7173,0,0.590897552232045
TERM,7174,7276,0,0.590897552232045
TERM,7277,7628,0,0.590897552232045
TERM,7629,7834,0,0.590897552232045
TERM,7835,7863,0,0.590897552232045
TERM,7864,8291,0,0.590897552232045
TERM,8292,8402,0,0.590897552232045
TERM,8403,8813,0,0.590897552232045
TERM,8814,9046,0,0.590897552232045
TERM,9047,9482,0,0.590897552232045
TERM,9483,9895,0,0.590897552232045
TERM,9896,10335,0,0.590897552232045
TERM,10336,10351,0,0.590897552232045
TERM,10352,10409,0,0.590897552232045
TERM,10410,10761,0,0.590897552232045
TERM,10762,10880,0,0.590897552232045
TERM,10881,11168,0,0.590897552232045
TERM,11169,11459,0,0.590897552232045
TERM,11460,11737,0,0.590897552232045
TERM,11738,12032,0,0.590897552232045
TERM,12033,12322,0,0.590897552232045
TERM,12323,12820,0,0.590897552232045
TERM,12821,13293,0,0.590897552232045
TERM,13294,13620,0,0.590897552232045
TERM,13621,13934,0,0.590897552232045
TERM,13935,13989,0,0.590897552232045
TERM,13990,14074,0,0.590897552232045
TERM,14075,14441,0,0.590897552232045
TERM,14442,14609,0,0.590897552232045
TERM,14610,14672,0,0.590897552232045
TERM,14673,14918,0,0.590897552232045
TERM,14919,15387,0,0.590897552232045
TERM,15388,15724,0,0.590897552232045
TERM,15725,16167,0,0.590897552232045
TERM,16168,16507,0,0.590897552232045
TERM,16508,16856,0,0.590897552232045
TERM,16857,17201,0,0.590897552232045
TERM,17202,17294,0,0.590897552232045
TERM,17295,17385,0,0.590897552232045
TERM,17386,17706,0,0.590897552232045
