channel,start_time,stop_time,label,confidence
TERM,1,439,0,0.7150135744733445
TERM,440,540,0,0.7150135744733445
TERM,541,798,0,0.7150135744733445
TERM,799,965,0,0.7150135744733445
TERM,966,1366,0,0.7150135744733445
TERM,1367,1416,0,0.7150135744733445
TERM,1417,1714,0,0.7150135744733445
TERM,1715,1864,0,0.7150135744733445
TERM,1865,2241,0,0.7150135744733445
TERM,2242,2593,0,0.7150135744733445
TERM,2594,3005,0,0.7150135744733445
