channel,start_time,stop_time,label,confidence
TERM,1,51,0,0.5050426004314716
TERM,52,339,0,0.5050426004314716
TERM,340,414,0,0.5050426004314716
TERM,415,587,0,0.5050426004314716
TERM,588,1028,0,0.5050426004314716
TERM,1029,1496,0,0.5050426004314716
TERM,1497,1809,0,0.5050426004314716
TERM,1810,2235,0,0.5050426004314716
TERM,2236,2664,0,0.5050426004314716
TERM,2665,3097,0,0.5050426004314716
TERM,3098,3274,0,0.5050426004314716
TERM,3275,3436,0,0.5050426004314716
TERM,3437,3844,0,0.5050426004314716
TERM,3845,4150,0,0.5050426004314716
TERM,4151,4506,0,0.5050426004314716
TERM,4507,4832,0,0.5050426004314716
TERM,4833,5050,0,0.5050426004314716
TERM,5051,5337,0,0.5050426004314716
TERM,5338,5376,0,0.5050426004314716
TERM,5377,5650,0,0.5050426004314716
TERM,5651,6120,0,0.5050426004314716
TERM,6121,6369,0,0.5050426004314716
TERM,6370,6840,0,0.5050426004314716
TERM,6841,7317,0,0.5050426004314716
TERM,7318,7749,0,0.5050426004314716
TERM,7750,8067,0,0.5050426004314716
TERM,8068,8148,0,0.5050426004314716
TERM,8149,8349,0,0.5050426004314716
TERM,8350,8623,0,0.5050426004314716
TERM,8624,8882,0,0.5050426004314716
TERM,8883,9223,0,0.5050426004314716
TERM,9224,9551,0,0.5050426004314716
TERM,9552,9746,0,0.5050426004314716
TERM,9747,9936,0,0.5050426004314716
TERM,9937,10216,0,0.5050426004314716
TERM,10217,10231,0,0.5050426004314716
TERM,10232,10686,0,0.5050426004314716
TERM,10687,11008,0,0.5050426004314716
TERM,11009,11218,0,0.5050426004314716
TERM,11219,11405,0,0.5050426004314716
TERM,11406,11524,0,0.5050426004314716
TERM,11525,11764,0,0.5050426004314716
TERM,11765,12069,0,0.5050426004314716
TERM,12070,12446,0,0.5050426004314716
TERM,12447,12726,0,0.5050426004314716
TERM,12727,12839,0,0.5050426004314716
TERM,12840,13095,0,0.5050426004314716
TERM,13096,13411,0,0.5050426004314716
TERM,13412,13737,0,0.5050426004314716
TERM,13738,14100,0,0.5050426004314716
TERM,14101,14168,0,0.5050426004314716
TERM,14169,14505,0,0.5050426004314716
TERM,14506,14594,0,0.5050426004314716
TERM,14595,14859,0,0.5050426004314716
TERM,14860,15073,0,0.5050426004314716
TERM,15074,15524,0,0.5050426004314716
TERM,15525,15690,0,0.5050426004314716
TERM,15691,16177,0,0.5050426004314716
TERM,16178,16460,0,0.5050426004314716
TERM,16461,16692,0,0.5050426004314716
TERM,16693,17093,0,0.5050426004314716
TERM,17094,17449,0,0.5050426004314716
TERM,17450,17752,0,0.5050426004314716
TERM,17753,18115,0,0.5050426004314716
TERM,18116,18289,0,0.5050426004314716
TERM,18290,18740,0,0.5050426004314716
