channel,start_time,stop_time,label,confidence
TERM,1,74,0,0.6862171443673286
TERM,75,147,0,0.6862171443673286
TERM,148,564,0,0.6862171443673286
TERM,565,910,0,0.6862171443673286
TERM,911,1167,0,0.6862171443673286
TERM,1168,1583,0,0.6862171443673286
TERM,1584,1954,0,0.6862171443673286
TERM,1955,2136,0,0.6862171443673286
TERM,2137,2580,0,0.6862171443673286
TERM,2581,3075,0,0.6862171443673286
TERM,3076,3384,0,0.6862171443673286
TERM,3385,3478,0,0.6862171443673286
TERM,3479,3552,0,0.6862171443673286
TERM,3553,3578,0,0.6862171443673286
TERM,3579,3700,0,0.6862171443673286
TERM,3701,3828,0,0.6862171443673286
TERM,3829,3856,0,0.6862171443673286
TERM,3857,4330,0,0.6862171443673286
TERM,4331,4789,0,0.6862171443673286
TERM,4790,5021,0,0.6862171443673286
TERM,5022,5157,0,0.6862171443673286
TERM,5158,5605,0,0.6862171443673286
TERM,5606,6022,0,0.6862171443673286
TERM,6023,6261,0,0.6862171443673286
TERM,6262,6510,0,0.6862171443673286
TERM,6511,6975,0,0.6862171443673286
TERM,6976,7425,0,0.6862171443673286
TERM,7426,7828,0,0.6862171443673286
TERM,7829,8114,0,0.6862171443673286
TERM,8115,8580,0,0.6862171443673286
TERM,8581,8896,0,0.6862171443673286
TERM,8897,9187,0,0.6862171443673286
