channel,start_time,stop_time,label,confidence
TERM,1,492,0,0.5797493151288067
TERM,493,607,0,0.5797493151288067
TERM,608,651,0,0.5797493151288067
TERM,652,996,0,0.5797493151288067
TERM,997,1292,0,0.5797493151288067
TERM,1293,1402,0,0.5797493151288067
TERM,1403,1651,0,0.5797493151288067
TERM,1652,1947,0,0.5797493151288067
TERM,1948,1973,0,0.5797493151288067
TERM,1974,2147,0,0.5797493151288067
TERM,2148,2189,0,0.5797493151288067
TERM,2190,2424,0,0.5797493151288067
TERM,2425,2848,0,0.5797493151288067
TERM,2849,3070,0,0.5797493151288067
TERM,3071,3466,0,0.5797493151288067
TERM,3467,3510,0,0.5797493151288067
TERM,3511,3662,0,0.5797493151288067
TERM,3663,4060,0,0.5797493151288067
TERM,4061,4341,0,0.5797493151288067
TERM,4342,4599,0,0.5797493151288067
TERM,4600,4815,0,0.5797493151288067
TERM,4816,4843,0,0.5797493151288067
TERM,4844,4926,0,0.5797493151288067
TERM,4927,5372,0,0.5797493151288067
TERM,5373,5622,0,0.5797493151288067
TERM,5623,6052,0,0.5797493151288067
TERM,6053,6090,0,0.5797493151288067
TERM,6091,6313,0,0.5797493151288067
TERM,6314,6479,0,0.5797493151288067
TERM,6480,6653,0,0.5797493151288067
TERM,6654,6711,0,0.5797493151288067
TERM,6712,7035,0,0.5797493151288067
TERM,7036,7415,0,0.5797493151288067
TERM,7416,7627,0,0.5797493151288067
TERM,7628,7737,0,0.5797493151288067
TERM,7738,8022,0,0.5797493151288067
TERM,8023,8510,0,0.5797493151288067
TERM,8511,8632,0,0.5797493151288067
TERM,8633,8761,0,0.5797493151288067
