channel,start_time,stop_time,label,confidence
TERM,1,385,0,0.3830252797615495
TERM,386,663,0,0.3830252797615495
TERM,664,806,0,0.3830252797615495
TERM,807,1181,0,0.3830252797615495
TERM,1182,1216,0,0.3830252797615495
TERM,1217,1369,0,0.3830252797615495
TERM,1370,1714,0,0.3830252797615495
TERM,1715,2203,0,0.3830252797615495
TERM,2204,2615,0,0.3830252797615495
TERM,2616,2903,0,0.3830252797615495
TERM,2904,3171,0,0.3830252797615495
