channel,start_time,stop_time,label,confidence
TERM,1,84,0,0.5855500190374905
TERM,85,429,0,0.5855500190374905
TERM,430,591,0,0.5855500190374905
TERM,592,679,0,0.5855500190374905
TERM,680,736,0,0.5855500190374905
TERM,737,1120,0,0.5855500190374905
TERM,1121,1205,0,0.5855500190374905
TERM,1206,1636,0,0.5855500190374905
TERM,1637,2015,0,0.5855500190374905
TERM,2016,2381,0,0.5855500190374905
TERM,2382,2401,0,0.5855500190374905
TERM,2402,2580,0,0.5855500190374905
TERM,2581,2670,0,0.5855500190374905
TERM,2671,2839,0,0.5855500190374905
TERM,2840,2856,0,0.5855500190374905
TERM,2857,3278,0,0.5855500190374905
TERM,3279,3736,0,0.5855500190374905
TERM,3737,3997,0,0.5855500190374905
TERM,3998,4245,0,0.5855500190374905
TERM,4246,4490,0,0.5855500190374905
TERM,4491,4858,0,0.5855500190374905
TERM,4859,5149,0,0.5855500190374905
