channel,start_time,stop_time,label,confidence
TERM,1,332,0,0.6414284794531651
TERM,333,543,0,0.6414284794531651
TERM,544,802,0,0.6414284794531651
TERM,803,1009,0,0.6414284794531651
TERM,1010,1084,0,0.6414284794531651
TERM,1085,1109,0,0.6414284794531651
TERM,1110,1167,0,0.6414284794531651
TERM,1168,1197,0,0.6414284794531651
TERM,1198,1386,0,0.6414284794531651
TERM,1387,1647,0,0.6414284794531651
TERM,1648,2044,0,0.6414284794531651
TERM,2045,2133,0,0.6414284794531651
TERM,2134,2625,0,0.6414284794531651
TERM,2626,2915,0,0.6414284794531651
TERM,2916,3335,0,0.6414284794531651
TERM,3336,3403,0,0.6414284794531651
TERM,3404,3578,0,0.6414284794531651
TERM,3579,3831,0,0.6414284794531651
TERM,3832,4001,0,0.6414284794531651
TERM,4002,4451,0,0.6414284794531651
TERM,4452,4491,0,0.6414284794531651
TERM,4492,4913,0,0.6414284794531651
TERM,4914,5170,0,0.6414284794531651
TERM,5171,5366,0,0.6414284794531651
TERM,5367,5654,0,0.6414284794531651
TERM,5655,5757,0,0.6414284794531651
TERM,5758,6142,0,0.6414284794531651
TERM,6143,6518,0,0.6414284794531651
TERM,6519,6904,0,0.6414284794531651
TERM,6905,6970,0,0.6414284794531651
TERM,6971,7340,0,0.6414284794531651
TERM,7341,7412,0,0.6414284794531651
TERM,7413,7781,0,0.6414284794531651
TERM,7782,7920,0,0.6414284794531651
TERM,7921,8179,0,0.6414284794531651
TERM,8180,8572,0,0.6414284794531651
TERM,8573,8684,0,0.6414284794531651
TERM,8685,9055,0,0.6414284794531651
TERM,9056,9428,0,0.6414284794531651
TERM,9429,9759,0,0.6414284794531651
TERM,9760,10142,0,0.6414284794531651
TERM,10143,10486,0,0.6414284794531651
TERM,10487,10593,0,0.6414284794531651
TERM,10594,10704,0,0.6414284794531651
TERM,10705,11028,0,0.6414284794531651
TERM,11029,11475,0,0.6414284794531651
TERM,11476,11838,0,0.6414284794531651
TERM,11839,11976,0,0.6414284794531651
TERM,11977,12232,0,0.6414284794531651
TERM,12233,12261,0,0.6414284794531651
TERM,12262,12503,0,0.6414284794531651
TERM,12504,12698,0,0.6414284794531651
TERM,12699,12772,0,0.6414284794531651
TERM,12773,12979,0,0.6414284794531651
TERM,12980,13134,0,0.6414284794531651
TERM,13135,13486,0,0.6414284794531651
