channel,start_time,stop_time,label,confidence
TERM,1,264,0,0.5192813706217868
TERM,265,550,0,0.5192813706217868
TERM,551,753,0,0.5192813706217868
TERM,754,1088,0,0.5192813706217868
TERM,1089,1358,0,0.5192813706217868
TERM,1359,1671,0,0.5192813706217868
TERM,1672,2106,0,0.5192813706217868
TERM,2107,2505,0,0.5192813706217868
TERM,2506,2975,0,0.5192813706217868
TERM,2976,3235,0,0.5192813706217868
TERM,3236,3505,0,0.5192813706217868
TERM,3506,3516,0,0.5192813706217868
TERM,3517,3674,0,0.5192813706217868
TERM,3675,3932,0,0.5192813706217868
TERM,3933,3986,0,0.5192813706217868
TERM,3987,4426,0,0.5192813706217868
TERM,4427,4876,0,0.5192813706217868
TERM,4877,4991,0,0.5192813706217868
TERM,4992,5203,0,0.5192813706217868
TERM,5204,5487,0,0.5192813706217868
TERM,5488,5920,0,0.5192813706217868
TERM,5921,6262,0,0.5192813706217868
