channel,start_time,stop_time,label,confidence
TERM,1,136,0,0.4701032176732861
TERM,137,450,0,0.4701032176732861
TERM,451,756,0,0.4701032176732861
TERM,757,976,0,0.4701032176732861
TERM,977,1113,0,0.4701032176732861
TERM,1114,1276,0,0.4701032176732861
TERM,1277,1623,0,0.4701032176732861
TERM,1624,1882,0,0.4701032176732861
TERM,1883,2273,0,0.4701032176732861
TERM,2274,2480,0,0.4701032176732861
TERM,2481,2701,0,0.4701032176732861
TERM,2702,2734,0,0.4701032176732861
TERM,2735,3163,0,0.4701032176732861
