channel,start_time,stop_time,label,confidence
TERM,1,78,0,0.5734006128340744
TERM,79,431,0,0.5734006128340744
TERM,432,649,0,0.5734006128340744
TERM,650,787,0,0.5734006128340744
TERM,788,940,0,0.5734006128340744
TERM,941,1252,0,0.5734006128340744
TERM,1253,1528,0,0.5734006128340744
TERM,1529,1600,0,0.5734006128340744
TERM,1601,1858,0,0.5734006128340744
TERM,1859,2308,0,0.5734006128340744
TERM,2309,2361,0,0.5734006128340744
TERM,2362,2470,0,0.5734006128340744
TERM,2471,2557,0,0.5734006128340744
TERM,2558,2706,0,0.5734006128340744
TERM,2707,3076,0,0.5734006128340744
TERM,3077,3164,0,0.5734006128340744
TERM,3165,3337,0,0.5734006128340744
TERM,3338,3616,0,0.5734006128340744
TERM,3617,3766,0,0.5734006128340744
TERM,3767,3960,0,0.5734006128340744
TERM,3961,4136,0,0.5734006128340744
TERM,4137,4301,0,0.5734006128340744
TERM,4302,4396,0,0.5734006128340744
TERM,4397,4709,0,0.5734006128340744
TERM,4710,4749,0,0.5734006128340744
TERM,4750,5021,0,0.5734006128340744
TERM,5022,5181,0,0.5734006128340744
TERM,5182,5505,0,0.5734006128340744
TERM,5506,5942,0,0.5734006128340744
TERM,5943,6338,0,0.5734006128340744
