channel,start_time,stop_time,label,confidence
TERM,1,95,0,0.6363407241267873
TERM,96,427,0,0.6363407241267873
TERM,428,919,0,0.6363407241267873
TERM,920,1160,0,0.6363407241267873
TERM,1161,1483,0,0.6363407241267873
TERM,1484,1935,0,0.6363407241267873
TERM,1936,2368,0,0.6363407241267873
TERM,2369,2495,0,0.6363407241267873
TERM,2496,2676,0,0.6363407241267873
TERM,2677,2858,0,0.6363407241267873
TERM,2859,3279,0,0.6363407241267873
TERM,3280,3705,0,0.6363407241267873
TERM,3706,4181,0,0.6363407241267873
TERM,4182,4657,0,0.6363407241267873
TERM,4658,4963,0,0.6363407241267873
TERM,4964,5037,0,0.6363407241267873
TERM,5038,5453,0,0.6363407241267873
TERM,5454,5790,0,0.6363407241267873
TERM,5791,6038,0,0.6363407241267873
TERM,6039,6167,0,0.6363407241267873
TERM,6168,6367,0,0.6363407241267873
TERM,6368,6408,0,0.6363407241267873
TERM,6409,6585,0,0.6363407241267873
TERM,6586,6647,0,0.6363407241267873
TERM,6648,6756,0,0.6363407241267873
TERM,6757,6939,0,0.6363407241267873
TERM,6940,7398,0,0.6363407241267873
TERM,7399,7600,0,0.6363407241267873
TERM,7601,7688,0,0.6363407241267873
TERM,7689,8050,0,0.6363407241267873
TERM,8051,8330,0,0.6363407241267873
TERM,8331,8408,0,0.6363407241267873
