channel,start_time,stop_time,label,confidence
TERM,1,61,0,0.5156038698301602
TERM,62,389,0,0.5156038698301602
TERM,390,618,0,0.5156038698301602
TERM,619,1045,0,0.5156038698301602
TERM,1046,1443,0,0.5156038698301602
TERM,1444,1879,0,0.5156038698301602
TERM,1880,2064,0,0.5156038698301602
TERM,2065,2309,0,0.5156038698301602
TERM,2310,2547,0,0.5156038698301602
TERM,2548,2967,0,0.5156038698301602
TERM,2968,3263,0,0.5156038698301602
TERM,3264,3339,0,0.5156038698301602
TERM,3340,3411,0,0.5156038698301602
TERM,3412,3822,0,0.5156038698301602
TERM,3823,3912,0,0.5156038698301602
TERM,3913,4139,0,0.5156038698301602
TERM,4140,4173,0,0.5156038698301602
TERM,4174,4517,0,0.5156038698301602
TERM,4518,4637,0,0.5156038698301602
TERM,4638,4875,0,0.5156038698301602
TERM,4876,4916,0,0.5156038698301602
TERM,4917,5412,0,0.5156038698301602
TERM,5413,5733,0,0.5156038698301602
TERM,5734,6142,0,0.5156038698301602
TERM,6143,6411,0,0.5156038698301602
TERM,6412,6525,0,0.5156038698301602
TERM,6526,6917,0,0.5156038698301602
TERM,6918,7247,0,0.5156038698301602
TERM,7248,7388,0,0.5156038698301602
TERM,7389,7399,0,0.5156038698301602
