channel,start_time,stop_time,label,confidence
TERM,1,103,0,0.5868419139819416
TERM,104,440,0,0.5868419139819416
TERM,441,629,0,0.5868419139819416
TERM,630,779,0,0.5868419139819416
TERM,780,981,0,0.5868419139819416
TERM,982,1064,0,0.5868419139819416
TERM,1065,1532,0,0.5868419139819416
TERM,1533,1603,0,0.5868419139819416
TERM,1604,1848,0,0.5868419139819416
TERM,1849,1864,0,0.5868419139819416
TERM,1865,2106,0,0.5868419139819416
TERM,2107,2299,0,0.5868419139819416
TERM,2300,2509,0,0.5868419139819416
TERM,2510,2639,0,0.5868419139819416
TERM,2640,2782,0,0.5868419139819416
TERM,2783,3135,0,0.5868419139819416
