channel,start_time,stop_time,label,confidence
TERM,1,274,0,0.5271672337864064
TERM,275,334,0,0.5271672337864064
TERM,335,828,0,0.5271672337864064
TERM,829,1306,0,0.5271672337864064
TERM,1307,1366,0,0.5271672337864064
TERM,1367,1403,0,0.5271672337864064
TERM,1404,1809,0,0.5271672337864064
TERM,1810,2291,0,0.5271672337864064
TERM,2292,2389,0,0.5271672337864064
TERM,2390,2569,0,0.5271672337864064
TERM,2570,2740,0,0.5271672337864064
TERM,2741,2866,0,0.5271672337864064
TERM,2867,2952,0,0.5271672337864064
TERM,2953,3040,0,0.5271672337864064
TERM,3041,3212,0,0.5271672337864064
TERM,3213,3656,0,0.5271672337864064
TERM,3657,3707,0,0.5271672337864064
TERM,3708,4177,0,0.5271672337864064
TERM,4178,4368,0,0.5271672337864064
TERM,4369,4814,0,0.5271672337864064
TERM,4815,5006,0,0.5271672337864064
TERM,5007,5071,0,0.5271672337864064
TERM,5072,5326,0,0.5271672337864064
TERM,5327,5605,0,0.5271672337864064
TERM,5606,6018,0,0.5271672337864064
TERM,6019,6235,0,0.5271672337864064
TERM,6236,6286,0,0.5271672337864064
TERM,6287,6601,0,0.5271672337864064
TERM,6602,7021,0,0.5271672337864064
TERM,7022,7323,0,0.5271672337864064
TERM,7324,7666,0,0.5271672337864064
TERM,7667,7714,0,0.5271672337864064
TERM,7715,7919,0,0.5271672337864064
TERM,7920,8253,0,0.5271672337864064
TERM,8254,8371,0,0.5271672337864064
TERM,8372,8682,0,0.5271672337864064
TERM,8683,8701,0,0.5271672337864064
TERM,8702,9085,0,0.5271672337864064
TERM,9086,9283,0,0.5271672337864064
TERM,9284,9655,0,0.5271672337864064
TERM,9656,10089,0,0.5271672337864064
TERM,10090,10230,0,0.5271672337864064
TERM,10231,10251,0,0.5271672337864064
TERM,10252,10397,0,0.5271672337864064
TERM,10398,10888,0,0.5271672337864064
TERM,10889,11039,0,0.5271672337864064
TERM,11040,11097,0,0.5271672337864064
TERM,11098,11362,0,0.5271672337864064
TERM,11363,11812,0,0.5271672337864064
TERM,11813,12225,0,0.5271672337864064
TERM,12226,12628,0,0.5271672337864064
TERM,12629,12962,0,0.5271672337864064
TERM,12963,13407,0,0.5271672337864064
TERM,13408,13499,0,0.5271672337864064
TERM,13500,13706,0,0.5271672337864064
TERM,13707,13750,0,0.5271672337864064
TERM,13751,14038,0,0.5271672337864064
TERM,14039,14140,0,0.5271672337864064
TERM,14141,14528,0,0.5271672337864064
TERM,14529,14647,0,0.5271672337864064
