channel,start_time,stop_time,label,confidence
TERM,1,166,0,0.6388496289126167
TERM,167,629,0,0.6388496289126167
TERM,630,1099,0,0.6388496289126167
TERM,1100,1273,0,0.6388496289126167
TERM,1274,1665,0,0.6388496289126167
TERM,1666,1861,0,0.6388496289126167
TERM,1862,2222,0,0.6388496289126167
TERM,2223,2410,0,0.6388496289126167
TERM,2411,2909,0,0.6388496289126167
TERM,2910,3035,0,0.6388496289126167
TERM,3036,3106,0,0.6388496289126167
TERM,3107,3342,0,0.6388496289126167
TERM,3343,3366,0,0.6388496289126167
TERM,3367,3459,0,0.6388496289126167
TERM,3460,3761,0,0.6388496289126167
TERM,3762,4060,0,0.6388496289126167
TERM,4061,4355,0,0.6388496289126167
TERM,4356,4583,0,0.6388496289126167
TERM,4584,4765,0,0.6388496289126167
TERM,4766,4934,0,0.6388496289126167
TERM,4935,4991,0,0.6388496289126167
TERM,4992,5471,0,0.6388496289126167
TERM,5472,5797,0,0.6388496289126167
TERM,5798,6231,0,0.6388496289126167
TERM,6232,6271,0,0.6388496289126167
TERM,6272,6582,0,0.6388496289126167
TERM,6583,6715,0,0.6388496289126167
TERM,6716,7101,0,0.6388496289126167
TERM,7102,7428,0,0.6388496289126167
TERM,7429,7593,0,0.6388496289126167
TERM,7594,7715,0,0.6388496289126167
TERM,7716,8200,0,0.6388496289126167
TERM,8201,8258,0,0.6388496289126167
