channel,start_time,stop_time,label,confidence
TERM,1,424,0,0.6641421910503169
TERM,425,547,0,0.6641421910503169
TERM,548,1009,0,0.6641421910503169
TERM,1010,1317,0,0.6641421910503169
TERM,1318,1551,0,0.6641421910503169
TERM,1552,1978,0,0.6641421910503169
TERM,1979,2163,0,0.6641421910503169
TERM,2164,2249,0,0.6641421910503169
TERM,2250,2350,0,0.6641421910503169
TERM,2351,2532,0,0.6641421910503169
TERM,2533,2992,0,0.6641421910503169
TERM,2993,3034,0,0.6641421910503169
TERM,3035,3262,0,0.6641421910503169
TERM,3263,3619,0,0.6641421910503169
TERM,3620,4009,0,0.6641421910503169
