channel,start_time,stop_time,label,confidence
TERM,1,223,0,0.6197771196592368
TERM,224,284,0,0.6197771196592368
TERM,285,652,0,0.6197771196592368
TERM,653,1028,0,0.6197771196592368
TERM,1029,1335,0,0.6197771196592368
TERM,1336,1660,0,0.6197771196592368
TERM,1661,2059,0,0.6197771196592368
TERM,2060,2412,0,0.6197771196592368
TERM,2413,2598,0,0.6197771196592368
TERM,2599,2702,0,0.6197771196592368
TERM,2703,2774,0,0.6197771196592368
TERM,2775,3076,0,0.6197771196592368
TERM,3077,3474,0,0.6197771196592368
TERM,3475,3735,0,0.6197771196592368
TERM,3736,3808,0,0.6197771196592368
TERM,3809,4078,0,0.6197771196592368
TERM,4079,4233,0,0.6197771196592368
TERM,4234,4547,0,0.6197771196592368
TERM,4548,4904,0,0.6197771196592368
TERM,4905,5143,0,0.6197771196592368
TERM,5144,5158,0,0.6197771196592368
TERM,5159,5350,0,0.6197771196592368
TERM,5351,5683,0,0.6197771196592368
TERM,5684,6001,0,0.6197771196592368
TERM,6002,6220,0,0.6197771196592368
TERM,6221,6515,0,0.6197771196592368
TERM,6516,6627,0,0.6197771196592368
TERM,6628,6675,0,0.6197771196592368
TERM,6676,6785,0,0.6197771196592368
TERM,6786,6795,0,0.6197771196592368
TERM,6796,6839,0,0.6197771196592368
TERM,6840,7097,0,0.6197771196592368
TERM,7098,7491,0,0.6197771196592368
TERM,7492,7682,0,0.6197771196592368
TERM,7683,8008,0,0.6197771196592368
TERM,8009,8388,0,0.6197771196592368
TERM,8389,8557,0,0.6197771196592368
TERM,8558,8938,0,0.6197771196592368
TERM,8939,9242,0,0.6197771196592368
TERM,9243,9265,0,0.6197771196592368
TERM,9266,9500,0,0.6197771196592368
TERM,9501,9869,0,0.6197771196592368
TERM,9870,10261,0,0.6197771196592368
TERM,10262,10630,0,0.6197771196592368
TERM,10631,10768,0,0.6197771196592368
TERM,10769,11131,0,0.6197771196592368
TERM,11132,11502,0,0.6197771196592368
TERM,11503,11915,0,0.6197771196592368
TERM,11916,11953,0,0.6197771196592368
TERM,11954,12213,0,0.6197771196592368
TERM,12214,12421,0,0.6197771196592368
TERM,12422,12628,0,0.6197771196592368
