channel,start_time,stop_time,label,confidence
TERM,1,438,0,0.5708901739743515
TERM,439,543,0,0.5708901739743515
TERM,544,587,0,0.5708901739743515
TERM,588,839,0,0.5708901739743515
TERM,840,1208,0,0.5708901739743515
TERM,1209,1659,0,0.5708901739743515
TERM,1660,1800,0,0.5708901739743515
TERM,1801,1969,0,0.5708901739743515
TERM,1970,2218,0,0.5708901739743515
TERM,2219,2375,0,0.5708901739743515
TERM,2376,2825,0,0.5708901739743515
TERM,2826,2892,0,0.5708901739743515
TERM,2893,3291,0,0.5708901739743515
TERM,3292,3588,0,0.5708901739743515
TERM,3589,3983,0,0.5708901739743515
TERM,3984,4410,0,0.5708901739743515
TERM,4411,4889,0,0.5708901739743515
TERM,4890,4920,0,0.5708901739743515
TERM,4921,5364,0,0.5708901739743515
TERM,5365,5560,0,0.5708901739743515
TERM,5561,5915,0,0.5708901739743515
TERM,5916,6290,0,0.5708901739743515
TERM,6291,6768,0,0.5708901739743515
TERM,6769,7060,0,0.5708901739743515
TERM,7061,7406,0,0.5708901739743515
TERM,7407,7824,0,0.5708901739743515
TERM,7825,8084,0,0.5708901739743515
TERM,8085,8461,0,0.5708901739743515
TERM,8462,8789,0,0.5708901739743515
TERM,8790,8863,0,0.5708901739743515
TERM,8864,9083,0,0.5708901739743515
TERM,9084,9502,0,0.5708901739743515
TERM,9503,9700,0,0.5708901739743515
TERM,9701,10157,0,0.5708901739743515
TERM,10158,10478,0,0.5708901739743515
TERM,10479,10635,0,0.5708901739743515
TERM,10636,10851,0,0.5708901739743515
TERM,10852,11136,0,0.5708901739743515
TERM,11137,11193,0,0.5708901739743515
TERM,11194,11564,0,0.5708901739743515
TERM,11565,11748,0,0.5708901739743515
TERM,11749,12109,0,0.5708901739743515
TERM,12110,12498,0,0.5708901739743515
TERM,12499,12535,0,0.5708901739743515
TERM,12536,12612,0,0.5708901739743515
TERM,12613,13071,0,0.5708901739743515
TERM,13072,13142,0,0.5708901739743515
TERM,13143,13483,0,0.5708901739743515
TERM,13484,13979,0,0.5708901739743515
TERM,13980,14021,0,0.5708901739743515
TERM,14022,14409,0,0.5708901739743515
TERM,14410,14547,0,0.5708901739743515
