channel,start_time,stop_time,label,confidence
TERM,1,392,0,0.6981883268282896
TERM,393,731,0,0.6981883268282896
TERM,732,912,0,0.6981883268282896
TERM,913,1340,0,0.6981883268282896
TERM,1341,1361,0,0.6981883268282896
TERM,1362,1470,0,0.6981883268282896
TERM,1471,1947,0,0.6981883268282896
TERM,1948,2399,0,0.6981883268282896
TERM,2400,2724,0,0.6981883268282896
TERM,2725,2842,0,0.6981883268282896
TERM,2843,2857,0,0.6981883268282896
TERM,2858,3336,0,0.6981883268282896
TERM,3337,3555,0,0.6981883268282896
TERM,3556,3729,0,0.6981883268282896
TERM,3730,3980,0,0.6981883268282896
TERM,3981,4206,0,0.6981883268282896
TERM,4207,4338,0,0.6981883268282896
TERM,4339,4507,0,0.6981883268282896
TERM,4508,4761,0,0.6981883268282896
TERM,4762,5054,0,0.6981883268282896
TERM,5055,5288,0,0.6981883268282896
TERM,5289,5676,0,0.6981883268282896
TERM,5677,5723,0,0.6981883268282896
TERM,5724,5882,0,0.6981883268282896
TERM,5883,6099,0,0.6981883268282896
TERM,6100,6287,0,0.6981883268282896
TERM,6288,6659,0,0.6981883268282896
TERM,6660,6922,0,0.6981883268282896
TERM,6923,7063,0,0.6981883268282896
TERM,7064,7117,0,0.6981883268282896
TERM,7118,7182,0,0.6981883268282896
TERM,7183,7383,0,0.6981883268282896
TERM,7384,7668,0,0.6981883268282896
TERM,7669,7940,0,0.6981883268282896
TERM,7941,8402,0,0.6981883268282896
TERM,8403,8735,0,0.6981883268282896
TERM,8736,9105,0,0.6981883268282896
TERM,9106,9599,0,0.6981883268282896
TERM,9600,9642,0,0.6981883268282896
TERM,9643,9993,0,0.6981883268282896
TERM,9994,10363,0,0.6981883268282896
TERM,10364,10700,0,0.6981883268282896
TERM,10701,11114,0,0.6981883268282896
TERM,11115,11184,0,0.6981883268282896
TERM,11185,11622,0,0.6981883268282896
TERM,11623,11662,0,0.6981883268282896
TERM,11663,11774,0,0.6981883268282896
TERM,11775,11910,0,0.6981883268282896
TERM,11911,12025,0,0.6981883268282896
TERM,12026,12432,0,0.6981883268282896
TERM,12433,12909,0,0.6981883268282896
TERM,12910,13348,0,0.6981883268282896
TERM,13349,13418,0,0.6981883268282896
TERM,13419,13725,0,0.6981883268282896
TERM,13726,14215,0,0.6981883268282896
TERM,14216,14514,0,0.6981883268282896
TERM,14515,14895,0,0.6981883268282896
TERM,14896,15093,0,0.6981883268282896
TERM,15094,15150,0,0.6981883268282896
TERM,15151,15193,0,0.6981883268282896
TERM,15194,15409,0,0.6981883268282896
TERM,15410,15697,0,0.6981883268282896
TERM,15698,16190,0,0.6981883268282896
TERM,16191,16408,0,0.6981883268282896
