channel,start_time,stop_time,label,confidence
TERM,1,281,0,0.7563017921511368
TERM,282,353,0,0.7563017921511368
TERM,354,788,0,0.7563017921511368
TERM,789,1082,0,0.7563017921511368
TERM,1083,1258,0,0.7563017921511368
TERM,1259,1447,0,0.7563017921511368
TERM,1448,1759,0,0.7563017921511368
TERM,1760,1986,0,0.7563017921511368
TERM,1987,2376,0,0.7563017921511368
TERM,2377,2465,0,0.7563017921511368
TERM,2466,2543,0,0.7563017921511368
TERM,2544,2769,0,0.7563017921511368
TERM,2770,2874,0,0.7563017921511368
TERM,2875,2908,0,0.7563017921511368
TERM,2909,3040,0,0.7563017921511368
TERM,3041,3387,0,0.7563017921511368
TERM,3388,3837,0,0.7563017921511368
TERM,3838,4140,0,0.7563017921511368
TERM,4141,4634,0,0.7563017921511368
TERM,4635,4761,0,0.7563017921511368
TERM,4762,4841,0,0.7563017921511368
TERM,4842,5219,0,0.7563017921511368
TERM,5220,5632,0,0.7563017921511368
TERM,5633,5982,0,0.7563017921511368
TERM,5983,6431,0,0.7563017921511368
TERM,6432,6685,0,0.7563017921511368
TERM,6686,7098,0,0.7563017921511368
TERM,7099,7581,0,0.7563017921511368
TERM,7582,8050,0,0.7563017921511368
TERM,8051,8430,0,0.7563017921511368
TERM,8431,8733,0,0.7563017921511368
TERM,8734,8903,0,0.7563017921511368
TERM,8904,9265,0,0.7563017921511368
TERM,9266,9588,0,0.7563017921511368
TERM,9589,9926,0,0.7563017921511368
TERM,9927,10263,0,0.7563017921511368
TERM,10264,10698,0,0.7563017921511368
TERM,10699,10859,0,0.7563017921511368
TERM,10860,11177,0,0.7563017921511368
TERM,11178,11420,0,0.7563017921511368
TERM,11421,11819,0,0.7563017921511368
TERM,11820,11879,0,0.7563017921511368
TERM,11880,12131,0,0.7563017921511368
TERM,12132,12284,0,0.7563017921511368
