channel,start_time,stop_time,label,confidence
TERM,1,290,0,0.7290924462022323
TERM,291,468,0,0.7290924462022323
TERM,469,542,0,0.7290924462022323
TERM,543,727,0,0.7290924462022323
TERM,728,1177,0,0.7290924462022323
TERM,1178,1429,0,0.7290924462022323
TERM,1430,1818,0,0.7290924462022323
TERM,1819,2290,0,0.7290924462022323
TERM,2291,2789,0,0.7290924462022323
TERM,2790,3241,0,0.7290924462022323
TERM,3242,3676,0,0.7290924462022323
