channel,start_time,stop_time,label,confidence
TERM,1,456,0,0.6029265413470408
TERM,457,716,0,0.6029265413470408
TERM,717,1214,0,0.6029265413470408
TERM,1215,1487,0,0.6029265413470408
TERM,1488,1941,0,0.6029265413470408
TERM,1942,2275,0,0.6029265413470408
TERM,2276,2757,0,0.6029265413470408
TERM,2758,3136,0,0.6029265413470408
TERM,3137,3395,0,0.6029265413470408
TERM,3396,3700,0,0.6029265413470408
TERM,3701,4083,0,0.6029265413470408
TERM,4084,4461,0,0.6029265413470408
TERM,4462,4803,0,0.6029265413470408
TERM,4804,4992,0,0.6029265413470408
TERM,4993,5226,0,0.6029265413470408
TERM,5227,5481,0,0.6029265413470408
TERM,5482,5963,0,0.6029265413470408
TERM,5964,6422,0,0.6029265413470408
TERM,6423,6437,0,0.6029265413470408
TERM,6438,6556,0,0.6029265413470408
TERM,6557,6590,0,0.6029265413470408
TERM,6591,6866,0,0.6029265413470408
TERM,6867,7022,0,0.6029265413470408
TERM,7023,7341,0,0.6029265413470408
TERM,7342,7512,0,0.6029265413470408
TERM,7513,7708,0,0.6029265413470408
TERM,7709,8100,0,0.6029265413470408
TERM,8101,8564,0,0.6029265413470408
TERM,8565,8867,0,0.6029265413470408
TERM,8868,8886,0,0.6029265413470408
TERM,8887,8922,0,0.6029265413470408
TERM,8923,9078,0,0.6029265413470408
TERM,9079,9422,0,0.6029265413470408
TERM,9423,9552,0,0.6029265413470408
TERM,9553,9925,0,0.6029265413470408
TERM,9926,10320,0,0.6029265413470408
TERM,10321,10753,0,0.6029265413470408
TERM,10754,10873,0,0.6029265413470408
TERM,10874,11055,0,0.6029265413470408
TERM,11056,11148,0,0.6029265413470408
TERM,11149,11420,0,0.6029265413470408
TERM,11421,11781,0,0.6029265413470408
TERM,11782,11970,0,0.6029265413470408
TERM,11971,12048,0,0.6029265413470408
TERM,12049,12318,0,0.6029265413470408
TERM,12319,12416,0,0.6029265413470408
TERM,12417,12785,0,0.6029265413470408
TERM,12786,13142,0,0.6029265413470408
