channel,start_time,stop_time,label,confidence
TERM,1,36,0,0.5802622430637496
TERM,37,112,0,0.5802622430637496
TERM,113,337,0,0.5802622430637496
TERM,338,383,0,0.5802622430637496
TERM,384,803,0,0.5802622430637496
TERM,804,886,0,0.5802622430637496
TERM,887,1222,0,0.5802622430637496
TERM,1223,1522,0,0.5802622430637496
TERM,1523,1935,0,0.5802622430637496
TERM,1936,2206,0,0.5802622430637496
TERM,2207,2598,0,0.5802622430637496
TERM,2599,2705,0,0.5802622430637496
TERM,2706,2940,0,0.5802622430637496
TERM,2941,3034,0,0.5802622430637496
TERM,3035,3385,0,0.5802622430637496
TERM,3386,3645,0,0.5802622430637496
TERM,3646,3772,0,0.5802622430637496
TERM,3773,4236,0,0.5802622430637496
TERM,4237,4569,0,0.5802622430637496
TERM,4570,5020,0,0.5802622430637496
TERM,5021,5167,0,0.5802622430637496
TERM,5168,5295,0,0.5802622430637496
TERM,5296,5760,0,0.5802622430637496
TERM,5761,6124,0,0.5802622430637496
TERM,6125,6163,0,0.5802622430637496
TERM,6164,6187,0,0.5802622430637496
TERM,6188,6517,0,0.5802622430637496
TERM,6518,6559,0,0.5802622430637496
TERM,6560,6868,0,0.5802622430637496
TERM,6869,7200,0,0.5802622430637496
TERM,7201,7378,0,0.5802622430637496
TERM,7379,7484,0,0.5802622430637496
TERM,7485,7508,0,0.5802622430637496
TERM,7509,7807,0,0.5802622430637496
TERM,7808,8282,0,0.5802622430637496
TERM,8283,8721,0,0.5802622430637496
TERM,8722,8838,0,0.5802622430637496
TERM,8839,9096,0,0.5802622430637496
TERM,9097,9246,0,0.5802622430637496
TERM,9247,9671,0,0.5802622430637496
TERM,9672,9848,0,0.5802622430637496
TERM,9849,10204,0,0.5802622430637496
TERM,10205,10678,0,0.5802622430637496
TERM,10679,11096,0,0.5802622430637496
TERM,11097,11182,0,0.5802622430637496
TERM,11183,11595,0,0.5802622430637496
TERM,11596,11995,0,0.5802622430637496
TERM,11996,12342,0,0.5802622430637496
TERM,12343,12670,0,0.5802622430637496
TERM,12671,12782,0,0.5802622430637496
TERM,12783,13139,0,0.5802622430637496
TERM,13140,13252,0,0.5802622430637496
TERM,13253,13618,0,0.5802622430637496
TERM,13619,13798,0,0.5802622430637496
TERM,13799,14091,0,0.5802622430637496
TERM,14092,14390,0,0.5802622430637496
TERM,14391,14706,0,0.5802622430637496
TERM,14707,14759,0,0.5802622430637496
TERM,14760,14935,0,0.5802622430637496
TERM,14936,15119,0,0.5802622430637496
