channel,start_time,stop_time,label,confidence
TERM,1,21,0,0.2007612744373044
TERM,22,211,0,0.2007612744373044
TERM,212,353,0,0.2007612744373044
TERM,354,680,0,0.2007612744373044
TERM,681,746,0,0.2007612744373044
TERM,747,1172,0,0.2007612744373044
TERM,1173,1387,0,0.2007612744373044
TERM,1388,1796,0,0.2007612744373044
TERM,1797,1854,0,0.2007612744373044
TERM,1855,2040,0,0.2007612744373044
TERM,2041,2197,0,0.2007612744373044
TERM,2198,2572,0,0.2007612744373044
TERM,2573,3060,0,0.2007612744373044
