channel,start_time,stop_time,label,confidence
TERM,1,254,0,0.4881681387170905
TERM,255,705,0,0.4881681387170905
TERM,706,1167,0,0.4881681387170905
TERM,1168,1455,0,0.4881681387170905
TERM,1456,1638,0,0.4881681387170905
TERM,1639,1823,0,0.4881681387170905
TERM,1824,1886,0,0.4881681387170905
TERM,1887,1897,0,0.4881681387170905
TERM,1898,2376,0,0.4881681387170905
TERM,2377,2526,0,0.4881681387170905
TERM,2527,2795,0,0.4881681387170905
TERM,2796,2806,0,0.4881681387170905
TERM,2807,3000,0,0.4881681387170905
TERM,3001,3028,0,0.4881681387170905
TERM,3029,3512,0,0.4881681387170905
TERM,3513,3664,0,0.4881681387170905
TERM,3665,3951,0,0.4881681387170905
TERM,3952,4402,0,0.4881681387170905
TERM,4403,4524,0,0.4881681387170905
TERM,4525,5014,0,0.4881681387170905
TERM,5015,5109,0,0.4881681387170905
TERM,5110,5340,0,0.4881681387170905
TERM,5341,5592,0,0.4881681387170905
TERM,5593,5808,0,0.4881681387170905
TERM,5809,6087,0,0.4881681387170905
TERM,6088,6551,0,0.4881681387170905
TERM,6552,6685,0,0.4881681387170905
TERM,6686,7021,0,0.4881681387170905
TERM,7022,7267,0,0.4881681387170905
TERM,7268,7360,0,0.4881681387170905
TERM,7361,7589,0,0.4881681387170905
TERM,7590,7825,0,0.4881681387170905
TERM,7826,7863,0,0.4881681387170905
TERM,7864,8157,0,0.4881681387170905
TERM,8158,8329,0,0.4881681387170905
TERM,8330,8467,0,0.4881681387170905
TERM,8468,8806,0,0.4881681387170905
TERM,8807,9218,0,0.4881681387170905
TERM,9219,9376,0,0.4881681387170905
TERM,9377,9861,0,0.4881681387170905
TERM,9862,10150,0,0.4881681387170905
TERM,10151,10643,0,0.4881681387170905
TERM,10644,11123,0,0.4881681387170905
TERM,11124,11392,0,0.4881681387170905
TERM,11393,11713,0,0.4881681387170905
TERM,11714,12115,0,0.4881681387170905
TERM,12116,12445,0,0.4881681387170905
TERM,12446,12828,0,0.4881681387170905
