channel,start_time,stop_time,label,confidence
TERM,1,399,0,0.5237471979746083
TERM,400,649,0,0.5237471979746083
TERM,650,1084,0,0.5237471979746083
TERM,1085,1497,0,0.5237471979746083
TERM,1498,1569,0,0.5237471979746083
TERM,1570,1976,0,0.5237471979746083
TERM,1977,2150,0,0.5237471979746083
TERM,2151,2557,0,0.5237471979746083
TERM,2558,2587,0,0.5237471979746083
TERM,2588,2968,0,0.5237471979746083
TERM,2969,3279,0,0.5237471979746083
TERM,3280,3312,0,0.5237471979746083
TERM,3313,3331,0,0.5237471979746083
TERM,3332,3474,0,0.5237471979746083
TERM,3475,3957,0,0.5237471979746083
TERM,3958,4065,0,0.5237471979746083
TERM,4066,4147,0,0.5237471979746083
TERM,4148,4607,0,0.5237471979746083
TERM,4608,4645,0,0.5237471979746083
TERM,4646,4961,0,0.5237471979746083
TERM,4962,4974,0,0.5237471979746083
TERM,4975,5229,0,0.5237471979746083
TERM,5230,5654,0,0.5237471979746083
TERM,5655,6154,0,0.5237471979746083
TERM,6155,6269,0,0.5237471979746083
TERM,6270,6365,0,0.5237471979746083
TERM,6366,6679,0,0.5237471979746083
TERM,6680,7077,0,0.5237471979746083
TERM,7078,7557,0,0.5237471979746083
TERM,7558,7925,0,0.5237471979746083
TERM,7926,8178,0,0.5237471979746083
TERM,8179,8419,0,0.5237471979746083
TERM,8420,8553,0,0.5237471979746083
TERM,8554,8705,0,0.5237471979746083
TERM,8706,9027,0,0.5237471979746083
TERM,9028,9518,0,0.5237471979746083
TERM,9519,9988,0,0.5237471979746083
TERM,9989,10435,0,0.5237471979746083
TERM,10436,10533,0,0.5237471979746083
TERM,10534,10911,0,0.5237471979746083
TERM,10912,10927,0,0.5237471979746083
TERM,10928,10992,0,0.5237471979746083
TERM,10993,11260,0,0.5237471979746083
TERM,11261,11373,0,0.5237471979746083
TERM,11374,11564,0,0.5237471979746083
TERM,11565,11740,0,0.5237471979746083
TERM,11741,12038,0,0.5237471979746083
TERM,12039,12349,0,0.5237471979746083
TERM,12350,12448,0,0.5237471979746083
TERM,12449,12875,0,0.5237471979746083
TERM,12876,12900,0,0.5237471979746083
TERM,12901,13204,0,0.5237471979746083
