channel,start_time,stop_time,label,confidence
TERM,1,389,0,0.6345232606907419
TERM,390,464,0,0.6345232606907419
TERM,465,558,0,0.6345232606907419
TERM,559,872,0,0.6345232606907419
TERM,873,1027,0,0.6345232606907419
TERM,1028,1050,0,0.6345232606907419
TERM,1051,1508,0,0.6345232606907419
TERM,1509,1950,0,0.6345232606907419
TERM,1951,2185,0,0.6345232606907419
TERM,2186,2551,0,0.6345232606907419
TERM,2552,2825,0,0.6345232606907419
TERM,2826,3026,0,0.6345232606907419
TERM,3027,3182,0,0.6345232606907419
TERM,3183,3274,0,0.6345232606907419
TERM,3275,3672,0,0.6345232606907419
TERM,3673,3733,0,0.6345232606907419
TERM,3734,3903,0,0.6345232606907419
TERM,3904,3981,0,0.6345232606907419
TERM,3982,4426,0,0.6345232606907419
TERM,4427,4493,0,0.6345232606907419
TERM,4494,4644,0,0.6345232606907419
TERM,4645,5003,0,0.6345232606907419
TERM,5004,5091,0,0.6345232606907419
TERM,5092,5395,0,0.6345232606907419
TERM,5396,5685,0,0.6345232606907419
TERM,5686,6172,0,0.6345232606907419
TERM,6173,6626,0,0.6345232606907419
TERM,6627,6934,0,0.6345232606907419
TERM,6935,7187,0,0.6345232606907419
TERM,7188,7446,0,0.6345232606907419
TERM,7447,7553,0,0.6345232606907419
TERM,7554,7767,0,0.6345232606907419
TERM,7768,8145,0,0.6345232606907419
TERM,8146,8359,0,0.6345232606907419
TERM,8360,8759,0,0.6345232606907419
TERM,8760,8863,0,0.6345232606907419
TERM,8864,9272,0,0.6345232606907419
TERM,9273,9363,0,0.6345232606907419
TERM,9364,9857,0,0.6345232606907419
TERM,9858,10079,0,0.6345232606907419
TERM,10080,10409,0,0.6345232606907419
TERM,10410,10443,0,0.6345232606907419
TERM,10444,10931,0,0.6345232606907419
TERM,10932,11313,0,0.6345232606907419
TERM,11314,11365,0,0.6345232606907419
TERM,11366,11783,0,0.6345232606907419
TERM,11784,11799,0,0.6345232606907419
TERM,11800,12086,0,0.6345232606907419
