channel,start_time,stop_time,label,confidence
TERM,1,272,0,0.8574414164192425
TERM,273,312,0,0.8574414164192425
TERM,313,692,0,0.8574414164192425
TERM,693,927,0,0.8574414164192425
TERM,928,1305,0,0.8574414164192425
TERM,1306,1428,0,0.8574414164192425
TERM,1429,1579,0,0.8574414164192425
TERM,1580,1991,0,0.8574414164192425
TERM,1992,2378,0,0.8574414164192425
TERM,2379,2837,0,0.8574414164192425
TERM,2838,3259,0,0.8574414164192425
TERM,3260,3613,0,0.8574414164192425
