channel,start_time,stop_time,label,confidence
TERM,1,473,0,0.5571507290860718
TERM,474,972,0,0.5571507290860718
TERM,973,1361,0,0.5571507290860718
TERM,1362,1707,0,0.5571507290860718
TERM,1708,2130,0,0.5571507290860718
TERM,2131,2516,0,0.5571507290860718
TERM,2517,2666,0,0.5571507290860718
TERM,2667,3045,0,0.5571507290860718
TERM,3046,3336,0,0.5571507290860718
TERM,3337,3421,0,0.5571507290860718
TERM,3422,3498,0,0.5571507290860718
TERM,3499,3764,0,0.5571507290860718
TERM,3765,4117,0,0.5571507290860718
