channel,start_time,stop_time,label,confidence
TERM,1,66,0,0.7111461785848556
TERM,67,352,0,0.7111461785848556
TERM,353,638,0,0.7111461785848556
TERM,639,1028,0,0.7111461785848556
TERM,1029,1292,0,0.7111461785848556
TERM,1293,1702,0,0.7111461785848556
TERM,1703,2021,0,0.7111461785848556
TERM,2022,2070,0,0.7111461785848556
TERM,2071,2567,0,0.7111461785848556
TERM,2568,2878,0,0.7111461785848556
TERM,2879,3122,0,0.7111461785848556
TERM,3123,3515,0,0.7111461785848556
TERM,3516,3679,0,0.7111461785848556
TERM,3680,4028,0,0.7111461785848556
TERM,4029,4420,0,0.7111461785848556
TERM,4421,4853,0,0.7111461785848556
TERM,4854,5134,0,0.7111461785848556
TERM,5135,5195,0,0.7111461785848556
TERM,5196,5510,0,0.7111461785848556
TERM,5511,5900,0,0.7111461785848556
TERM,5901,6370,0,0.7111461785848556
TERM,6371,6452,0,0.7111461785848556
TERM,6453,6619,0,0.7111461785848556
TERM,6620,6641,0,0.7111461785848556
TERM,6642,7101,0,0.7111461785848556
TERM,7102,7542,0,0.7111461785848556
TERM,7543,8007,0,0.7111461785848556
TERM,8008,8118,0,0.7111461785848556
TERM,8119,8252,0,0.7111461785848556
TERM,8253,8623,0,0.7111461785848556
TERM,8624,8841,0,0.7111461785848556
TERM,8842,9310,0,0.7111461785848556
TERM,9311,9781,0,0.7111461785848556
TERM,9782,9834,0,0.7111461785848556
TERM,9835,10197,0,0.7111461785848556
TERM,10198,10464,0,0.7111461785848556
TERM,10465,10876,0,0.7111461785848556
TERM,10877,10976,0,0.7111461785848556
TERM,10977,11158,0,0.7111461785848556
TERM,11159,11593,0,0.7111461785848556
TERM,11594,12044,0,0.7111461785848556
TERM,12045,12200,0,0.7111461785848556
TERM,12201,12214,0,0.7111461785848556
TERM,12215,12531,0,0.7111461785848556
TERM,12532,12866,0,0.7111461785848556
TERM,12867,13214,0,0.7111461785848556
TERM,13215,13654,0,0.7111461785848556
TERM,13655,14056,0,0.7111461785848556
TERM,14057,14179,0,0.7111461785848556
TERM,14180,14264,0,0.7111461785848556
TERM,14265,14458,0,0.7111461785848556
TERM,14459,14674,0,0.7111461785848556
TERM,14675,14954,0,0.7111461785848556
TERM,14955,15163,0,0.7111461785848556
TERM,15164,15388,0,0.7111461785848556
