channel,start_time,stop_time,label,confidence
TERM,1,292,0,0.741984189213611
TERM,293,718,0,0.741984189213611
TERM,719,835,0,0.741984189213611
TERM,836,929,0,0.741984189213611
TERM,930,988,0,0.741984189213611
TERM,989,1306,0,0.741984189213611
TERM,1307,1638,0,0.741984189213611
TERM,1639,1699,0,0.741984189213611
TERM,1700,1843,0,0.741984189213611
TERM,1844,2132,0,0.741984189213611
TERM,2133,2324,0,0.741984189213611
TERM,2325,2615,0,0.741984189213611
TERM,2616,2753,0,0.741984189213611
TERM,2754,3077,0,0.741984189213611
TERM,3078,3203,0,0.741984189213611
TERM,3204,3694,0,0.741984189213611
TERM,3695,3937,0,0.741984189213611
TERM,3938,4127,0,0.741984189213611
TERM,4128,4307,0,0.741984189213611
TERM,4308,4622,0,0.741984189213611
TERM,4623,4680,0,0.741984189213611
TERM,4681,4970,0,0.741984189213611
TERM,4971,5444,0,0.741984189213611
TERM,5445,5528,0,0.741984189213611
TERM,5529,5897,0,0.741984189213611
TERM,5898,5982,0,0.741984189213611
TERM,5983,6435,0,0.741984189213611
TERM,6436,6600,0,0.741984189213611
TERM,6601,6851,0,0.741984189213611
TERM,6852,7301,0,0.741984189213611
TERM,7302,7368,0,0.741984189213611
TERM,7369,7511,0,0.741984189213611
