channel,start_time,stop_time,label,confidence
TERM,1,355,0,0.5582869660654661
TERM,356,624,0,0.5582869660654661
TERM,625,940,0,0.5582869660654661
TERM,941,1386,0,0.5582869660654661
TERM,1387,1434,0,0.5582869660654661
TERM,1435,1898,0,0.5582869660654661
TERM,1899,2331,0,0.5582869660654661
TERM,2332,2348,0,0.5582869660654661
TERM,2349,2666,0,0.5582869660654661
TERM,2667,3140,0,0.5582869660654661
TERM,3141,3269,0,0.5582869660654661
TERM,3270,3750,0,0.5582869660654661
TERM,3751,3834,0,0.5582869660654661
TERM,3835,3959,0,0.5582869660654661
TERM,3960,4406,0,0.5582869660654661
TERM,4407,4866,0,0.5582869660654661
TERM,4867,5036,0,0.5582869660654661
TERM,5037,5208,0,0.5582869660654661
TERM,5209,5577,0,0.5582869660654661
TERM,5578,5788,0,0.5582869660654661
TERM,5789,6109,0,0.5582869660654661
TERM,6110,6301,0,0.5582869660654661
TERM,6302,6403,0,0.5582869660654661
TERM,6404,6733,0,0.5582869660654661
TERM,6734,6890,0,0.5582869660654661
TERM,6891,7093,0,0.5582869660654661
TERM,7094,7389,0,0.5582869660654661
TERM,7390,7463,0,0.5582869660654661
TERM,7464,7504,0,0.5582869660654661
TERM,7505,8003,0,0.5582869660654661
TERM,8004,8138,0,0.5582869660654661
TERM,8139,8559,0,0.5582869660654661
TERM,8560,8844,0,0.5582869660654661
TERM,8845,8944,0,0.5582869660654661
TERM,8945,9112,0,0.5582869660654661
TERM,9113,9233,0,0.5582869660654661
TERM,9234,9733,0,0.5582869660654661
TERM,9734,10132,0,0.5582869660654661
TERM,10133,10602,0,0.5582869660654661
TERM,10603,10720,0,0.5582869660654661
TERM,10721,10746,0,0.5582869660654661
TERM,10747,11108,0,0.5582869660654661
TERM,11109,11466,0,0.5582869660654661
TERM,11467,11927,0,0.5582869660654661
TERM,11928,12318,0,0.5582869660654661
TERM,12319,12801,0,0.5582869660654661
TERM,12802,13284,0,0.5582869660654661
TERM,13285,13511,0,0.5582869660654661
TERM,13512,13936,0,0.5582869660654661
TERM,13937,14279,0,0.5582869660654661
TERM,14280,14487,0,0.5582869660654661
TERM,14488,14631,0,0.5582869660654661
TERM,14632,14687,0,0.5582869660654661
TERM,14688,14739,0,0.5582869660654661
TERM,14740,14791,0,0.5582869660654661
TERM,14792,15217,0,0.5582869660654661
TERM,15218,15252,0,0.5582869660654661
TERM,15253,15415,0,0.5582869660654661
TERM,15416,15881,0,0.5582869660654661
TERM,15882,16051,0,0.5582869660654661
TERM,16052,16517,0,0.5582869660654661
TERM,16518,16784,0,0.5582869660654661
TERM,16785,17141,0,0.5582869660654661
TERM,17142,17407,0,0.5582869660654661
TERM,17408,17450,0,0.5582869660654661
