channel,start_time,stop_time,label,confidence
TERM,1,316,0,0.6829005936377599
TERM,317,702,0,0.6829005936377599
TERM,703,1113,0,0.6829005936377599
TERM,1114,1143,0,0.6829005936377599
TERM,1144,1363,0,0.6829005936377599
TERM,1364,1801,0,0.6829005936377599
TERM,1802,2196,0,0.6829005936377599
TERM,2197,2536,0,0.6829005936377599
TERM,2537,3031,0,0.6829005936377599
TERM,3032,3049,0,0.6829005936377599
TERM,3050,3536,0,0.6829005936377599
TERM,3537,3593,0,0.6829005936377599
TERM,3594,3959,0,0.6829005936377599
TERM,3960,4166,0,0.6829005936377599
TERM,4167,4656,0,0.6829005936377599
TERM,4657,4808,0,0.6829005936377599
TERM,4809,4867,0,0.6829005936377599
TERM,4868,5121,0,0.6829005936377599
TERM,5122,5167,0,0.6829005936377599
TERM,5168,5667,0,0.6829005936377599
TERM,5668,5708,0,0.6829005936377599
TERM,5709,6119,0,0.6829005936377599
TERM,6120,6256,0,0.6829005936377599
TERM,6257,6300,0,0.6829005936377599
TERM,6301,6425,0,0.6829005936377599
TERM,6426,6636,0,0.6829005936377599
TERM,6637,6854,0,0.6829005936377599
TERM,6855,6876,0,0.6829005936377599
TERM,6877,7158,0,0.6829005936377599
TERM,7159,7409,0,0.6829005936377599
TERM,7410,7629,0,0.6829005936377599
TERM,7630,7657,0,0.6829005936377599
TERM,7658,8031,0,0.6829005936377599
TERM,8032,8159,0,0.6829005936377599
TERM,8160,8176,0,0.6829005936377599
TERM,8177,8455,0,0.6829005936377599
