channel,start_time,stop_time,label,confidence
TERM,1,480,0,0.6400117390981586
TERM,481,675,0,0.6400117390981586
TERM,676,942,0,0.6400117390981586
TERM,943,1069,0,0.6400117390981586
TERM,1070,1225,0,0.6400117390981586
TERM,1226,1661,0,0.6400117390981586
TERM,1662,1879,0,0.6400117390981586
TERM,1880,2046,0,0.6400117390981586
TERM,2047,2060,0,0.6400117390981586
TERM,2061,2304,0,0.6400117390981586
TERM,2305,2456,0,0.6400117390981586
TERM,2457,2828,0,0.6400117390981586
TERM,2829,2892,0,0.6400117390981586
TERM,2893,3186,0,0.6400117390981586
TERM,3187,3321,0,0.6400117390981586
TERM,3322,3804,0,0.6400117390981586
TERM,3805,4018,0,0.6400117390981586
TERM,4019,4489,0,0.6400117390981586
TERM,4490,4800,0,0.6400117390981586
TERM,4801,5218,0,0.6400117390981586
TERM,5219,5251,0,0.6400117390981586
TERM,5252,5634,0,0.6400117390981586
TERM,5635,5930,0,0.6400117390981586
TERM,5931,5987,0,0.6400117390981586
TERM,5988,6182,0,0.6400117390981586
TERM,6183,6224,0,0.6400117390981586
TERM,6225,6307,0,0.6400117390981586
TERM,6308,6737,0,0.6400117390981586
TERM,6738,6826,0,0.6400117390981586
TERM,6827,7187,0,0.6400117390981586
TERM,7188,7465,0,0.6400117390981586
TERM,7466,7856,0,0.6400117390981586
TERM,7857,8344,0,0.6400117390981586
TERM,8345,8616,0,0.6400117390981586
TERM,8617,8877,0,0.6400117390981586
TERM,8878,9311,0,0.6400117390981586
TERM,9312,9689,0,0.6400117390981586
TERM,9690,10050,0,0.6400117390981586
TERM,10051,10133,0,0.6400117390981586
TERM,10134,10416,0,0.6400117390981586
TERM,10417,10470,0,0.6400117390981586
TERM,10471,10770,0,0.6400117390981586
TERM,10771,10800,0,0.6400117390981586
TERM,10801,10853,0,0.6400117390981586
TERM,10854,10935,0,0.6400117390981586
TERM,10936,11398,0,0.6400117390981586
TERM,11399,11466,0,0.6400117390981586
TERM,11467,11723,0,0.6400117390981586
TERM,11724,12192,0,0.6400117390981586
TERM,12193,12517,0,0.6400117390981586
TERM,12518,12567,0,0.6400117390981586
TERM,12568,12762,0,0.6400117390981586
TERM,12763,12855,0,0.6400117390981586
TERM,12856,13056,0,0.6400117390981586
TERM,13057,13093,0,0.6400117390981586
TERM,13094,13269,0,0.6400117390981586
