channel,start_time,stop_time,label,confidence
TERM,1,144,0,0.6657856992736254
TERM,145,378,0,0.6657856992736254
TERM,379,560,0,0.6657856992736254
TERM,561,1042,0,0.6657856992736254
TERM,1043,1479,0,0.6657856992736254
TERM,1480,1655,0,0.6657856992736254
TERM,1656,1914,0,0.6657856992736254
TERM,1915,2242,0,0.6657856992736254
TERM,2243,2342,0,0.6657856992736254
TERM,2343,2561,0,0.6657856992736254
TERM,2562,2982,0,0.6657856992736254
TERM,2983,3047,0,0.6657856992736254
TERM,3048,3136,0,0.6657856992736254
TERM,3137,3466,0,0.6657856992736254
TERM,3467,3781,0,0.6657856992736254
TERM,3782,3815,0,0.6657856992736254
TERM,3816,3992,0,0.6657856992736254
TERM,3993,4190,0,0.6657856992736254
TERM,4191,4551,0,0.6657856992736254
TERM,4552,4659,0,0.6657856992736254
TERM,4660,4807,0,0.6657856992736254
TERM,4808,5053,0,0.6657856992736254
TERM,5054,5383,0,0.6657856992736254
TERM,5384,5731,0,0.6657856992736254
TERM,5732,6112,0,0.6657856992736254
TERM,6113,6573,0,0.6657856992736254
TERM,6574,6768,0,0.6657856992736254
TERM,6769,6811,0,0.6657856992736254
TERM,6812,7235,0,0.6657856992736254
TERM,7236,7592,0,0.6657856992736254
TERM,7593,7820,0,0.6657856992736254
TERM,7821,8290,0,0.6657856992736254
TERM,8291,8453,0,0.6657856992736254
