channel,start_time,stop_time,label,confidence
TERM,1,278,0,0.556256042549637
TERM,279,673,0,0.556256042549637
TERM,674,955,0,0.556256042549637
TERM,956,984,0,0.556256042549637
TERM,985,1458,0,0.556256042549637
TERM,1459,1557,0,0.556256042549637
TERM,1558,1850,0,0.556256042549637
TERM,1851,1984,0,0.556256042549637
TERM,1985,2461,0,0.556256042549637
TERM,2462,2515,0,0.556256042549637
TERM,2516,3005,0,0.556256042549637
TERM,3006,3420,0,0.556256042549637
TERM,3421,3708,0,0.556256042549637
