channel,start_time,stop_time,label,confidence
TERM,1,284,0,0.5446737117901939
TERM,285,628,0,0.5446737117901939
TERM,629,1061,0,0.5446737117901939
TERM,1062,1361,0,0.5446737117901939
TERM,1362,1394,0,0.5446737117901939
TERM,1395,1625,0,0.5446737117901939
TERM,1626,1999,0,0.5446737117901939
TERM,2000,2297,0,0.5446737117901939
TERM,2298,2376,0,0.5446737117901939
TERM,2377,2441,0,0.5446737117901939
TERM,2442,2486,0,0.5446737117901939
TERM,2487,2780,0,0.5446737117901939
TERM,2781,3177,0,0.5446737117901939
TERM,3178,3588,0,0.5446737117901939
TERM,3589,3915,0,0.5446737117901939
TERM,3916,4048,0,0.5446737117901939
TERM,4049,4285,0,0.5446737117901939
TERM,4286,4462,0,0.5446737117901939
TERM,4463,4489,0,0.5446737117901939
TERM,4490,4606,0,0.5446737117901939
TERM,4607,4716,0,0.5446737117901939
TERM,4717,5213,0,0.5446737117901939
TERM,5214,5298,0,0.5446737117901939
TERM,5299,5445,0,0.5446737117901939
TERM,5446,5590,0,0.5446737117901939
TERM,5591,5963,0,0.5446737117901939
TERM,5964,6398,0,0.5446737117901939
TERM,6399,6513,0,0.5446737117901939
TERM,6514,6619,0,0.5446737117901939
TERM,6620,6671,0,0.5446737117901939
TERM,6672,6966,0,0.5446737117901939
TERM,6967,6988,0,0.5446737117901939
TERM,6989,7111,0,0.5446737117901939
TERM,7112,7406,0,0.5446737117901939
TERM,7407,7801,0,0.5446737117901939
TERM,7802,8052,0,0.5446737117901939
TERM,8053,8484,0,0.5446737117901939
TERM,8485,8738,0,0.5446737117901939
TERM,8739,9133,0,0.5446737117901939
TERM,9134,9178,0,0.5446737117901939
TERM,9179,9270,0,0.5446737117901939
TERM,9271,9536,0,0.5446737117901939
TERM,9537,9869,0,0.5446737117901939
TERM,9870,10359,0,0.5446737117901939
TERM,10360,10847,0,0.5446737117901939
TERM,10848,11257,0,0.5446737117901939
TERM,11258,11669,0,0.5446737117901939
TERM,11670,12079,0,0.5446737117901939
TERM,12080,12382,0,0.5446737117901939
TERM,12383,12469,0,0.5446737117901939
TERM,12470,12615,0,0.5446737117901939
TERM,12616,12677,0,0.5446737117901939
TERM,12678,12769,0,0.5446737117901939
TERM,12770,12918,0,0.5446737117901939
TERM,12919,13026,0,0.5446737117901939
TERM,13027,13075,0,0.5446737117901939
TERM,13076,13105,0,0.5446737117901939
TERM,13106,13211,0,0.5446737117901939
TERM,13212,13662,0,0.5446737117901939
TERM,13663,14132,0,0.5446737117901939
