channel,start_time,stop_time,label,confidence
TERM,1,170,0,0.510425079006624
TERM,171,526,0,0.510425079006624
TERM,527,617,0,0.510425079006624
TERM,618,666,0,0.510425079006624
TERM,667,727,0,0.510425079006624
TERM,728,943,0,0.510425079006624
TERM,944,1124,0,0.510425079006624
TERM,1125,1304,0,0.510425079006624
TERM,1305,1647,0,0.510425079006624
TERM,1648,2140,0,0.510425079006624
TERM,2141,2508,0,0.510425079006624
TERM,2509,2942,0,0.510425079006624
TERM,2943,3375,0,0.510425079006624
TERM,3376,3630,0,0.510425079006624
TERM,3631,3871,0,0.510425079006624
TERM,3872,4299,0,0.510425079006624
TERM,4300,4718,0,0.510425079006624
TERM,4719,4951,0,0.510425079006624
TERM,4952,4971,0,0.510425079006624
TERM,4972,5017,0,0.510425079006624
TERM,5018,5441,0,0.510425079006624
TERM,5442,5501,0,0.510425079006624
TERM,5502,5952,0,0.510425079006624
TERM,5953,6162,0,0.510425079006624
TERM,6163,6279,0,0.510425079006624
TERM,6280,6729,0,0.510425079006624
TERM,6730,6761,0,0.510425079006624
TERM,6762,6840,0,0.510425079006624
TERM,6841,6863,0,0.510425079006624
TERM,6864,7121,0,0.510425079006624
TERM,7122,7186,0,0.510425079006624
TERM,7187,7432,0,0.510425079006624
TERM,7433,7816,0,0.510425079006624
TERM,7817,8022,0,0.510425079006624
TERM,8023,8484,0,0.510425079006624
TERM,8485,8808,0,0.510425079006624
TERM,8809,9257,0,0.510425079006624
TERM,9258,9729,0,0.510425079006624
TERM,9730,9910,0,0.510425079006624
TERM,9911,10391,0,0.510425079006624
TERM,10392,10578,0,0.510425079006624
TERM,10579,10682,0,0.510425079006624
TERM,10683,10942,0,0.510425079006624
TERM,10943,11103,0,0.510425079006624
TERM,11104,11380,0,0.510425079006624
TERM,11381,11638,0,0.510425079006624
TERM,11639,12105,0,0.510425079006624
TERM,12106,12546,0,0.510425079006624
