channel,start_time,stop_time,label,confidence
TERM,1,265,0,0.3312478951484615
TERM,266,306,0,0.3312478951484615
TERM,307,451,0,0.3312478951484615
TERM,452,912,0,0.3312478951484615
TERM,913,1262,0,0.3312478951484615
TERM,1263,1697,0,0.3312478951484615
TERM,1698,2195,0,0.3312478951484615
TERM,2196,2607,0,0.3312478951484615
TERM,2608,2802,0,0.3312478951484615
TERM,2803,3185,0,0.3312478951484615
TERM,3186,3225,0,0.3312478951484615
