channel,start_time,stop_time,label,confidence
TERM,1,127,0,0.6820208026936567
TERM,128,582,0,0.6820208026936567
TERM,583,802,0,0.6820208026936567
TERM,803,1234,0,0.6820208026936567
TERM,1235,1543,0,0.6820208026936567
TERM,1544,1604,0,0.6820208026936567
TERM,1605,1699,0,0.6820208026936567
TERM,1700,2016,0,0.6820208026936567
TERM,2017,2395,0,0.6820208026936567
TERM,2396,2661,0,0.6820208026936567
TERM,2662,2779,0,0.6820208026936567
TERM,2780,3055,0,0.6820208026936567
TERM,3056,3505,0,0.6820208026936567
TERM,3506,3538,0,0.6820208026936567
TERM,3539,3823,0,0.6820208026936567
TERM,3824,3881,0,0.6820208026936567
TERM,3882,4203,0,0.6820208026936567
TERM,4204,4241,0,0.6820208026936567
TERM,4242,4419,0,0.6820208026936567
TERM,4420,4691,0,0.6820208026936567
TERM,4692,5090,0,0.6820208026936567
TERM,5091,5255,0,0.6820208026936567
TERM,5256,5751,0,0.6820208026936567
TERM,5752,5951,0,0.6820208026936567
TERM,5952,6264,0,0.6820208026936567
TERM,6265,6407,0,0.6820208026936567
TERM,6408,6868,0,0.6820208026936567
TERM,6869,6882,0,0.6820208026936567
TERM,6883,7221,0,0.6820208026936567
TERM,7222,7331,0,0.6820208026936567
TERM,7332,7622,0,0.6820208026936567
TERM,7623,7917,0,0.6820208026936567
TERM,7918,8018,0,0.6820208026936567
TERM,8019,8126,0,0.6820208026936567
TERM,8127,8546,0,0.6820208026936567
TERM,8547,8738,0,0.6820208026936567
TERM,8739,9179,0,0.6820208026936567
TERM,9180,9492,0,0.6820208026936567
TERM,9493,9714,0,0.6820208026936567
