channel,start_time,stop_time,label,confidence
TERM,1,211,0,0.67869477690635
TERM,212,705,0,0.67869477690635
TERM,706,764,0,0.67869477690635
TERM,765,1160,0,0.67869477690635
TERM,1161,1267,0,0.67869477690635
TERM,1268,1557,0,0.67869477690635
TERM,1558,1713,0,0.67869477690635
TERM,1714,2209,0,0.67869477690635
TERM,2210,2709,0,0.67869477690635
TERM,2710,2837,0,0.67869477690635
TERM,2838,3235,0,0.67869477690635
TERM,3236,3265,0,0.67869477690635
TERM,3266,3553,0,0.67869477690635
TERM,3554,3888,0,0.67869477690635
TERM,3889,3965,0,0.67869477690635
TERM,3966,4158,0,0.67869477690635
TERM,4159,4539,0,0.67869477690635
TERM,4540,4758,0,0.67869477690635
TERM,4759,4904,0,0.67869477690635
TERM,4905,5037,0,0.67869477690635
TERM,5038,5101,0,0.67869477690635
TERM,5102,5417,0,0.67869477690635
TERM,5418,5647,0,0.67869477690635
TERM,5648,5726,0,0.67869477690635
TERM,5727,6112,0,0.67869477690635
TERM,6113,6521,0,0.67869477690635
TERM,6522,6734,0,0.67869477690635
TERM,6735,7003,0,0.67869477690635
TERM,7004,7031,0,0.67869477690635
TERM,7032,7518,0,0.67869477690635
TERM,7519,8017,0,0.67869477690635
TERM,8018,8235,0,0.67869477690635
TERM,8236,8250,0,0.67869477690635
TERM,8251,8391,0,0.67869477690635
TERM,8392,8787,0,0.67869477690635
TERM,8788,8858,0,0.67869477690635
