channel,start_time,stop_time,label,confidence
TERM,1,487,0,0.5090622623618357
TERM,488,880,0,0.5090622623618357
TERM,881,955,0,0.5090622623618357
TERM,956,1109,0,0.5090622623618357
TERM,1110,1141,0,0.5090622623618357
TERM,1142,1420,0,0.5090622623618357
TERM,1421,1753,0,0.5090622623618357
TERM,1754,1910,0,0.5090622623618357
TERM,1911,2304,0,0.5090622623618357
TERM,2305,2377,0,0.5090622623618357
TERM,2378,2503,0,0.5090622623618357
TERM,2504,2829,0,0.5090622623618357
TERM,2830,3168,0,0.5090622623618357
TERM,3169,3190,0,0.5090622623618357
TERM,3191,3537,0,0.5090622623618357
TERM,3538,3701,0,0.5090622623618357
TERM,3702,3720,0,0.5090622623618357
TERM,3721,4056,0,0.5090622623618357
TERM,4057,4313,0,0.5090622623618357
TERM,4314,4699,0,0.5090622623618357
TERM,4700,4899,0,0.5090622623618357
TERM,4900,5250,0,0.5090622623618357
TERM,5251,5335,0,0.5090622623618357
TERM,5336,5351,0,0.5090622623618357
TERM,5352,5662,0,0.5090622623618357
TERM,5663,5988,0,0.5090622623618357
TERM,5989,6197,0,0.5090622623618357
TERM,6198,6293,0,0.5090622623618357
TERM,6294,6672,0,0.5090622623618357
TERM,6673,6973,0,0.5090622623618357
