channel,start_time,stop_time,label,confidence
TERM,1,77,0,0.5763039675589547
TERM,78,317,0,0.5763039675589547
TERM,318,545,0,0.5763039675589547
TERM,546,774,0,0.5763039675589547
TERM,775,1251,0,0.5763039675589547
TERM,1252,1605,0,0.5763039675589547
TERM,1606,2100,0,0.5763039675589547
TERM,2101,2543,0,0.5763039675589547
TERM,2544,2609,0,0.5763039675589547
TERM,2610,2782,0,0.5763039675589547
TERM,2783,3035,0,0.5763039675589547
TERM,3036,3334,0,0.5763039675589547
TERM,3335,3709,0,0.5763039675589547
