channel,start_time,stop_time,label,confidence
TERM,1,17,0,0.5171194470738911
TERM,18,250,0,0.5171194470738911
TERM,251,632,0,0.5171194470738911
TERM,633,858,0,0.5171194470738911
TERM,859,1008,0,0.5171194470738911
TERM,1009,1064,0,0.5171194470738911
TERM,1065,1478,0,0.5171194470738911
TERM,1479,1488,0,0.5171194470738911
TERM,1489,1969,0,0.5171194470738911
TERM,1970,2150,0,0.5171194470738911
TERM,2151,2198,0,0.5171194470738911
TERM,2199,2340,0,0.5171194470738911
TERM,2341,2824,0,0.5171194470738911
TERM,2825,3151,0,0.5171194470738911
TERM,3152,3623,0,0.5171194470738911
TERM,3624,3848,0,0.5171194470738911
TERM,3849,4000,0,0.5171194470738911
TERM,4001,4229,0,0.5171194470738911
TERM,4230,4562,0,0.5171194470738911
TERM,4563,4754,0,0.5171194470738911
TERM,4755,5111,0,0.5171194470738911
TERM,5112,5281,0,0.5171194470738911
TERM,5282,5408,0,0.5171194470738911
TERM,5409,5881,0,0.5171194470738911
TERM,5882,6328,0,0.5171194470738911
TERM,6329,6655,0,0.5171194470738911
TERM,6656,7155,0,0.5171194470738911
TERM,7156,7403,0,0.5171194470738911
TERM,7404,7842,0,0.5171194470738911
TERM,7843,8281,0,0.5171194470738911
TERM,8282,8415,0,0.5171194470738911
TERM,8416,8467,0,0.5171194470738911
TERM,8468,8746,0,0.5171194470738911
