channel,start_time,stop_time,label,confidence
TERM,1,85,0,0.5531990933511609
TERM,86,578,0,0.5531990933511609
TERM,579,981,0,0.5531990933511609
TERM,982,1138,0,0.5531990933511609
TERM,1139,1257,0,0.5531990933511609
TERM,1258,1393,0,0.5531990933511609
TERM,1394,1631,0,0.5531990933511609
TERM,1632,1727,0,0.5531990933511609
TERM,1728,1848,0,0.5531990933511609
TERM,1849,2189,0,0.5531990933511609
TERM,2190,2347,0,0.5531990933511609
TERM,2348,2722,0,0.5531990933511609
TERM,2723,3152,0,0.5531990933511609
TERM,3153,3434,0,0.5531990933511609
TERM,3435,3564,0,0.5531990933511609
TERM,3565,3663,0,0.5531990933511609
TERM,3664,3794,0,0.5531990933511609
TERM,3795,3990,0,0.5531990933511609
TERM,3991,4356,0,0.5531990933511609
TERM,4357,4484,0,0.5531990933511609
TERM,4485,4910,0,0.5531990933511609
TERM,4911,5190,0,0.5531990933511609
TERM,5191,5214,0,0.5531990933511609
TERM,5215,5367,0,0.5531990933511609
TERM,5368,5670,0,0.5531990933511609
TERM,5671,5960,0,0.5531990933511609
TERM,5961,6432,0,0.5531990933511609
TERM,6433,6719,0,0.5531990933511609
TERM,6720,6764,0,0.5531990933511609
TERM,6765,6960,0,0.5531990933511609
TERM,6961,7047,0,0.5531990933511609
TERM,7048,7444,0,0.5531990933511609
TERM,7445,7535,0,0.5531990933511609
TERM,7536,7765,0,0.5531990933511609
TERM,7766,8027,0,0.5531990933511609
TERM,8028,8262,0,0.5531990933511609
TERM,8263,8379,0,0.5531990933511609
TERM,8380,8565,0,0.5531990933511609
TERM,8566,8776,0,0.5531990933511609
TERM,8777,8970,0,0.5531990933511609
TERM,8971,9005,0,0.5531990933511609
TERM,9006,9290,0,0.5531990933511609
TERM,9291,9503,0,0.5531990933511609
TERM,9504,9533,0,0.5531990933511609
TERM,9534,9716,0,0.5531990933511609
TERM,9717,9998,0,0.5531990933511609
TERM,9999,10185,0,0.5531990933511609
TERM,10186,10311,0,0.5531990933511609
TERM,10312,10340,0,0.5531990933511609
TERM,10341,10390,0,0.5531990933511609
TERM,10391,10522,0,0.5531990933511609
TERM,10523,10565,0,0.5531990933511609
TERM,10566,10830,0,0.5531990933511609
TERM,10831,11091,0,0.5531990933511609
TERM,11092,11127,0,0.5531990933511609
TERM,11128,11142,0,0.5531990933511609
TERM,11143,11331,0,0.5531990933511609
TERM,11332,11402,0,0.5531990933511609
TERM,11403,11653,0,0.5531990933511609
TERM,11654,11971,0,0.5531990933511609
