channel,start_time,stop_time,label,confidence
TERM,1,415,0,0.6650567505719387
TERM,416,762,0,0.6650567505719387
TERM,763,858,0,0.6650567505719387
TERM,859,1302,0,0.6650567505719387
TERM,1303,1691,0,0.6650567505719387
TERM,1692,1993,0,0.6650567505719387
TERM,1994,2320,0,0.6650567505719387
TERM,2321,2688,0,0.6650567505719387
TERM,2689,3159,0,0.6650567505719387
TERM,3160,3530,0,0.6650567505719387
TERM,3531,3965,0,0.6650567505719387
TERM,3966,4455,0,0.6650567505719387
TERM,4456,4850,0,0.6650567505719387
TERM,4851,5049,0,0.6650567505719387
TERM,5050,5361,0,0.6650567505719387
TERM,5362,5748,0,0.6650567505719387
TERM,5749,5896,0,0.6650567505719387
TERM,5897,6044,0,0.6650567505719387
TERM,6045,6407,0,0.6650567505719387
TERM,6408,6738,0,0.6650567505719387
TERM,6739,7221,0,0.6650567505719387
TERM,7222,7336,0,0.6650567505719387
TERM,7337,7661,0,0.6650567505719387
TERM,7662,8023,0,0.6650567505719387
TERM,8024,8327,0,0.6650567505719387
TERM,8328,8815,0,0.6650567505719387
TERM,8816,9021,0,0.6650567505719387
TERM,9022,9201,0,0.6650567505719387
TERM,9202,9266,0,0.6650567505719387
TERM,9267,9291,0,0.6650567505719387
TERM,9292,9319,0,0.6650567505719387
TERM,9320,9765,0,0.6650567505719387
TERM,9766,10205,0,0.6650567505719387
TERM,10206,10454,0,0.6650567505719387
TERM,10455,10798,0,0.6650567505719387
TERM,10799,10825,0,0.6650567505719387
TERM,10826,11162,0,0.6650567505719387
TERM,11163,11577,0,0.6650567505719387
TERM,11578,11654,0,0.6650567505719387
TERM,11655,11796,0,0.6650567505719387
TERM,11797,11893,0,0.6650567505719387
TERM,11894,12046,0,0.6650567505719387
TERM,12047,12435,0,0.6650567505719387
TERM,12436,12826,0,0.6650567505719387
TERM,12827,12982,0,0.6650567505719387
TERM,12983,13266,0,0.6650567505719387
TERM,13267,13761,0,0.6650567505719387
TERM,13762,14044,0,0.6650567505719387
TERM,14045,14112,0,0.6650567505719387
TERM,14113,14367,0,0.6650567505719387
TERM,14368,14521,0,0.6650567505719387
TERM,14522,14534,0,0.6650567505719387
