channel,start_time,stop_time,label,confidence
TERM,1,403,0,0.5215610042495709
TERM,404,554,0,0.5215610042495709
TERM,555,872,0,0.5215610042495709
TERM,873,1011,0,0.5215610042495709
TERM,1012,1160,0,0.5215610042495709
TERM,1161,1303,0,0.5215610042495709
TERM,1304,1789,0,0.5215610042495709
TERM,1790,1939,0,0.5215610042495709
TERM,1940,2170,0,0.5215610042495709
TERM,2171,2529,0,0.5215610042495709
TERM,2530,2878,0,0.5215610042495709
TERM,2879,3236,0,0.5215610042495709
TERM,3237,3338,0,0.5215610042495709
TERM,3339,3618,0,0.5215610042495709
TERM,3619,3693,0,0.5215610042495709
TERM,3694,4098,0,0.5215610042495709
TERM,4099,4233,0,0.5215610042495709
TERM,4234,4673,0,0.5215610042495709
TERM,4674,4974,0,0.5215610042495709
TERM,4975,5368,0,0.5215610042495709
TERM,5369,5559,0,0.5215610042495709
TERM,5560,5881,0,0.5215610042495709
