channel,start_time,stop_time,label,confidence
TERM,1,113,0,0.4288067288913536
TERM,114,514,0,0.4288067288913536
TERM,515,902,0,0.4288067288913536
TERM,903,1035,0,0.4288067288913536
TERM,1036,1518,0,0.4288067288913536
TERM,1519,1895,0,0.4288067288913536
TERM,1896,2097,0,0.4288067288913536
TERM,2098,2473,0,0.4288067288913536
TERM,2474,2619,0,0.4288067288913536
TERM,2620,2685,0,0.4288067288913536
TERM,2686,2965,0,0.4288067288913536
TERM,2966,3392,0,0.4288067288913536
