channel,start_time,stop_time,label,confidence
TERM,1,357,0,0.5421648895275781
TERM,358,726,0,0.5421648895275781
TERM,727,989,0,0.5421648895275781
TERM,990,1131,0,0.5421648895275781
TERM,1132,1430,0,0.5421648895275781
TERM,1431,1441,0,0.5421648895275781
TERM,1442,1461,0,0.5421648895275781
TERM,1462,1860,0,0.5421648895275781
TERM,1861,2216,0,0.5421648895275781
TERM,2217,2471,0,0.5421648895275781
TERM,2472,2518,0,0.5421648895275781
TERM,2519,2890,0,0.5421648895275781
TERM,2891,3140,0,0.5421648895275781
TERM,3141,3158,0,0.5421648895275781
TERM,3159,3240,0,0.5421648895275781
TERM,3241,3584,0,0.5421648895275781
TERM,3585,3935,0,0.5421648895275781
TERM,3936,4262,0,0.5421648895275781
TERM,4263,4663,0,0.5421648895275781
TERM,4664,4796,0,0.5421648895275781
TERM,4797,4953,0,0.5421648895275781
TERM,4954,5240,0,0.5421648895275781
TERM,5241,5516,0,0.5421648895275781
TERM,5517,5526,0,0.5421648895275781
TERM,5527,5794,0,0.5421648895275781
TERM,5795,6167,0,0.5421648895275781
TERM,6168,6524,0,0.5421648895275781
TERM,6525,6613,0,0.5421648895275781
TERM,6614,7108,0,0.5421648895275781
TERM,7109,7599,0,0.5421648895275781
TERM,7600,8047,0,0.5421648895275781
TERM,8048,8236,0,0.5421648895275781
TERM,8237,8569,0,0.5421648895275781
TERM,8570,9062,0,0.5421648895275781
TERM,9063,9115,0,0.5421648895275781
TERM,9116,9447,0,0.5421648895275781
TERM,9448,9782,0,0.5421648895275781
TERM,9783,9866,0,0.5421648895275781
TERM,9867,10184,0,0.5421648895275781
TERM,10185,10497,0,0.5421648895275781
TERM,10498,10663,0,0.5421648895275781
TERM,10664,11135,0,0.5421648895275781
TERM,11136,11162,0,0.5421648895275781
TERM,11163,11383,0,0.5421648895275781
TERM,11384,11667,0,0.5421648895275781
TERM,11668,11817,0,0.5421648895275781
TERM,11818,12053,0,0.5421648895275781
TERM,12054,12328,0,0.5421648895275781
TERM,12329,12509,0,0.5421648895275781
TERM,12510,12684,0,0.5421648895275781
TERM,12685,13042,0,0.5421648895275781
TERM,13043,13304,0,0.5421648895275781
TERM,13305,13433,0,0.5421648895275781
TERM,13434,13473,0,0.5421648895275781
TERM,13474,13846,0,0.5421648895275781
TERM,13847,14316,0,0.5421648895275781
TERM,14317,14399,0,0.5421648895275781
TERM,14400,14601,0,0.5421648895275781
TERM,14602,14742,0,0.5421648895275781
TERM,14743,14827,0,0.5421648895275781
