channel,start_time,stop_time,label,confidence
TERM,1,229,0,0.6314132545251513
TERM,230,658,0,0.6314132545251513
TERM,659,1098,0,0.6314132545251513
TERM,1099,1151,0,0.6314132545251513
TERM,1152,1184,0,0.6314132545251513
TERM,1185,1275,0,0.6314132545251513
TERM,1276,1675,0,0.6314132545251513
TERM,1676,2041,0,0.6314132545251513
TERM,2042,2307,0,0.6314132545251513
TERM,2308,2606,0,0.6314132545251513
TERM,2607,2781,0,0.6314132545251513
TERM,2782,2819,0,0.6314132545251513
TERM,2820,3262,0,0.6314132545251513
TERM,3263,3307,0,0.6314132545251513
TERM,3308,3518,0,0.6314132545251513
TERM,3519,3660,0,0.6314132545251513
TERM,3661,3933,0,0.6314132545251513
TERM,3934,4415,0,0.6314132545251513
TERM,4416,4459,0,0.6314132545251513
TERM,4460,4844,0,0.6314132545251513
TERM,4845,4909,0,0.6314132545251513
TERM,4910,5381,0,0.6314132545251513
TERM,5382,5447,0,0.6314132545251513
TERM,5448,5544,0,0.6314132545251513
TERM,5545,5744,0,0.6314132545251513
TERM,5745,6117,0,0.6314132545251513
TERM,6118,6297,0,0.6314132545251513
TERM,6298,6706,0,0.6314132545251513
TERM,6707,6992,0,0.6314132545251513
TERM,6993,7086,0,0.6314132545251513
TERM,7087,7363,0,0.6314132545251513
TERM,7364,7622,0,0.6314132545251513
TERM,7623,7994,0,0.6314132545251513
TERM,7995,8476,0,0.6314132545251513
TERM,8477,8941,0,0.6314132545251513
TERM,8942,9139,0,0.6314132545251513
TERM,9140,9171,0,0.6314132545251513
TERM,9172,9429,0,0.6314132545251513
TERM,9430,9483,0,0.6314132545251513
TERM,9484,9703,0,0.6314132545251513
TERM,9704,9884,0,0.6314132545251513
TERM,9885,9973,0,0.6314132545251513
TERM,9974,10099,0,0.6314132545251513
TERM,10100,10269,0,0.6314132545251513
TERM,10270,10566,0,0.6314132545251513
TERM,10567,10598,0,0.6314132545251513
TERM,10599,10914,0,0.6314132545251513
TERM,10915,11337,0,0.6314132545251513
