channel,start_time,stop_time,label,confidence
TERM,1,175,0,0.6330390634500165
TERM,176,630,0,0.6330390634500165
TERM,631,927,0,0.6330390634500165
TERM,928,1084,0,0.6330390634500165
TERM,1085,1133,0,0.6330390634500165
TERM,1134,1391,0,0.6330390634500165
TERM,1392,1758,0,0.6330390634500165
TERM,1759,1863,0,0.6330390634500165
TERM,1864,2129,0,0.6330390634500165
TERM,2130,2244,0,0.6330390634500165
TERM,2245,2665,0,0.6330390634500165
TERM,2666,3108,0,0.6330390634500165
TERM,3109,3367,0,0.6330390634500165
TERM,3368,3767,0,0.6330390634500165
TERM,3768,4156,0,0.6330390634500165
TERM,4157,4612,0,0.6330390634500165
TERM,4613,5036,0,0.6330390634500165
TERM,5037,5269,0,0.6330390634500165
TERM,5270,5620,0,0.6330390634500165
TERM,5621,5842,0,0.6330390634500165
TERM,5843,6053,0,0.6330390634500165
TERM,6054,6302,0,0.6330390634500165
TERM,6303,6340,0,0.6330390634500165
TERM,6341,6824,0,0.6330390634500165
TERM,6825,7009,0,0.6330390634500165
TERM,7010,7403,0,0.6330390634500165
TERM,7404,7887,0,0.6330390634500165
TERM,7888,8337,0,0.6330390634500165
TERM,8338,8609,0,0.6330390634500165
TERM,8610,8741,0,0.6330390634500165
TERM,8742,8756,0,0.6330390634500165
TERM,8757,8805,0,0.6330390634500165
TERM,8806,9187,0,0.6330390634500165
TERM,9188,9389,0,0.6330390634500165
TERM,9390,9480,0,0.6330390634500165
TERM,9481,9654,0,0.6330390634500165
TERM,9655,10135,0,0.6330390634500165
TERM,10136,10281,0,0.6330390634500165
TERM,10282,10714,0,0.6330390634500165
TERM,10715,10811,0,0.6330390634500165
TERM,10812,11249,0,0.6330390634500165
TERM,11250,11460,0,0.6330390634500165
TERM,11461,11744,0,0.6330390634500165
TERM,11745,12229,0,0.6330390634500165
TERM,12230,12339,0,0.6330390634500165
TERM,12340,12768,0,0.6330390634500165
TERM,12769,13037,0,0.6330390634500165
TERM,13038,13112,0,0.6330390634500165
TERM,13113,13360,0,0.6330390634500165
TERM,13361,13436,0,0.6330390634500165
TERM,13437,13574,0,0.6330390634500165
TERM,13575,13876,0,0.6330390634500165
TERM,13877,14290,0,0.6330390634500165
TERM,14291,14571,0,0.6330390634500165
TERM,14572,14725,0,0.6330390634500165
TERM,14726,14784,0,0.6330390634500165
TERM,14785,15099,0,0.6330390634500165
TERM,15100,15138,0,0.6330390634500165
TERM,15139,15495,0,0.6330390634500165
TERM,15496,15566,0,0.6330390634500165
