channel,start_time,stop_time,label,confidence
TERM,1,433,0,0.6457642785088289
TERM,434,677,0,0.6457642785088289
TERM,678,912,0,0.6457642785088289
TERM,913,1065,0,0.6457642785088289
TERM,1066,1320,0,0.6457642785088289
TERM,1321,1484,0,0.6457642785088289
TERM,1485,1701,0,0.6457642785088289
TERM,1702,1786,0,0.6457642785088289
TERM,1787,1946,0,0.6457642785088289
TERM,1947,2329,0,0.6457642785088289
TERM,2330,2706,0,0.6457642785088289
TERM,2707,3200,0,0.6457642785088289
TERM,3201,3437,0,0.6457642785088289
TERM,3438,3560,0,0.6457642785088289
TERM,3561,3641,0,0.6457642785088289
TERM,3642,4134,0,0.6457642785088289
TERM,4135,4265,0,0.6457642785088289
TERM,4266,4637,0,0.6457642785088289
TERM,4638,4729,0,0.6457642785088289
TERM,4730,4826,0,0.6457642785088289
TERM,4827,5080,0,0.6457642785088289
TERM,5081,5424,0,0.6457642785088289
TERM,5425,5666,0,0.6457642785088289
TERM,5667,5969,0,0.6457642785088289
TERM,5970,6155,0,0.6457642785088289
TERM,6156,6587,0,0.6457642785088289
TERM,6588,6966,0,0.6457642785088289
TERM,6967,7170,0,0.6457642785088289
TERM,7171,7201,0,0.6457642785088289
TERM,7202,7459,0,0.6457642785088289
TERM,7460,7766,0,0.6457642785088289
TERM,7767,7889,0,0.6457642785088289
TERM,7890,8023,0,0.6457642785088289
TERM,8024,8440,0,0.6457642785088289
TERM,8441,8653,0,0.6457642785088289
TERM,8654,9130,0,0.6457642785088289
TERM,9131,9253,0,0.6457642785088289
TERM,9254,9493,0,0.6457642785088289
TERM,9494,9772,0,0.6457642785088289
TERM,9773,10270,0,0.6457642785088289
TERM,10271,10392,0,0.6457642785088289
TERM,10393,10640,0,0.6457642785088289
TERM,10641,10686,0,0.6457642785088289
TERM,10687,10839,0,0.6457642785088289
TERM,10840,11077,0,0.6457642785088289
TERM,11078,11538,0,0.6457642785088289
TERM,11539,11714,0,0.6457642785088289
TERM,11715,11851,0,0.6457642785088289
TERM,11852,11926,0,0.6457642785088289
TERM,11927,12248,0,0.6457642785088289
TERM,12249,12386,0,0.6457642785088289
TERM,12387,12398,0,0.6457642785088289
TERM,12399,12543,0,0.6457642785088289
TERM,12544,12643,0,0.6457642785088289
TERM,12644,13037,0,0.6457642785088289
TERM,13038,13093,0,0.6457642785088289
TERM,13094,13368,0,0.6457642785088289
TERM,13369,13811,0,0.6457642785088289
TERM,13812,14194,0,0.6457642785088289
TERM,14195,14642,0,0.6457642785088289
TERM,14643,15041,0,0.6457642785088289
TERM,15042,15382,0,0.6457642785088289
TERM,15383,15850,0,0.6457642785088289
TERM,15851,16011,0,0.6457642785088289
