channel,start_time,stop_time,label,confidence
TERM,1,130,0,0.6043432769512345
TERM,131,515,0,0.6043432769512345
TERM,516,768,0,0.6043432769512345
TERM,769,806,0,0.6043432769512345
TERM,807,975,0,0.6043432769512345
TERM,976,1412,0,0.6043432769512345
TERM,1413,1896,0,0.6043432769512345
TERM,1897,2317,0,0.6043432769512345
TERM,2318,2816,0,0.6043432769512345
TERM,2817,2948,0,0.6043432769512345
TERM,2949,3080,0,0.6043432769512345
TERM,3081,3181,0,0.6043432769512345
TERM,3182,3338,0,0.6043432769512345
TERM,3339,3469,0,0.6043432769512345
TERM,3470,3843,0,0.6043432769512345
TERM,3844,4183,0,0.6043432769512345
TERM,4184,4603,0,0.6043432769512345
TERM,4604,4792,0,0.6043432769512345
TERM,4793,5193,0,0.6043432769512345
TERM,5194,5207,0,0.6043432769512345
TERM,5208,5316,0,0.6043432769512345
TERM,5317,5399,0,0.6043432769512345
TERM,5400,5606,0,0.6043432769512345
TERM,5607,5917,0,0.6043432769512345
TERM,5918,6070,0,0.6043432769512345
TERM,6071,6222,0,0.6043432769512345
TERM,6223,6548,0,0.6043432769512345
TERM,6549,6716,0,0.6043432769512345
TERM,6717,6778,0,0.6043432769512345
TERM,6779,7188,0,0.6043432769512345
TERM,7189,7514,0,0.6043432769512345
TERM,7515,7614,0,0.6043432769512345
TERM,7615,8093,0,0.6043432769512345
TERM,8094,8575,0,0.6043432769512345
TERM,8576,8941,0,0.6043432769512345
TERM,8942,9228,0,0.6043432769512345
TERM,9229,9626,0,0.6043432769512345
TERM,9627,9966,0,0.6043432769512345
TERM,9967,10185,0,0.6043432769512345
TERM,10186,10562,0,0.6043432769512345
TERM,10563,10815,0,0.6043432769512345
TERM,10816,11201,0,0.6043432769512345
TERM,11202,11424,0,0.6043432769512345
TERM,11425,11553,0,0.6043432769512345
TERM,11554,11943,0,0.6043432769512345
TERM,11944,12413,0,0.6043432769512345
TERM,12414,12883,0,0.6043432769512345
TERM,12884,12984,0,0.6043432769512345
TERM,12985,13458,0,0.6043432769512345
TERM,13459,13957,0,0.6043432769512345
TERM,13958,14305,0,0.6043432769512345
TERM,14306,14722,0,0.6043432769512345
TERM,14723,15195,0,0.6043432769512345
TERM,15196,15504,0,0.6043432769512345
TERM,15505,15570,0,0.6043432769512345
TERM,15571,15725,0,0.6043432769512345
TERM,15726,16219,0,0.6043432769512345
TERM,16220,16504,0,0.6043432769512345
TERM,16505,16634,0,0.6043432769512345
TERM,16635,17054,0,0.6043432769512345
