channel,start_time,stop_time,label,confidence
TERM,1,139,0,0.5209950427329093
TERM,140,190,0,0.5209950427329093
TERM,191,608,0,0.5209950427329093
TERM,609,705,0,0.5209950427329093
TERM,706,1053,0,0.5209950427329093
TERM,1054,1315,0,0.5209950427329093
TERM,1316,1366,0,0.5209950427329093
TERM,1367,1514,0,0.5209950427329093
TERM,1515,1581,0,0.5209950427329093
TERM,1582,2080,0,0.5209950427329093
TERM,2081,2135,0,0.5209950427329093
TERM,2136,2569,0,0.5209950427329093
TERM,2570,2877,0,0.5209950427329093
TERM,2878,3287,0,0.5209950427329093
TERM,3288,3549,0,0.5209950427329093
TERM,3550,3890,0,0.5209950427329093
TERM,3891,4024,0,0.5209950427329093
TERM,4025,4148,0,0.5209950427329093
TERM,4149,4568,0,0.5209950427329093
TERM,4569,4978,0,0.5209950427329093
TERM,4979,5474,0,0.5209950427329093
TERM,5475,5663,0,0.5209950427329093
TERM,5664,5853,0,0.5209950427329093
TERM,5854,6016,0,0.5209950427329093
TERM,6017,6429,0,0.5209950427329093
TERM,6430,6922,0,0.5209950427329093
TERM,6923,7007,0,0.5209950427329093
TERM,7008,7476,0,0.5209950427329093
TERM,7477,7611,0,0.5209950427329093
TERM,7612,7624,0,0.5209950427329093
TERM,7625,7771,0,0.5209950427329093
TERM,7772,7819,0,0.5209950427329093
TERM,7820,8238,0,0.5209950427329093
TERM,8239,8322,0,0.5209950427329093
TERM,8323,8414,0,0.5209950427329093
TERM,8415,8468,0,0.5209950427329093
TERM,8469,8543,0,0.5209950427329093
TERM,8544,8837,0,0.5209950427329093
TERM,8838,9326,0,0.5209950427329093
TERM,9327,9382,0,0.5209950427329093
TERM,9383,9578,0,0.5209950427329093
TERM,9579,9913,0,0.5209950427329093
TERM,9914,10283,0,0.5209950427329093
TERM,10284,10541,0,0.5209950427329093
TERM,10542,10592,0,0.5209950427329093
TERM,10593,10704,0,0.5209950427329093
TERM,10705,10803,0,0.5209950427329093
TERM,10804,11081,0,0.5209950427329093
TERM,11082,11538,0,0.5209950427329093
TERM,11539,11585,0,0.5209950427329093
TERM,11586,11721,0,0.5209950427329093
TERM,11722,11897,0,0.5209950427329093
TERM,11898,11920,0,0.5209950427329093
TERM,11921,12407,0,0.5209950427329093
TERM,12408,12511,0,0.5209950427329093
TERM,12512,12897,0,0.5209950427329093
TERM,12898,13045,0,0.5209950427329093
TERM,13046,13506,0,0.5209950427329093
TERM,13507,13659,0,0.5209950427329093
TERM,13660,13744,0,0.5209950427329093
