channel,start_time,stop_time,label,confidence
TERM,1,128,0,0.599718819054157
TERM,129,569,0,0.599718819054157
TERM,570,893,0,0.599718819054157
TERM,894,954,0,0.599718819054157
TERM,955,1412,0,0.599718819054157
TERM,1413,1749,0,0.599718819054157
TERM,1750,1967,0,0.599718819054157
TERM,1968,1980,0,0.599718819054157
TERM,1981,2415,0,0.599718819054157
TERM,2416,2600,0,0.599718819054157
TERM,2601,2758,0,0.599718819054157
TERM,2759,3050,0,0.599718819054157
TERM,3051,3454,0,0.599718819054157
TERM,3455,3543,0,0.599718819054157
TERM,3544,3885,0,0.599718819054157
TERM,3886,4249,0,0.599718819054157
TERM,4250,4489,0,0.599718819054157
TERM,4490,4651,0,0.599718819054157
TERM,4652,5100,0,0.599718819054157
TERM,5101,5516,0,0.599718819054157
TERM,5517,5840,0,0.599718819054157
TERM,5841,5908,0,0.599718819054157
TERM,5909,6187,0,0.599718819054157
TERM,6188,6326,0,0.599718819054157
TERM,6327,6720,0,0.599718819054157
TERM,6721,6996,0,0.599718819054157
TERM,6997,7243,0,0.599718819054157
TERM,7244,7471,0,0.599718819054157
TERM,7472,7545,0,0.599718819054157
TERM,7546,7868,0,0.599718819054157
TERM,7869,8361,0,0.599718819054157
TERM,8362,8822,0,0.599718819054157
TERM,8823,9319,0,0.599718819054157
TERM,9320,9709,0,0.599718819054157
TERM,9710,10018,0,0.599718819054157
TERM,10019,10470,0,0.599718819054157
TERM,10471,10944,0,0.599718819054157
TERM,10945,11320,0,0.599718819054157
TERM,11321,11774,0,0.599718819054157
TERM,11775,12214,0,0.599718819054157
TERM,12215,12577,0,0.599718819054157
TERM,12578,13068,0,0.599718819054157
TERM,13069,13448,0,0.599718819054157
TERM,13449,13869,0,0.599718819054157
TERM,13870,14076,0,0.599718819054157
