channel,start_time,stop_time,label,confidence
TERM,1,461,0,0.5931767593304718
TERM,462,748,0,0.5931767593304718
TERM,749,927,0,0.5931767593304718
TERM,928,1119,0,0.5931767593304718
TERM,1120,1436,0,0.5931767593304718
TERM,1437,1893,0,0.5931767593304718
TERM,1894,1973,0,0.5931767593304718
TERM,1974,2055,0,0.5931767593304718
TERM,2056,2116,0,0.5931767593304718
TERM,2117,2280,0,0.5931767593304718
TERM,2281,2309,0,0.5931767593304718
TERM,2310,2443,0,0.5931767593304718
TERM,2444,2746,0,0.5931767593304718
TERM,2747,3002,0,0.5931767593304718
TERM,3003,3367,0,0.5931767593304718
TERM,3368,3702,0,0.5931767593304718
TERM,3703,3913,0,0.5931767593304718
TERM,3914,4338,0,0.5931767593304718
TERM,4339,4352,0,0.5931767593304718
TERM,4353,4429,0,0.5931767593304718
TERM,4430,4879,0,0.5931767593304718
TERM,4880,4993,0,0.5931767593304718
TERM,4994,5156,0,0.5931767593304718
TERM,5157,5556,0,0.5931767593304718
TERM,5557,5721,0,0.5931767593304718
TERM,5722,6207,0,0.5931767593304718
TERM,6208,6244,0,0.5931767593304718
TERM,6245,6545,0,0.5931767593304718
TERM,6546,6779,0,0.5931767593304718
TERM,6780,7127,0,0.5931767593304718
TERM,7128,7236,0,0.5931767593304718
TERM,7237,7714,0,0.5931767593304718
TERM,7715,7828,0,0.5931767593304718
TERM,7829,8025,0,0.5931767593304718
TERM,8026,8487,0,0.5931767593304718
TERM,8488,8606,0,0.5931767593304718
TERM,8607,8920,0,0.5931767593304718
TERM,8921,9344,0,0.5931767593304718
TERM,9345,9644,0,0.5931767593304718
TERM,9645,9868,0,0.5931767593304718
TERM,9869,10292,0,0.5931767593304718
TERM,10293,10592,0,0.5931767593304718
TERM,10593,10934,0,0.5931767593304718
TERM,10935,11147,0,0.5931767593304718
TERM,11148,11434,0,0.5931767593304718
TERM,11435,11495,0,0.5931767593304718
TERM,11496,11709,0,0.5931767593304718
TERM,11710,12004,0,0.5931767593304718
TERM,12005,12358,0,0.5931767593304718
TERM,12359,12478,0,0.5931767593304718
TERM,12479,12830,0,0.5931767593304718
TERM,12831,12887,0,0.5931767593304718
TERM,12888,12997,0,0.5931767593304718
TERM,12998,13431,0,0.5931767593304718
TERM,13432,13624,0,0.5931767593304718
TERM,13625,13780,0,0.5931767593304718
TERM,13781,13926,0,0.5931767593304718
TERM,13927,14338,0,0.5931767593304718
TERM,14339,14598,0,0.5931767593304718
TERM,14599,14906,0,0.5931767593304718
TERM,14907,15337,0,0.5931767593304718
TERM,15338,15588,0,0.5931767593304718
TERM,15589,15972,0,0.5931767593304718
TERM,15973,16042,0,0.5931767593304718
TERM,16043,16352,0,0.5931767593304718
TERM,16353,16467,0,0.5931767593304718
