channel,start_time,stop_time,label,confidence
TERM,1,286,0,0.6099671763985075
TERM,287,730,0,0.6099671763985075
TERM,731,936,0,0.6099671763985075
TERM,937,946,0,0.6099671763985075
TERM,947,976,0,0.6099671763985075
TERM,977,1223,0,0.6099671763985075
TERM,1224,1688,0,0.6099671763985075
TERM,1689,1904,0,0.6099671763985075
TERM,1905,2078,0,0.6099671763985075
TERM,2079,2148,0,0.6099671763985075
TERM,2149,2254,0,0.6099671763985075
TERM,2255,2666,0,0.6099671763985075
TERM,2667,3158,0,0.6099671763985075
TERM,3159,3435,0,0.6099671763985075
