channel,start_time,stop_time,label,confidence
TERM,1,105,0,0.5307714118958828
TERM,106,288,0,0.5307714118958828
TERM,289,649,0,0.5307714118958828
TERM,650,1132,0,0.5307714118958828
TERM,1133,1619,0,0.5307714118958828
TERM,1620,1840,0,0.5307714118958828
TERM,1841,1945,0,0.5307714118958828
TERM,1946,2080,0,0.5307714118958828
TERM,2081,2127,0,0.5307714118958828
TERM,2128,2455,0,0.5307714118958828
TERM,2456,2900,0,0.5307714118958828
TERM,2901,3345,0,0.5307714118958828
TERM,3346,3802,0,0.5307714118958828
TERM,3803,4302,0,0.5307714118958828
TERM,4303,4413,0,0.5307714118958828
TERM,4414,4839,0,0.5307714118958828
TERM,4840,5022,0,0.5307714118958828
TERM,5023,5088,0,0.5307714118958828
TERM,5089,5161,0,0.5307714118958828
TERM,5162,5183,0,0.5307714118958828
TERM,5184,5343,0,0.5307714118958828
TERM,5344,5749,0,0.5307714118958828
TERM,5750,6172,0,0.5307714118958828
TERM,6173,6272,0,0.5307714118958828
TERM,6273,6610,0,0.5307714118958828
TERM,6611,6915,0,0.5307714118958828
TERM,6916,6925,0,0.5307714118958828
TERM,6926,7198,0,0.5307714118958828
TERM,7199,7290,0,0.5307714118958828
TERM,7291,7464,0,0.5307714118958828
TERM,7465,7934,0,0.5307714118958828
TERM,7935,8273,0,0.5307714118958828
TERM,8274,8324,0,0.5307714118958828
TERM,8325,8737,0,0.5307714118958828
TERM,8738,8926,0,0.5307714118958828
TERM,8927,9249,0,0.5307714118958828
TERM,9250,9683,0,0.5307714118958828
TERM,9684,9701,0,0.5307714118958828
TERM,9702,10007,0,0.5307714118958828
TERM,10008,10498,0,0.5307714118958828
TERM,10499,10533,0,0.5307714118958828
TERM,10534,10713,0,0.5307714118958828
TERM,10714,10903,0,0.5307714118958828
TERM,10904,11344,0,0.5307714118958828
TERM,11345,11675,0,0.5307714118958828
TERM,11676,11693,0,0.5307714118958828
TERM,11694,12123,0,0.5307714118958828
TERM,12124,12251,0,0.5307714118958828
TERM,12252,12263,0,0.5307714118958828
TERM,12264,12683,0,0.5307714118958828
TERM,12684,12893,0,0.5307714118958828
TERM,12894,13038,0,0.5307714118958828
TERM,13039,13087,0,0.5307714118958828
TERM,13088,13142,0,0.5307714118958828
TERM,13143,13625,0,0.5307714118958828
TERM,13626,14033,0,0.5307714118958828
TERM,14034,14141,0,0.5307714118958828
TERM,14142,14225,0,0.5307714118958828
TERM,14226,14304,0,0.5307714118958828
TERM,14305,14673,0,0.5307714118958828
TERM,14674,14793,0,0.5307714118958828
TERM,14794,14819,0,0.5307714118958828
TERM,14820,15219,0,0.5307714118958828
TERM,15220,15675,0,0.5307714118958828
TERM,15676,15767,0,0.5307714118958828
