channel,start_time,stop_time,label,confidence
TERM,1,28,0,0.7613651978086318
TERM,29,234,0,0.7613651978086318
TERM,235,587,0,0.7613651978086318
TERM,588,1006,0,0.7613651978086318
TERM,1007,1432,0,0.7613651978086318
TERM,1433,1873,0,0.7613651978086318
TERM,1874,2371,0,0.7613651978086318
TERM,2372,2694,0,0.7613651978086318
TERM,2695,2836,0,0.7613651978086318
TERM,2837,3248,0,0.7613651978086318
TERM,3249,3297,0,0.7613651978086318
TERM,3298,3432,0,0.7613651978086318
TERM,3433,3792,0,0.7613651978086318
TERM,3793,4043,0,0.7613651978086318
TERM,4044,4351,0,0.7613651978086318
TERM,4352,4680,0,0.7613651978086318
TERM,4681,4961,0,0.7613651978086318
TERM,4962,5052,0,0.7613651978086318
TERM,5053,5521,0,0.7613651978086318
TERM,5522,5730,0,0.7613651978086318
TERM,5731,5763,0,0.7613651978086318
TERM,5764,5816,0,0.7613651978086318
TERM,5817,6201,0,0.7613651978086318
TERM,6202,6454,0,0.7613651978086318
TERM,6455,6834,0,0.7613651978086318
TERM,6835,7099,0,0.7613651978086318
TERM,7100,7283,0,0.7613651978086318
TERM,7284,7440,0,0.7613651978086318
TERM,7441,7821,0,0.7613651978086318
TERM,7822,8248,0,0.7613651978086318
TERM,8249,8454,0,0.7613651978086318
TERM,8455,8526,0,0.7613651978086318
TERM,8527,8956,0,0.7613651978086318
TERM,8957,9419,0,0.7613651978086318
TERM,9420,9519,0,0.7613651978086318
TERM,9520,9703,0,0.7613651978086318
TERM,9704,10104,0,0.7613651978086318
TERM,10105,10316,0,0.7613651978086318
TERM,10317,10664,0,0.7613651978086318
TERM,10665,10920,0,0.7613651978086318
TERM,10921,11393,0,0.7613651978086318
TERM,11394,11555,0,0.7613651978086318
TERM,11556,11888,0,0.7613651978086318
TERM,11889,11972,0,0.7613651978086318
TERM,11973,12029,0,0.7613651978086318
TERM,12030,12501,0,0.7613651978086318
TERM,12502,12822,0,0.7613651978086318
TERM,12823,12898,0,0.7613651978086318
TERM,12899,13131,0,0.7613651978086318
TERM,13132,13156,0,0.7613651978086318
TERM,13157,13249,0,0.7613651978086318
TERM,13250,13491,0,0.7613651978086318
