channel,start_time,stop_time,label,confidence
TERM,1,148,0,0.3917825217446204
TERM,149,261,0,0.3917825217446204
TERM,262,696,0,0.3917825217446204
TERM,697,821,0,0.3917825217446204
TERM,822,1000,0,0.3917825217446204
TERM,1001,1018,0,0.3917825217446204
TERM,1019,1109,0,0.3917825217446204
TERM,1110,1218,0,0.3917825217446204
TERM,1219,1423,0,0.3917825217446204
TERM,1424,1541,0,0.3917825217446204
TERM,1542,1708,0,0.3917825217446204
TERM,1709,2157,0,0.3917825217446204
TERM,2158,2499,0,0.3917825217446204
TERM,2500,2963,0,0.3917825217446204
TERM,2964,3409,0,0.3917825217446204
TERM,3410,3681,0,0.3917825217446204
TERM,3682,4104,0,0.3917825217446204
TERM,4105,4344,0,0.3917825217446204
TERM,4345,4508,0,0.3917825217446204
TERM,4509,4994,0,0.3917825217446204
TERM,4995,5258,0,0.3917825217446204
TERM,5259,5361,0,0.3917825217446204
TERM,5362,5748,0,0.3917825217446204
TERM,5749,6116,0,0.3917825217446204
TERM,6117,6565,0,0.3917825217446204
TERM,6566,6882,0,0.3917825217446204
TERM,6883,7281,0,0.3917825217446204
TERM,7282,7593,0,0.3917825217446204
TERM,7594,7649,0,0.3917825217446204
TERM,7650,8082,0,0.3917825217446204
TERM,8083,8327,0,0.3917825217446204
TERM,8328,8741,0,0.3917825217446204
TERM,8742,8932,0,0.3917825217446204
TERM,8933,9426,0,0.3917825217446204
TERM,9427,9892,0,0.3917825217446204
TERM,9893,9990,0,0.3917825217446204
TERM,9991,10213,0,0.3917825217446204
TERM,10214,10428,0,0.3917825217446204
TERM,10429,10835,0,0.3917825217446204
TERM,10836,10861,0,0.3917825217446204
TERM,10862,10891,0,0.3917825217446204
TERM,10892,11246,0,0.3917825217446204
TERM,11247,11301,0,0.3917825217446204
TERM,11302,11722,0,0.3917825217446204
