channel,start_time,stop_time,label,confidence
TERM,1,149,0,0.6992280050152817
TERM,150,546,0,0.6992280050152817
TERM,547,688,0,0.6992280050152817
TERM,689,791,0,0.6992280050152817
TERM,792,980,0,0.6992280050152817
TERM,981,1216,0,0.6992280050152817
TERM,1217,1618,0,0.6992280050152817
TERM,1619,1741,0,0.6992280050152817
TERM,1742,2030,0,0.6992280050152817
TERM,2031,2304,0,0.6992280050152817
TERM,2305,2529,0,0.6992280050152817
TERM,2530,2983,0,0.6992280050152817
TERM,2984,3123,0,0.6992280050152817
TERM,3124,3259,0,0.6992280050152817
TERM,3260,3329,0,0.6992280050152817
TERM,3330,3580,0,0.6992280050152817
TERM,3581,3761,0,0.6992280050152817
TERM,3762,4042,0,0.6992280050152817
TERM,4043,4166,0,0.6992280050152817
TERM,4167,4521,0,0.6992280050152817
TERM,4522,5002,0,0.6992280050152817
TERM,5003,5330,0,0.6992280050152817
TERM,5331,5525,0,0.6992280050152817
TERM,5526,5732,0,0.6992280050152817
TERM,5733,5786,0,0.6992280050152817
TERM,5787,5928,0,0.6992280050152817
TERM,5929,6116,0,0.6992280050152817
TERM,6117,6185,0,0.6992280050152817
TERM,6186,6458,0,0.6992280050152817
TERM,6459,6868,0,0.6992280050152817
TERM,6869,7263,0,0.6992280050152817
TERM,7264,7416,0,0.6992280050152817
TERM,7417,7810,0,0.6992280050152817
TERM,7811,8279,0,0.6992280050152817
TERM,8280,8331,0,0.6992280050152817
TERM,8332,8712,0,0.6992280050152817
TERM,8713,8909,0,0.6992280050152817
TERM,8910,8923,0,0.6992280050152817
TERM,8924,9261,0,0.6992280050152817
TERM,9262,9632,0,0.6992280050152817
TERM,9633,10038,0,0.6992280050152817
TERM,10039,10296,0,0.6992280050152817
TERM,10297,10493,0,0.6992280050152817
TERM,10494,10717,0,0.6992280050152817
TERM,10718,10789,0,0.6992280050152817
TERM,10790,10869,0,0.6992280050152817
TERM,10870,11317,0,0.6992280050152817
TERM,11318,11433,0,0.6992280050152817
TERM,11434,11800,0,0.6992280050152817
TERM,11801,12113,0,0.6992280050152817
TERM,12114,12476,0,0.6992280050152817
TERM,12477,12728,0,0.6992280050152817
TERM,12729,13086,0,0.6992280050152817
TERM,13087,13409,0,0.6992280050152817
TERM,13410,13486,0,0.6992280050152817
TERM,13487,13866,0,0.6992280050152817
TERM,13867,14120,0,0.6992280050152817
TERM,14121,14209,0,0.6992280050152817
TERM,14210,14246,0,0.6992280050152817
TERM,14247,14516,0,0.6992280050152817
TERM,14517,14527,0,0.6992280050152817
TERM,14528,14868,0,0.6992280050152817
TERM,14869,15126,0,0.6992280050152817
TERM,15127,15167,0,0.6992280050152817
TERM,15168,15257,0,0.6992280050152817
