channel,start_time,stop_time,label,confidence
TERM,1,375,0,0.609162880683437
TERM,376,845,0,0.609162880683437
TERM,846,1316,0,0.609162880683437
TERM,1317,1469,0,0.609162880683437
TERM,1470,1766,0,0.609162880683437
TERM,1767,2113,0,0.609162880683437
TERM,2114,2374,0,0.609162880683437
TERM,2375,2644,0,0.609162880683437
TERM,2645,2927,0,0.609162880683437
TERM,2928,3090,0,0.609162880683437
TERM,3091,3114,0,0.609162880683437
TERM,3115,3128,0,0.609162880683437
TERM,3129,3439,0,0.609162880683437
TERM,3440,3910,0,0.609162880683437
TERM,3911,4255,0,0.609162880683437
TERM,4256,4299,0,0.609162880683437
TERM,4300,4740,0,0.609162880683437
TERM,4741,4761,0,0.609162880683437
TERM,4762,5029,0,0.609162880683437
TERM,5030,5237,0,0.609162880683437
TERM,5238,5540,0,0.609162880683437
TERM,5541,5744,0,0.609162880683437
TERM,5745,5991,0,0.609162880683437
TERM,5992,6135,0,0.609162880683437
TERM,6136,6402,0,0.609162880683437
TERM,6403,6604,0,0.609162880683437
TERM,6605,7075,0,0.609162880683437
TERM,7076,7225,0,0.609162880683437
TERM,7226,7480,0,0.609162880683437
TERM,7481,7649,0,0.609162880683437
TERM,7650,7914,0,0.609162880683437
TERM,7915,8236,0,0.609162880683437
TERM,8237,8452,0,0.609162880683437
TERM,8453,8571,0,0.609162880683437
TERM,8572,8867,0,0.609162880683437
TERM,8868,9128,0,0.609162880683437
TERM,9129,9281,0,0.609162880683437
TERM,9282,9413,0,0.609162880683437
TERM,9414,9867,0,0.609162880683437
TERM,9868,10283,0,0.609162880683437
TERM,10284,10746,0,0.609162880683437
TERM,10747,10841,0,0.609162880683437
TERM,10842,11244,0,0.609162880683437
TERM,11245,11295,0,0.609162880683437
TERM,11296,11531,0,0.609162880683437
TERM,11532,12007,0,0.609162880683437
TERM,12008,12286,0,0.609162880683437
TERM,12287,12567,0,0.609162880683437
