channel,start_time,stop_time,label,confidence
TERM,1,47,0,0.4616875614457739
TERM,48,504,0,0.4616875614457739
TERM,505,678,0,0.4616875614457739
TERM,679,1103,0,0.4616875614457739
TERM,1104,1263,0,0.4616875614457739
TERM,1264,1439,0,0.4616875614457739
TERM,1440,1893,0,0.4616875614457739
TERM,1894,1923,0,0.4616875614457739
TERM,1924,2160,0,0.4616875614457739
TERM,2161,2384,0,0.4616875614457739
TERM,2385,2757,0,0.4616875614457739
TERM,2758,2847,0,0.4616875614457739
TERM,2848,2945,0,0.4616875614457739
TERM,2946,3221,0,0.4616875614457739
TERM,3222,3521,0,0.4616875614457739
TERM,3522,3613,0,0.4616875614457739
TERM,3614,3926,0,0.4616875614457739
TERM,3927,3996,0,0.4616875614457739
TERM,3997,4417,0,0.4616875614457739
TERM,4418,4831,0,0.4616875614457739
TERM,4832,5065,0,0.4616875614457739
TERM,5066,5542,0,0.4616875614457739
TERM,5543,5891,0,0.4616875614457739
TERM,5892,5912,0,0.4616875614457739
TERM,5913,6077,0,0.4616875614457739
TERM,6078,6238,0,0.4616875614457739
TERM,6239,6370,0,0.4616875614457739
TERM,6371,6397,0,0.4616875614457739
TERM,6398,6796,0,0.4616875614457739
TERM,6797,7084,0,0.4616875614457739
TERM,7085,7197,0,0.4616875614457739
TERM,7198,7548,0,0.4616875614457739
TERM,7549,8016,0,0.4616875614457739
TERM,8017,8075,0,0.4616875614457739
TERM,8076,8207,0,0.4616875614457739
TERM,8208,8363,0,0.4616875614457739
TERM,8364,8628,0,0.4616875614457739
TERM,8629,9026,0,0.4616875614457739
TERM,9027,9201,0,0.4616875614457739
TERM,9202,9609,0,0.4616875614457739
TERM,9610,9780,0,0.4616875614457739
TERM,9781,9980,0,0.4616875614457739
TERM,9981,10277,0,0.4616875614457739
TERM,10278,10705,0,0.4616875614457739
TERM,10706,11054,0,0.4616875614457739
TERM,11055,11148,0,0.4616875614457739
TERM,11149,11446,0,0.4616875614457739
TERM,11447,11838,0,0.4616875614457739
TERM,11839,11902,0,0.4616875614457739
TERM,11903,11987,0,0.4616875614457739
TERM,11988,12436,0,0.4616875614457739
TERM,12437,12454,0,0.4616875614457739
TERM,12455,12474,0,0.4616875614457739
TERM,12475,12716,0,0.4616875614457739
TERM,12717,12992,0,0.4616875614457739
