channel,start_time,stop_time,label,confidence
TERM,1,173,0,0.6017172683035223
TERM,174,329,0,0.6017172683035223
TERM,330,660,0,0.6017172683035223
TERM,661,1056,0,0.6017172683035223
TERM,1057,1169,0,0.6017172683035223
TERM,1170,1639,0,0.6017172683035223
TERM,1640,2121,0,0.6017172683035223
TERM,2122,2168,0,0.6017172683035223
TERM,2169,2539,0,0.6017172683035223
TERM,2540,2803,0,0.6017172683035223
TERM,2804,3297,0,0.6017172683035223
TERM,3298,3579,0,0.6017172683035223
TERM,3580,3784,0,0.6017172683035223
TERM,3785,3829,0,0.6017172683035223
TERM,3830,3854,0,0.6017172683035223
TERM,3855,4178,0,0.6017172683035223
TERM,4179,4335,0,0.6017172683035223
TERM,4336,4524,0,0.6017172683035223
TERM,4525,4909,0,0.6017172683035223
TERM,4910,5387,0,0.6017172683035223
TERM,5388,5552,0,0.6017172683035223
TERM,5553,5587,0,0.6017172683035223
TERM,5588,5939,0,0.6017172683035223
TERM,5940,6064,0,0.6017172683035223
TERM,6065,6257,0,0.6017172683035223
TERM,6258,6656,0,0.6017172683035223
TERM,6657,6998,0,0.6017172683035223
TERM,6999,7498,0,0.6017172683035223
TERM,7499,7722,0,0.6017172683035223
TERM,7723,7937,0,0.6017172683035223
TERM,7938,8121,0,0.6017172683035223
TERM,8122,8221,0,0.6017172683035223
TERM,8222,8476,0,0.6017172683035223
TERM,8477,8906,0,0.6017172683035223
TERM,8907,9308,0,0.6017172683035223
TERM,9309,9709,0,0.6017172683035223
TERM,9710,10018,0,0.6017172683035223
TERM,10019,10492,0,0.6017172683035223
TERM,10493,10799,0,0.6017172683035223
TERM,10800,11093,0,0.6017172683035223
TERM,11094,11198,0,0.6017172683035223
TERM,11199,11508,0,0.6017172683035223
TERM,11509,11597,0,0.6017172683035223
TERM,11598,11938,0,0.6017172683035223
TERM,11939,11990,0,0.6017172683035223
TERM,11991,12011,0,0.6017172683035223
TERM,12012,12297,0,0.6017172683035223
TERM,12298,12371,0,0.6017172683035223
TERM,12372,12510,0,0.6017172683035223
TERM,12511,12572,0,0.6017172683035223
TERM,12573,12947,0,0.6017172683035223
TERM,12948,13207,0,0.6017172683035223
TERM,13208,13223,0,0.6017172683035223
TERM,13224,13510,0,0.6017172683035223
TERM,13511,14005,0,0.6017172683035223
TERM,14006,14122,0,0.6017172683035223
TERM,14123,14446,0,0.6017172683035223
TERM,14447,14678,0,0.6017172683035223
TERM,14679,15040,0,0.6017172683035223
TERM,15041,15151,0,0.6017172683035223
