channel,start_time,stop_time,label,confidence
TERM,1,326,0,0.5516494625165981
TERM,327,569,0,0.5516494625165981
TERM,570,979,0,0.5516494625165981
TERM,980,1223,0,0.5516494625165981
TERM,1224,1712,0,0.5516494625165981
TERM,1713,2154,0,0.5516494625165981
TERM,2155,2310,0,0.5516494625165981
TERM,2311,2706,0,0.5516494625165981
TERM,2707,2849,0,0.5516494625165981
TERM,2850,2986,0,0.5516494625165981
TERM,2987,3227,0,0.5516494625165981
TERM,3228,3336,0,0.5516494625165981
TERM,3337,3519,0,0.5516494625165981
TERM,3520,3666,0,0.5516494625165981
TERM,3667,4036,0,0.5516494625165981
TERM,4037,4149,0,0.5516494625165981
TERM,4150,4309,0,0.5516494625165981
TERM,4310,4554,0,0.5516494625165981
TERM,4555,4738,0,0.5516494625165981
TERM,4739,5196,0,0.5516494625165981
TERM,5197,5546,0,0.5516494625165981
TERM,5547,5895,0,0.5516494625165981
TERM,5896,6080,0,0.5516494625165981
TERM,6081,6261,0,0.5516494625165981
TERM,6262,6610,0,0.5516494625165981
TERM,6611,6724,0,0.5516494625165981
TERM,6725,6937,0,0.5516494625165981
TERM,6938,7413,0,0.5516494625165981
TERM,7414,7448,0,0.5516494625165981
TERM,7449,7568,0,0.5516494625165981
TERM,7569,7693,0,0.5516494625165981
TERM,7694,7900,0,0.5516494625165981
TERM,7901,8149,0,0.5516494625165981
TERM,8150,8649,0,0.5516494625165981
TERM,8650,9112,0,0.5516494625165981
TERM,9113,9178,0,0.5516494625165981
