channel,start_time,stop_time,label,confidence
TERM,1,88,0,0.0665055421692237
TERM,89,145,0,0.0665055421692237
TERM,146,570,0,0.0665055421692237
TERM,571,975,0,0.0665055421692237
TERM,976,1026,0,0.0665055421692237
TERM,1027,1425,0,0.0665055421692237
TERM,1426,1451,0,0.0665055421692237
TERM,1452,1521,0,0.0665055421692237
TERM,1522,1579,0,0.0665055421692237
TERM,1580,1896,0,0.0665055421692237
TERM,1897,2125,0,0.0665055421692237
