channel,start_time,stop_time,label,confidence
TERM,1,91,0,0.5780999182528488
TERM,92,410,0,0.5780999182528488
TERM,411,489,0,0.5780999182528488
TERM,490,665,0,0.5780999182528488
TERM,666,690,0,0.5780999182528488
TERM,691,810,0,0.5780999182528488
TERM,811,1157,0,0.5780999182528488
TERM,1158,1378,0,0.5780999182528488
TERM,1379,1521,0,0.5780999182528488
TERM,1522,1826,0,0.5780999182528488
TERM,1827,2176,0,0.5780999182528488
TERM,2177,2215,0,0.5780999182528488
TERM,2216,2481,0,0.5780999182528488
TERM,2482,2574,0,0.5780999182528488
TERM,2575,2875,0,0.5780999182528488
TERM,2876,3084,0,0.5780999182528488
TERM,3085,3349,0,0.5780999182528488
TERM,3350,3723,0,0.5780999182528488
TERM,3724,3912,0,0.5780999182528488
TERM,3913,4136,0,0.5780999182528488
TERM,4137,4304,0,0.5780999182528488
TERM,4305,4696,0,0.5780999182528488
TERM,4697,4849,0,0.5780999182528488
TERM,4850,5083,0,0.5780999182528488
TERM,5084,5399,0,0.5780999182528488
TERM,5400,5784,0,0.5780999182528488
TERM,5785,6212,0,0.5780999182528488
TERM,6213,6314,0,0.5780999182528488
TERM,6315,6762,0,0.5780999182528488
TERM,6763,6917,0,0.5780999182528488
TERM,6918,6937,0,0.5780999182528488
TERM,6938,7146,0,0.5780999182528488
TERM,7147,7214,0,0.5780999182528488
