channel,start_time,stop_time,label,confidence
TERM,1,437,0,0.6819394486187994
TERM,438,604,0,0.6819394486187994
TERM,605,1101,0,0.6819394486187994
TERM,1102,1194,0,0.6819394486187994
TERM,1195,1370,0,0.6819394486187994
TERM,1371,1527,0,0.6819394486187994
TERM,1528,1890,0,0.6819394486187994
TERM,1891,2236,0,0.6819394486187994
TERM,2237,2630,0,0.6819394486187994
TERM,2631,2999,0,0.6819394486187994
TERM,3000,3127,0,0.6819394486187994
TERM,3128,3400,0,0.6819394486187994
