channel,start_time,stop_time,label,confidence
TERM,1,249,0,0.7013431853965602
TERM,250,391,0,0.7013431853965602
TERM,392,813,0,0.7013431853965602
TERM,814,854,0,0.7013431853965602
TERM,855,1015,0,0.7013431853965602
TERM,1016,1339,0,0.7013431853965602
TERM,1340,1754,0,0.7013431853965602
TERM,1755,2090,0,0.7013431853965602
TERM,2091,2332,0,0.7013431853965602
TERM,2333,2638,0,0.7013431853965602
TERM,2639,2716,0,0.7013431853965602
TERM,2717,2906,0,0.7013431853965602
TERM,2907,3037,0,0.7013431853965602
TERM,3038,3473,0,0.7013431853965602
TERM,3474,3951,0,0.7013431853965602
TERM,3952,4149,0,0.7013431853965602
TERM,4150,4384,0,0.7013431853965602
TERM,4385,4770,0,0.7013431853965602
TERM,4771,4835,0,0.7013431853965602
TERM,4836,5146,0,0.7013431853965602
TERM,5147,5547,0,0.7013431853965602
TERM,5548,5901,0,0.7013431853965602
TERM,5902,6354,0,0.7013431853965602
TERM,6355,6516,0,0.7013431853965602
TERM,6517,6656,0,0.7013431853965602
TERM,6657,6846,0,0.7013431853965602
TERM,6847,6880,0,0.7013431853965602
TERM,6881,7332,0,0.7013431853965602
TERM,7333,7767,0,0.7013431853965602
TERM,7768,7988,0,0.7013431853965602
TERM,7989,8231,0,0.7013431853965602
TERM,8232,8400,0,0.7013431853965602
TERM,8401,8509,0,0.7013431853965602
TERM,8510,8749,0,0.7013431853965602
TERM,8750,9203,0,0.7013431853965602
TERM,9204,9396,0,0.7013431853965602
