channel,start_time,stop_time,label,confidence
TERM,1,87,0,0.6621811694789643
TERM,88,581,0,0.6621811694789643
TERM,582,648,0,0.6621811694789643
TERM,649,1004,0,0.6621811694789643
TERM,1005,1014,0,0.6621811694789643
TERM,1015,1417,0,0.6621811694789643
TERM,1418,1771,0,0.6621811694789643
TERM,1772,2149,0,0.6621811694789643
TERM,2150,2202,0,0.6621811694789643
TERM,2203,2602,0,0.6621811694789643
TERM,2603,2828,0,0.6621811694789643
TERM,2829,2917,0,0.6621811694789643
TERM,2918,3268,0,0.6621811694789643
TERM,3269,3514,0,0.6621811694789643
TERM,3515,3829,0,0.6621811694789643
TERM,3830,4295,0,0.6621811694789643
