channel,start_time,stop_time,label,confidence
TERM,1,112,0,0.6376490640068309
TERM,113,302,0,0.6376490640068309
TERM,303,424,0,0.6376490640068309
TERM,425,702,0,0.6376490640068309
TERM,703,735,0,0.6376490640068309
TERM,736,746,0,0.6376490640068309
TERM,747,970,0,0.6376490640068309
TERM,971,1149,0,0.6376490640068309
TERM,1150,1451,0,0.6376490640068309
TERM,1452,1533,0,0.6376490640068309
TERM,1534,1883,0,0.6376490640068309
TERM,1884,2009,0,0.6376490640068309
TERM,2010,2134,0,0.6376490640068309
