channel,start_time,stop_time,label,confidence
TERM,1,364,0,0.6418638269701155
TERM,365,445,0,0.6418638269701155
TERM,446,665,0,0.6418638269701155
TERM,666,870,0,0.6418638269701155
TERM,871,886,0,0.6418638269701155
TERM,887,1004,0,0.6418638269701155
TERM,1005,1332,0,0.6418638269701155
TERM,1333,1563,0,0.6418638269701155
TERM,1564,1865,0,0.6418638269701155
TERM,1866,2284,0,0.6418638269701155
TERM,2285,2756,0,0.6418638269701155
TERM,2757,3039,0,0.6418638269701155
TERM,3040,3382,0,0.6418638269701155
TERM,3383,3806,0,0.6418638269701155
TERM,3807,3870,0,0.6418638269701155
TERM,3871,4271,0,0.6418638269701155
TERM,4272,4427,0,0.6418638269701155
TERM,4428,4823,0,0.6418638269701155
TERM,4824,5027,0,0.6418638269701155
TERM,5028,5418,0,0.6418638269701155
TERM,5419,5748,0,0.6418638269701155
TERM,5749,5880,0,0.6418638269701155
TERM,5881,6303,0,0.6418638269701155
TERM,6304,6549,0,0.6418638269701155
TERM,6550,6813,0,0.6418638269701155
TERM,6814,6969,0,0.6418638269701155
TERM,6970,7286,0,0.6418638269701155
TERM,7287,7453,0,0.6418638269701155
TERM,7454,7880,0,0.6418638269701155
TERM,7881,8260,0,0.6418638269701155
TERM,8261,8492,0,0.6418638269701155
TERM,8493,8978,0,0.6418638269701155
TERM,8979,9457,0,0.6418638269701155
TERM,9458,9871,0,0.6418638269701155
TERM,9872,10071,0,0.6418638269701155
TERM,10072,10189,0,0.6418638269701155
TERM,10190,10369,0,0.6418638269701155
TERM,10370,10862,0,0.6418638269701155
TERM,10863,10941,0,0.6418638269701155
TERM,10942,11328,0,0.6418638269701155
TERM,11329,11555,0,0.6418638269701155
TERM,11556,12038,0,0.6418638269701155
TERM,12039,12302,0,0.6418638269701155
TERM,12303,12775,0,0.6418638269701155
TERM,12776,12883,0,0.6418638269701155
TERM,12884,13183,0,0.6418638269701155
TERM,13184,13588,0,0.6418638269701155
TERM,13589,13690,0,0.6418638269701155
TERM,13691,13853,0,0.6418638269701155
TERM,13854,14057,0,0.6418638269701155
TERM,14058,14103,0,0.6418638269701155
TERM,14104,14337,0,0.6418638269701155
TERM,14338,14654,0,0.6418638269701155
TERM,14655,14725,0,0.6418638269701155
TERM,14726,14805,0,0.6418638269701155
TERM,14806,15030,0,0.6418638269701155
TERM,15031,15252,0,0.6418638269701155
TERM,15253,15745,0,0.6418638269701155
TERM,15746,15870,0,0.6418638269701155
TERM,15871,16297,0,0.6418638269701155
