channel,start_time,stop_time,label,confidence
TERM,1,309,0,0.6055386418575952
TERM,310,630,0,0.6055386418575952
TERM,631,913,0,0.6055386418575952
TERM,914,1151,0,0.6055386418575952
TERM,1152,1257,0,0.6055386418575952
TERM,1258,1429,0,0.6055386418575952
TERM,1430,1464,0,0.6055386418575952
TERM,1465,1684,0,0.6055386418575952
TERM,1685,2118,0,0.6055386418575952
TERM,2119,2566,0,0.6055386418575952
TERM,2567,2713,0,0.6055386418575952
TERM,2714,3165,0,0.6055386418575952
TERM,3166,3635,0,0.6055386418575952
TERM,3636,3715,0,0.6055386418575952
TERM,3716,3845,0,0.6055386418575952
TERM,3846,4125,0,0.6055386418575952
TERM,4126,4381,0,0.6055386418575952
TERM,4382,4789,0,0.6055386418575952
TERM,4790,5084,0,0.6055386418575952
TERM,5085,5290,0,0.6055386418575952
TERM,5291,5378,0,0.6055386418575952
TERM,5379,5508,0,0.6055386418575952
TERM,5509,6002,0,0.6055386418575952
TERM,6003,6171,0,0.6055386418575952
TERM,6172,6316,0,0.6055386418575952
TERM,6317,6579,0,0.6055386418575952
TERM,6580,7023,0,0.6055386418575952
TERM,7024,7121,0,0.6055386418575952
TERM,7122,7146,0,0.6055386418575952
TERM,7147,7457,0,0.6055386418575952
TERM,7458,7732,0,0.6055386418575952
TERM,7733,7790,0,0.6055386418575952
TERM,7791,8210,0,0.6055386418575952
TERM,8211,8482,0,0.6055386418575952
TERM,8483,8919,0,0.6055386418575952
TERM,8920,9250,0,0.6055386418575952
TERM,9251,9645,0,0.6055386418575952
TERM,9646,10121,0,0.6055386418575952
TERM,10122,10466,0,0.6055386418575952
TERM,10467,10643,0,0.6055386418575952
TERM,10644,10778,0,0.6055386418575952
TERM,10779,10897,0,0.6055386418575952
TERM,10898,11179,0,0.6055386418575952
TERM,11180,11500,0,0.6055386418575952
