channel,start_time,stop_time,label,confidence
TERM,1,372,0,0.4466578484504323
TERM,373,803,0,0.4466578484504323
TERM,804,1142,0,0.4466578484504323
TERM,1143,1601,0,0.4466578484504323
TERM,1602,1804,0,0.4466578484504323
TERM,1805,1905,0,0.4466578484504323
TERM,1906,2374,0,0.4466578484504323
TERM,2375,2474,0,0.4466578484504323
TERM,2475,2617,0,0.4466578484504323
TERM,2618,2652,0,0.4466578484504323
TERM,2653,3058,0,0.4466578484504323
TERM,3059,3547,0,0.4466578484504323
TERM,3548,4041,0,0.4466578484504323
TERM,4042,4284,0,0.4466578484504323
TERM,4285,4780,0,0.4466578484504323
TERM,4781,5170,0,0.4466578484504323
TERM,5171,5259,0,0.4466578484504323
TERM,5260,5634,0,0.4466578484504323
TERM,5635,5738,0,0.4466578484504323
TERM,5739,5974,0,0.4466578484504323
TERM,5975,6039,0,0.4466578484504323
TERM,6040,6204,0,0.4466578484504323
TERM,6205,6402,0,0.4466578484504323
TERM,6403,6696,0,0.4466578484504323
TERM,6697,7135,0,0.4466578484504323
TERM,7136,7281,0,0.4466578484504323
TERM,7282,7603,0,0.4466578484504323
TERM,7604,7936,0,0.4466578484504323
TERM,7937,8357,0,0.4466578484504323
TERM,8358,8497,0,0.4466578484504323
TERM,8498,8671,0,0.4466578484504323
TERM,8672,9092,0,0.4466578484504323
TERM,9093,9266,0,0.4466578484504323
TERM,9267,9664,0,0.4466578484504323
TERM,9665,9860,0,0.4466578484504323
TERM,9861,10349,0,0.4466578484504323
TERM,10350,10665,0,0.4466578484504323
TERM,10666,10979,0,0.4466578484504323
TERM,10980,11463,0,0.4466578484504323
TERM,11464,11601,0,0.4466578484504323
TERM,11602,11722,0,0.4466578484504323
TERM,11723,12088,0,0.4466578484504323
TERM,12089,12374,0,0.4466578484504323
TERM,12375,12801,0,0.4466578484504323
