channel,start_time,stop_time,label,confidence
TERM,1,216,0,0.6260165866535745
TERM,217,509,0,0.6260165866535745
TERM,510,663,0,0.6260165866535745
TERM,664,1042,0,0.6260165866535745
TERM,1043,1364,0,0.6260165866535745
TERM,1365,1728,0,0.6260165866535745
TERM,1729,2135,0,0.6260165866535745
TERM,2136,2372,0,0.6260165866535745
TERM,2373,2461,0,0.6260165866535745
TERM,2462,2906,0,0.6260165866535745
TERM,2907,3349,0,0.6260165866535745
TERM,3350,3614,0,0.6260165866535745
TERM,3615,3919,0,0.6260165866535745
TERM,3920,3943,0,0.6260165866535745
TERM,3944,4210,0,0.6260165866535745
TERM,4211,4614,0,0.6260165866535745
TERM,4615,4932,0,0.6260165866535745
TERM,4933,5201,0,0.6260165866535745
TERM,5202,5272,0,0.6260165866535745
TERM,5273,5424,0,0.6260165866535745
TERM,5425,5436,0,0.6260165866535745
TERM,5437,5697,0,0.6260165866535745
TERM,5698,6089,0,0.6260165866535745
TERM,6090,6583,0,0.6260165866535745
TERM,6584,7007,0,0.6260165866535745
TERM,7008,7427,0,0.6260165866535745
TERM,7428,7923,0,0.6260165866535745
TERM,7924,8336,0,0.6260165866535745
TERM,8337,8625,0,0.6260165866535745
TERM,8626,8864,0,0.6260165866535745
TERM,8865,9068,0,0.6260165866535745
TERM,9069,9400,0,0.6260165866535745
TERM,9401,9508,0,0.6260165866535745
TERM,9509,9895,0,0.6260165866535745
TERM,9896,9947,0,0.6260165866535745
TERM,9948,10219,0,0.6260165866535745
TERM,10220,10263,0,0.6260165866535745
TERM,10264,10512,0,0.6260165866535745
TERM,10513,10611,0,0.6260165866535745
TERM,10612,11037,0,0.6260165866535745
TERM,11038,11358,0,0.6260165866535745
TERM,11359,11749,0,0.6260165866535745
TERM,11750,11967,0,0.6260165866535745
TERM,11968,12141,0,0.6260165866535745
TERM,12142,12461,0,0.6260165866535745
TERM,12462,12938,0,0.6260165866535745
TERM,12939,13285,0,0.6260165866535745
TERM,13286,13341,0,0.6260165866535745
TERM,13342,13385,0,0.6260165866535745
TERM,13386,13421,0,0.6260165866535745
TERM,13422,13581,0,0.6260165866535745
TERM,13582,13993,0,0.6260165866535745
TERM,13994,14470,0,0.6260165866535745
TERM,14471,14642,0,0.6260165866535745
TERM,14643,14964,0,0.6260165866535745
TERM,14965,15397,0,0.6260165866535745
TERM,15398,15897,0,0.6260165866535745
TERM,15898,16372,0,0.6260165866535745
TERM,16373,16718,0,0.6260165866535745
TERM,16719,16919,0,0.6260165866535745
