channel,start_time,stop_time,label,confidence
TERM,1,485,0,0.6880883492462302
TERM,486,596,0,0.6880883492462302
TERM,597,1060,0,0.6880883492462302
TERM,1061,1147,0,0.6880883492462302
TERM,1148,1340,0,0.6880883492462302
TERM,1341,1368,0,0.6880883492462302
TERM,1369,1613,0,0.6880883492462302
TERM,1614,2068,0,0.6880883492462302
TERM,2069,2315,0,0.6880883492462302
TERM,2316,2708,0,0.6880883492462302
TERM,2709,2824,0,0.6880883492462302
TERM,2825,2877,0,0.6880883492462302
TERM,2878,3173,0,0.6880883492462302
TERM,3174,3186,0,0.6880883492462302
TERM,3187,3673,0,0.6880883492462302
