channel,start_time,stop_time,label,confidence
TERM,1,254,0,0.644966451982125
TERM,255,722,0,0.644966451982125
TERM,723,748,0,0.644966451982125
TERM,749,1060,0,0.644966451982125
TERM,1061,1333,0,0.644966451982125
TERM,1334,1540,0,0.644966451982125
TERM,1541,1860,0,0.644966451982125
TERM,1861,2007,0,0.644966451982125
TERM,2008,2347,0,0.644966451982125
TERM,2348,2794,0,0.644966451982125
TERM,2795,3131,0,0.644966451982125
TERM,3132,3554,0,0.644966451982125
TERM,3555,3718,0,0.644966451982125
TERM,3719,3895,0,0.644966451982125
TERM,3896,4166,0,0.644966451982125
TERM,4167,4287,0,0.644966451982125
TERM,4288,4392,0,0.644966451982125
TERM,4393,4705,0,0.644966451982125
TERM,4706,5018,0,0.644966451982125
TERM,5019,5202,0,0.644966451982125
TERM,5203,5518,0,0.644966451982125
TERM,5519,5955,0,0.644966451982125
TERM,5956,6255,0,0.644966451982125
TERM,6256,6365,0,0.644966451982125
TERM,6366,6709,0,0.644966451982125
TERM,6710,7146,0,0.644966451982125
TERM,7147,7596,0,0.644966451982125
TERM,7597,8050,0,0.644966451982125
TERM,8051,8362,0,0.644966451982125
TERM,8363,8621,0,0.644966451982125
TERM,8622,8824,0,0.644966451982125
TERM,8825,8949,0,0.644966451982125
TERM,8950,9136,0,0.644966451982125
TERM,9137,9263,0,0.644966451982125
TERM,9264,9417,0,0.644966451982125
TERM,9418,9765,0,0.644966451982125
TERM,9766,10185,0,0.644966451982125
TERM,10186,10226,0,0.644966451982125
TERM,10227,10277,0,0.644966451982125
TERM,10278,10369,0,0.644966451982125
TERM,10370,10627,0,0.644966451982125
TERM,10628,11065,0,0.644966451982125
TERM,11066,11550,0,0.644966451982125
TERM,11551,11815,0,0.644966451982125
TERM,11816,11859,0,0.644966451982125
TERM,11860,12037,0,0.644966451982125
TERM,12038,12498,0,0.644966451982125
TERM,12499,12875,0,0.644966451982125
