channel,start_time,stop_time,label,confidence
TERM,1,177,0,0.4362047372309952
TERM,178,322,0,0.4362047372309952
TERM,323,564,0,0.4362047372309952
TERM,565,725,0,0.4362047372309952
TERM,726,938,0,0.4362047372309952
TERM,939,1262,0,0.4362047372309952
TERM,1263,1592,0,0.4362047372309952
TERM,1593,1929,0,0.4362047372309952
TERM,1930,2118,0,0.4362047372309952
TERM,2119,2464,0,0.4362047372309952
TERM,2465,2482,0,0.4362047372309952
TERM,2483,2873,0,0.4362047372309952
TERM,2874,3208,0,0.4362047372309952
TERM,3209,3385,0,0.4362047372309952
TERM,3386,3760,0,0.4362047372309952
TERM,3761,3952,0,0.4362047372309952
TERM,3953,4131,0,0.4362047372309952
TERM,4132,4556,0,0.4362047372309952
TERM,4557,4615,0,0.4362047372309952
TERM,4616,4729,0,0.4362047372309952
TERM,4730,4824,0,0.4362047372309952
TERM,4825,4927,0,0.4362047372309952
TERM,4928,5016,0,0.4362047372309952
TERM,5017,5257,0,0.4362047372309952
TERM,5258,5501,0,0.4362047372309952
TERM,5502,5606,0,0.4362047372309952
TERM,5607,6053,0,0.4362047372309952
TERM,6054,6460,0,0.4362047372309952
TERM,6461,6589,0,0.4362047372309952
TERM,6590,7041,0,0.4362047372309952
TERM,7042,7161,0,0.4362047372309952
TERM,7162,7404,0,0.4362047372309952
TERM,7405,7729,0,0.4362047372309952
TERM,7730,8124,0,0.4362047372309952
TERM,8125,8496,0,0.4362047372309952
TERM,8497,8559,0,0.4362047372309952
