channel,start_time,stop_time,label,confidence
TERM,1,199,0,0.7759461364274876
TERM,200,676,0,0.7759461364274876
TERM,677,910,0,0.7759461364274876
TERM,911,1202,0,0.7759461364274876
TERM,1203,1344,0,0.7759461364274876
TERM,1345,1606,0,0.7759461364274876
TERM,1607,1964,0,0.7759461364274876
TERM,1965,2419,0,0.7759461364274876
TERM,2420,2464,0,0.7759461364274876
TERM,2465,2666,0,0.7759461364274876
TERM,2667,3075,0,0.7759461364274876
TERM,3076,3402,0,0.7759461364274876
TERM,3403,3542,0,0.7759461364274876
TERM,3543,3863,0,0.7759461364274876
TERM,3864,4006,0,0.7759461364274876
