channel,start_time,stop_time,label,confidence
TERM,1,18,0,0.1199028711436411
TERM,19,64,0,0.1199028711436411
TERM,65,310,0,0.1199028711436411
TERM,311,792,0,0.1199028711436411
TERM,793,892,0,0.1199028711436411
TERM,893,1207,0,0.1199028711436411
TERM,1208,1665,0,0.1199028711436411
TERM,1666,1848,0,0.1199028711436411
TERM,1849,2021,0,0.1199028711436411
TERM,2022,2377,0,0.1199028711436411
TERM,2378,2458,0,0.1199028711436411
