channel,start_time,stop_time,label,confidence
TERM,1,147,0,0.572732473485076
TERM,148,376,0,0.572732473485076
TERM,377,510,0,0.572732473485076
TERM,511,943,0,0.572732473485076
TERM,944,1031,0,0.572732473485076
TERM,1032,1127,0,0.572732473485076
TERM,1128,1374,0,0.572732473485076
TERM,1375,1641,0,0.572732473485076
TERM,1642,1831,0,0.572732473485076
TERM,1832,2009,0,0.572732473485076
TERM,2010,2084,0,0.572732473485076
TERM,2085,2316,0,0.572732473485076
TERM,2317,2581,0,0.572732473485076
