channel,start_time,stop_time,label,confidence
TERM,1,274,0,0.5623743975374516
TERM,275,774,0,0.5623743975374516
TERM,775,1209,0,0.5623743975374516
TERM,1210,1461,0,0.5623743975374516
TERM,1462,1596,0,0.5623743975374516
TERM,1597,1653,0,0.5623743975374516
TERM,1654,1753,0,0.5623743975374516
TERM,1754,1948,0,0.5623743975374516
TERM,1949,2049,0,0.5623743975374516
TERM,2050,2442,0,0.5623743975374516
TERM,2443,2468,0,0.5623743975374516
