channel,start_time,stop_time,label,confidence
TERM,1,235,0,0.5988225224592977
TERM,236,254,0,0.5988225224592977
TERM,255,614,0,0.5988225224592977
TERM,615,741,0,0.5988225224592977
TERM,742,755,0,0.5988225224592977
TERM,756,1238,0,0.5988225224592977
TERM,1239,1314,0,0.5988225224592977
TERM,1315,1542,0,0.5988225224592977
TERM,1543,1727,0,0.5988225224592977
TERM,1728,1778,0,0.5988225224592977
TERM,1779,1859,0,0.5988225224592977
