channel,start_time,stop_time,label,confidence
TERM,1,315,0,0.6772026634337234
TERM,316,664,0,0.6772026634337234
TERM,665,689,0,0.6772026634337234
TERM,690,1151,0,0.6772026634337234
TERM,1152,1337,0,0.6772026634337234
TERM,1338,1398,0,0.6772026634337234
TERM,1399,1501,0,0.6772026634337234
TERM,1502,1813,0,0.6772026634337234
TERM,1814,1874,0,0.6772026634337234
TERM,1875,2234,0,0.6772026634337234
TERM,2235,2728,0,0.6772026634337234
TERM,2729,2839,0,0.6772026634337234
TERM,2840,2937,0,0.6772026634337234
TERM,2938,3155,0,0.6772026634337234
TERM,3156,3261,0,0.6772026634337234
TERM,3262,3468,0,0.6772026634337234
TERM,3469,3779,0,0.6772026634337234
TERM,3780,3883,0,0.6772026634337234
TERM,3884,4218,0,0.6772026634337234
TERM,4219,4346,0,0.6772026634337234
TERM,4347,4376,0,0.6772026634337234
TERM,4377,4868,0,0.6772026634337234
TERM,4869,4926,0,0.6772026634337234
TERM,4927,5094,0,0.6772026634337234
TERM,5095,5328,0,0.6772026634337234
TERM,5329,5695,0,0.6772026634337234
TERM,5696,5934,0,0.6772026634337234
TERM,5935,6088,0,0.6772026634337234
TERM,6089,6221,0,0.6772026634337234
TERM,6222,6479,0,0.6772026634337234
TERM,6480,6779,0,0.6772026634337234
TERM,6780,7085,0,0.6772026634337234
TERM,7086,7251,0,0.6772026634337234
TERM,7252,7613,0,0.6772026634337234
TERM,7614,8105,0,0.6772026634337234
TERM,8106,8506,0,0.6772026634337234
TERM,8507,8813,0,0.6772026634337234
TERM,8814,9259,0,0.6772026634337234
TERM,9260,9615,0,0.6772026634337234
TERM,9616,10025,0,0.6772026634337234
TERM,10026,10326,0,0.6772026634337234
TERM,10327,10697,0,0.6772026634337234
TERM,10698,10827,0,0.6772026634337234
TERM,10828,11245,0,0.6772026634337234
TERM,11246,11446,0,0.6772026634337234
