channel,start_time,stop_time,label,confidence
TERM,1,396,0,0.604835928783068
TERM,397,762,0,0.604835928783068
TERM,763,998,0,0.604835928783068
TERM,999,1184,0,0.604835928783068
TERM,1185,1643,0,0.604835928783068
TERM,1644,1712,0,0.604835928783068
TERM,1713,1757,0,0.604835928783068
TERM,1758,1772,0,0.604835928783068
TERM,1773,2143,0,0.604835928783068
TERM,2144,2515,0,0.604835928783068
TERM,2516,2872,0,0.604835928783068
TERM,2873,2909,0,0.604835928783068
TERM,2910,3028,0,0.604835928783068
TERM,3029,3268,0,0.604835928783068
TERM,3269,3511,0,0.604835928783068
TERM,3512,3819,0,0.604835928783068
TERM,3820,4174,0,0.604835928783068
TERM,4175,4294,0,0.604835928783068
TERM,4295,4562,0,0.604835928783068
TERM,4563,4788,0,0.604835928783068
TERM,4789,5083,0,0.604835928783068
TERM,5084,5121,0,0.604835928783068
TERM,5122,5409,0,0.604835928783068
TERM,5410,5804,0,0.604835928783068
TERM,5805,5991,0,0.604835928783068
TERM,5992,6256,0,0.604835928783068
