channel,start_time,stop_time,label,confidence
TERM,1,25,0,0.4921174699449789
TERM,26,35,0,0.4921174699449789
TERM,36,205,0,0.4921174699449789
TERM,206,654,0,0.4921174699449789
TERM,655,705,0,0.4921174699449789
TERM,706,943,0,0.4921174699449789
TERM,944,974,0,0.4921174699449789
TERM,975,1056,0,0.4921174699449789
TERM,1057,1544,0,0.4921174699449789
TERM,1545,1593,0,0.4921174699449789
TERM,1594,1793,0,0.4921174699449789
TERM,1794,2044,0,0.4921174699449789
TERM,2045,2330,0,0.4921174699449789
