channel,start_time,stop_time,label,confidence
TERM,1,207,0,0.4303403584477198
TERM,208,433,0,0.4303403584477198
TERM,434,862,0,0.4303403584477198
TERM,863,1251,0,0.4303403584477198
TERM,1252,1482,0,0.4303403584477198
TERM,1483,1730,0,0.4303403584477198
TERM,1731,1752,0,0.4303403584477198
TERM,1753,1824,0,0.4303403584477198
TERM,1825,2294,0,0.4303403584477198
TERM,2295,2741,0,0.4303403584477198
TERM,2742,2828,0,0.4303403584477198
TERM,2829,3318,0,0.4303403584477198
TERM,3319,3730,0,0.4303403584477198
TERM,3731,3826,0,0.4303403584477198
TERM,3827,4239,0,0.4303403584477198
TERM,4240,4604,0,0.4303403584477198
TERM,4605,4985,0,0.4303403584477198
TERM,4986,5189,0,0.4303403584477198
TERM,5190,5368,0,0.4303403584477198
TERM,5369,5576,0,0.4303403584477198
TERM,5577,6076,0,0.4303403584477198
TERM,6077,6440,0,0.4303403584477198
TERM,6441,6498,0,0.4303403584477198
TERM,6499,6892,0,0.4303403584477198
TERM,6893,7260,0,0.4303403584477198
TERM,7261,7564,0,0.4303403584477198
TERM,7565,7804,0,0.4303403584477198
TERM,7805,7850,0,0.4303403584477198
TERM,7851,8284,0,0.4303403584477198
TERM,8285,8532,0,0.4303403584477198
TERM,8533,8988,0,0.4303403584477198
TERM,8989,9422,0,0.4303403584477198
TERM,9423,9440,0,0.4303403584477198
