channel,start_time,stop_time,label,confidence
TERM,1,240,0,0.5477472286810576
TERM,241,544,0,0.5477472286810576
TERM,545,672,0,0.5477472286810576
TERM,673,738,0,0.5477472286810576
TERM,739,1185,0,0.5477472286810576
TERM,1186,1247,0,0.5477472286810576
TERM,1248,1532,0,0.5477472286810576
TERM,1533,1827,0,0.5477472286810576
TERM,1828,2256,0,0.5477472286810576
TERM,2257,2286,0,0.5477472286810576
TERM,2287,2552,0,0.5477472286810576
TERM,2553,2819,0,0.5477472286810576
TERM,2820,3200,0,0.5477472286810576
TERM,3201,3350,0,0.5477472286810576
TERM,3351,3425,0,0.5477472286810576
TERM,3426,3510,0,0.5477472286810576
TERM,3511,3537,0,0.5477472286810576
TERM,3538,3608,0,0.5477472286810576
TERM,3609,4100,0,0.5477472286810576
TERM,4101,4292,0,0.5477472286810576
TERM,4293,4408,0,0.5477472286810576
TERM,4409,4771,0,0.5477472286810576
TERM,4772,4894,0,0.5477472286810576
TERM,4895,5121,0,0.5477472286810576
TERM,5122,5246,0,0.5477472286810576
TERM,5247,5592,0,0.5477472286810576
TERM,5593,5740,0,0.5477472286810576
TERM,5741,6170,0,0.5477472286810576
TERM,6171,6468,0,0.5477472286810576
TERM,6469,6566,0,0.5477472286810576
TERM,6567,6920,0,0.5477472286810576
TERM,6921,7009,0,0.5477472286810576
TERM,7010,7139,0,0.5477472286810576
TERM,7140,7459,0,0.5477472286810576
TERM,7460,7890,0,0.5477472286810576
TERM,7891,8360,0,0.5477472286810576
TERM,8361,8479,0,0.5477472286810576
TERM,8480,8710,0,0.5477472286810576
TERM,8711,9123,0,0.5477472286810576
TERM,9124,9261,0,0.5477472286810576
TERM,9262,9622,0,0.5477472286810576
TERM,9623,10033,0,0.5477472286810576
TERM,10034,10363,0,0.5477472286810576
TERM,10364,10399,0,0.5477472286810576
TERM,10400,10482,0,0.5477472286810576
TERM,10483,10746,0,0.5477472286810576
TERM,10747,11083,0,0.5477472286810576
TERM,11084,11431,0,0.5477472286810576
TERM,11432,11475,0,0.5477472286810576
TERM,11476,11510,0,0.5477472286810576
TERM,11511,11664,0,0.5477472286810576
TERM,11665,12045,0,0.5477472286810576
TERM,12046,12399,0,0.5477472286810576
TERM,12400,12803,0,0.5477472286810576
TERM,12804,12960,0,0.5477472286810576
TERM,12961,13065,0,0.5477472286810576
TERM,13066,13477,0,0.5477472286810576
TERM,13478,13823,0,0.5477472286810576
TERM,13824,14087,0,0.5477472286810576
TERM,14088,14391,0,0.5477472286810576
