channel,start_time,stop_time,label,confidence
TERM,1,182,0,0.5056814868511331
TERM,183,664,0,0.5056814868511331
TERM,665,773,0,0.5056814868511331
TERM,774,811,0,0.5056814868511331
TERM,812,1189,0,0.5056814868511331
TERM,1190,1576,0,0.5056814868511331
TERM,1577,1727,0,0.5056814868511331
TERM,1728,1861,0,0.5056814868511331
TERM,1862,1882,0,0.5056814868511331
TERM,1883,2347,0,0.5056814868511331
TERM,2348,2524,0,0.5056814868511331
TERM,2525,2740,0,0.5056814868511331
TERM,2741,2959,0,0.5056814868511331
TERM,2960,3254,0,0.5056814868511331
TERM,3255,3729,0,0.5056814868511331
TERM,3730,3933,0,0.5056814868511331
TERM,3934,4317,0,0.5056814868511331
TERM,4318,4645,0,0.5056814868511331
TERM,4646,4794,0,0.5056814868511331
TERM,4795,4960,0,0.5056814868511331
TERM,4961,5322,0,0.5056814868511331
TERM,5323,5779,0,0.5056814868511331
TERM,5780,5886,0,0.5056814868511331
TERM,5887,6167,0,0.5056814868511331
TERM,6168,6312,0,0.5056814868511331
TERM,6313,6485,0,0.5056814868511331
TERM,6486,6590,0,0.5056814868511331
TERM,6591,6947,0,0.5056814868511331
TERM,6948,7206,0,0.5056814868511331
TERM,7207,7561,0,0.5056814868511331
TERM,7562,7905,0,0.5056814868511331
TERM,7906,8126,0,0.5056814868511331
TERM,8127,8428,0,0.5056814868511331
