channel,start_time,stop_time,label,confidence
TERM,1,99,0,0.7766902677034919
TERM,100,335,0,0.7766902677034919
TERM,336,479,0,0.7766902677034919
TERM,480,542,0,0.7766902677034919
TERM,543,600,0,0.7766902677034919
TERM,601,739,0,0.7766902677034919
TERM,740,1212,0,0.7766902677034919
TERM,1213,1333,0,0.7766902677034919
TERM,1334,1752,0,0.7766902677034919
TERM,1753,1879,0,0.7766902677034919
TERM,1880,2027,0,0.7766902677034919
TERM,2028,2224,0,0.7766902677034919
TERM,2225,2586,0,0.7766902677034919
TERM,2587,2640,0,0.7766902677034919
TERM,2641,2745,0,0.7766902677034919
TERM,2746,2819,0,0.7766902677034919
TERM,2820,3295,0,0.7766902677034919
TERM,3296,3455,0,0.7766902677034919
TERM,3456,3619,0,0.7766902677034919
TERM,3620,3631,0,0.7766902677034919
TERM,3632,3940,0,0.7766902677034919
TERM,3941,4051,0,0.7766902677034919
TERM,4052,4243,0,0.7766902677034919
TERM,4244,4690,0,0.7766902677034919
TERM,4691,4754,0,0.7766902677034919
TERM,4755,5032,0,0.7766902677034919
TERM,5033,5298,0,0.7766902677034919
TERM,5299,5517,0,0.7766902677034919
