channel,start_time,stop_time,label,confidence
TERM,1,370,0,0.7215169715161303
TERM,371,662,0,0.7215169715161303
TERM,663,709,0,0.7215169715161303
TERM,710,768,0,0.7215169715161303
TERM,769,968,0,0.7215169715161303
TERM,969,1099,0,0.7215169715161303
TERM,1100,1459,0,0.7215169715161303
TERM,1460,1491,0,0.7215169715161303
TERM,1492,1947,0,0.7215169715161303
TERM,1948,2340,0,0.7215169715161303
TERM,2341,2683,0,0.7215169715161303
TERM,2684,3102,0,0.7215169715161303
TERM,3103,3566,0,0.7215169715161303
TERM,3567,3629,0,0.7215169715161303
TERM,3630,3778,0,0.7215169715161303
