channel,start_time,stop_time,label,confidence
TERM,1,464,0,0.5848372966920818
TERM,465,865,0,0.5848372966920818
TERM,866,1278,0,0.5848372966920818
TERM,1279,1723,0,0.5848372966920818
TERM,1724,2181,0,0.5848372966920818
TERM,2182,2490,0,0.5848372966920818
TERM,2491,2862,0,0.5848372966920818
TERM,2863,3323,0,0.5848372966920818
TERM,3324,3365,0,0.5848372966920818
TERM,3366,3417,0,0.5848372966920818
TERM,3418,3520,0,0.5848372966920818
TERM,3521,3758,0,0.5848372966920818
TERM,3759,4071,0,0.5848372966920818
TERM,4072,4436,0,0.5848372966920818
TERM,4437,4602,0,0.5848372966920818
