channel,start_time,stop_time,label,confidence
TERM,1,486,0,0.6275959993031942
TERM,487,971,0,0.6275959993031942
TERM,972,1461,0,0.6275959993031942
TERM,1462,1852,0,0.6275959993031942
TERM,1853,2276,0,0.6275959993031942
TERM,2277,2629,0,0.6275959993031942
TERM,2630,2718,0,0.6275959993031942
TERM,2719,3057,0,0.6275959993031942
TERM,3058,3405,0,0.6275959993031942
TERM,3406,3669,0,0.6275959993031942
TERM,3670,3937,0,0.6275959993031942
TERM,3938,4307,0,0.6275959993031942
TERM,4308,4448,0,0.6275959993031942
TERM,4449,4893,0,0.6275959993031942
TERM,4894,5283,0,0.6275959993031942
TERM,5284,5574,0,0.6275959993031942
TERM,5575,5746,0,0.6275959993031942
TERM,5747,5887,0,0.6275959993031942
TERM,5888,6317,0,0.6275959993031942
TERM,6318,6362,0,0.6275959993031942
TERM,6363,6422,0,0.6275959993031942
TERM,6423,6842,0,0.6275959993031942
TERM,6843,7132,0,0.6275959993031942
TERM,7133,7604,0,0.6275959993031942
TERM,7605,7763,0,0.6275959993031942
TERM,7764,8142,0,0.6275959993031942
TERM,8143,8271,0,0.6275959993031942
TERM,8272,8610,0,0.6275959993031942
TERM,8611,9110,0,0.6275959993031942
TERM,9111,9327,0,0.6275959993031942
