channel,start_time,stop_time,label,confidence
TERM,1,293,0,0.7140647511294502
TERM,294,572,0,0.7140647511294502
TERM,573,909,0,0.7140647511294502
TERM,910,1187,0,0.7140647511294502
TERM,1188,1324,0,0.7140647511294502
TERM,1325,1817,0,0.7140647511294502
TERM,1818,2071,0,0.7140647511294502
TERM,2072,2285,0,0.7140647511294502
TERM,2286,2762,0,0.7140647511294502
TERM,2763,2857,0,0.7140647511294502
TERM,2858,3335,0,0.7140647511294502
TERM,3336,3805,0,0.7140647511294502
TERM,3806,4089,0,0.7140647511294502
TERM,4090,4398,0,0.7140647511294502
TERM,4399,4554,0,0.7140647511294502
TERM,4555,4746,0,0.7140647511294502
TERM,4747,4774,0,0.7140647511294502
TERM,4775,5244,0,0.7140647511294502
TERM,5245,5541,0,0.7140647511294502
TERM,5542,5668,0,0.7140647511294502
TERM,5669,6085,0,0.7140647511294502
TERM,6086,6481,0,0.7140647511294502
TERM,6482,6965,0,0.7140647511294502
TERM,6966,7035,0,0.7140647511294502
TERM,7036,7047,0,0.7140647511294502
TERM,7048,7410,0,0.7140647511294502
TERM,7411,7777,0,0.7140647511294502
TERM,7778,7838,0,0.7140647511294502
TERM,7839,8116,0,0.7140647511294502
TERM,8117,8295,0,0.7140647511294502
TERM,8296,8413,0,0.7140647511294502
TERM,8414,8596,0,0.7140647511294502
TERM,8597,8961,0,0.7140647511294502
TERM,8962,9061,0,0.7140647511294502
TERM,9062,9517,0,0.7140647511294502
TERM,9518,9800,0,0.7140647511294502
TERM,9801,10201,0,0.7140647511294502
TERM,10202,10237,0,0.7140647511294502
TERM,10238,10622,0,0.7140647511294502
TERM,10623,10842,0,0.7140647511294502
TERM,10843,11138,0,0.7140647511294502
TERM,11139,11589,0,0.7140647511294502
TERM,11590,11614,0,0.7140647511294502
TERM,11615,11703,0,0.7140647511294502
TERM,11704,11737,0,0.7140647511294502
TERM,11738,11915,0,0.7140647511294502
TERM,11916,12273,0,0.7140647511294502
TERM,12274,12729,0,0.7140647511294502
TERM,12730,13155,0,0.7140647511294502
TERM,13156,13221,0,0.7140647511294502
TERM,13222,13330,0,0.7140647511294502
TERM,13331,13797,0,0.7140647511294502
TERM,13798,13838,0,0.7140647511294502
TERM,13839,13951,0,0.7140647511294502
TERM,13952,14438,0,0.7140647511294502
