channel,start_time,stop_time,label,confidence
TERM,1,44,0,0.4266318812616939
TERM,45,413,0,0.4266318812616939
TERM,414,738,0,0.4266318812616939
TERM,739,1220,0,0.4266318812616939
TERM,1221,1268,0,0.4266318812616939
TERM,1269,1589,0,0.4266318812616939
TERM,1590,1986,0,0.4266318812616939
TERM,1987,2278,0,0.4266318812616939
TERM,2279,2468,0,0.4266318812616939
TERM,2469,2846,0,0.4266318812616939
TERM,2847,2972,0,0.4266318812616939
TERM,2973,3106,0,0.4266318812616939
