channel,start_time,stop_time,label,confidence
TERM,1,207,0,0.7422912757628486
TERM,208,489,0,0.7422912757628486
TERM,490,556,0,0.7422912757628486
TERM,557,853,0,0.7422912757628486
TERM,854,1042,0,0.7422912757628486
TERM,1043,1135,0,0.7422912757628486
TERM,1136,1394,0,0.7422912757628486
TERM,1395,1544,0,0.7422912757628486
TERM,1545,1904,0,0.7422912757628486
TERM,1905,2024,0,0.7422912757628486
TERM,2025,2427,0,0.7422912757628486
TERM,2428,2907,0,0.7422912757628486
TERM,2908,3232,0,0.7422912757628486
TERM,3233,3551,0,0.7422912757628486
TERM,3552,3906,0,0.7422912757628486
TERM,3907,4068,0,0.7422912757628486
TERM,4069,4119,0,0.7422912757628486
TERM,4120,4551,0,0.7422912757628486
TERM,4552,4806,0,0.7422912757628486
TERM,4807,5224,0,0.7422912757628486
TERM,5225,5269,0,0.7422912757628486
TERM,5270,5492,0,0.7422912757628486
TERM,5493,5680,0,0.7422912757628486
TERM,5681,6138,0,0.7422912757628486
TERM,6139,6258,0,0.7422912757628486
TERM,6259,6333,0,0.7422912757628486
TERM,6334,6638,0,0.7422912757628486
TERM,6639,6949,0,0.7422912757628486
TERM,6950,7265,0,0.7422912757628486
TERM,7266,7754,0,0.7422912757628486
TERM,7755,7928,0,0.7422912757628486
TERM,7929,8083,0,0.7422912757628486
TERM,8084,8120,0,0.7422912757628486
TERM,8121,8324,0,0.7422912757628486
TERM,8325,8518,0,0.7422912757628486
TERM,8519,8705,0,0.7422912757628486
TERM,8706,8970,0,0.7422912757628486
TERM,8971,9090,0,0.7422912757628486
TERM,9091,9201,0,0.7422912757628486
TERM,9202,9492,0,0.7422912757628486
TERM,9493,9902,0,0.7422912757628486
TERM,9903,10260,0,0.7422912757628486
TERM,10261,10637,0,0.7422912757628486
TERM,10638,11060,0,0.7422912757628486
TERM,11061,11193,0,0.7422912757628486
TERM,11194,11687,0,0.7422912757628486
TERM,11688,11916,0,0.7422912757628486
TERM,11917,12097,0,0.7422912757628486
