channel,start_time,stop_time,label,confidence
TERM,1,271,0,0.7267727692492678
TERM,272,561,0,0.7267727692492678
TERM,562,793,0,0.7267727692492678
TERM,794,857,0,0.7267727692492678
TERM,858,1289,0,0.7267727692492678
TERM,1290,1312,0,0.7267727692492678
TERM,1313,1325,0,0.7267727692492678
TERM,1326,1581,0,0.7267727692492678
TERM,1582,1866,0,0.7267727692492678
TERM,1867,2069,0,0.7267727692492678
TERM,2070,2131,0,0.7267727692492678
TERM,2132,2317,0,0.7267727692492678
TERM,2318,2620,0,0.7267727692492678
TERM,2621,2784,0,0.7267727692492678
TERM,2785,2804,0,0.7267727692492678
TERM,2805,3221,0,0.7267727692492678
TERM,3222,3650,0,0.7267727692492678
TERM,3651,3680,0,0.7267727692492678
TERM,3681,4029,0,0.7267727692492678
TERM,4030,4070,0,0.7267727692492678
TERM,4071,4379,0,0.7267727692492678
TERM,4380,4702,0,0.7267727692492678
TERM,4703,4923,0,0.7267727692492678
TERM,4924,4958,0,0.7267727692492678
TERM,4959,5134,0,0.7267727692492678
TERM,5135,5475,0,0.7267727692492678
TERM,5476,5851,0,0.7267727692492678
TERM,5852,5934,0,0.7267727692492678
TERM,5935,6168,0,0.7267727692492678
TERM,6169,6278,0,0.7267727692492678
TERM,6279,6335,0,0.7267727692492678
TERM,6336,6369,0,0.7267727692492678
TERM,6370,6847,0,0.7267727692492678
TERM,6848,7094,0,0.7267727692492678
TERM,7095,7342,0,0.7267727692492678
TERM,7343,7600,0,0.7267727692492678
TERM,7601,8017,0,0.7267727692492678
TERM,8018,8214,0,0.7267727692492678
TERM,8215,8654,0,0.7267727692492678
TERM,8655,8858,0,0.7267727692492678
TERM,8859,9216,0,0.7267727692492678
TERM,9217,9381,0,0.7267727692492678
TERM,9382,9812,0,0.7267727692492678
TERM,9813,10270,0,0.7267727692492678
TERM,10271,10437,0,0.7267727692492678
TERM,10438,10844,0,0.7267727692492678
TERM,10845,10872,0,0.7267727692492678
TERM,10873,11180,0,0.7267727692492678
TERM,11181,11309,0,0.7267727692492678
TERM,11310,11564,0,0.7267727692492678
TERM,11565,11927,0,0.7267727692492678
TERM,11928,12291,0,0.7267727692492678
TERM,12292,12356,0,0.7267727692492678
TERM,12357,12531,0,0.7267727692492678
TERM,12532,12944,0,0.7267727692492678
TERM,12945,13111,0,0.7267727692492678
TERM,13112,13242,0,0.7267727692492678
TERM,13243,13711,0,0.7267727692492678
TERM,13712,13957,0,0.7267727692492678
TERM,13958,14395,0,0.7267727692492678
TERM,14396,14606,0,0.7267727692492678
TERM,14607,14828,0,0.7267727692492678
TERM,14829,15307,0,0.7267727692492678
TERM,15308,15324,0,0.7267727692492678
TERM,15325,15756,0,0.7267727692492678
